txn_id,timestamp,customer_id,type,amount,recipient_id,channel,country,pattern
T00001,2026-06-01 08:04:00,C036,withdrawal,186.18,SELF,atm,US,normal
T00002,2026-06-01 08:13:00,C031,payment,276.05,M433,card,US,normal
T00003,2026-06-01 08:26:00,C030,withdrawal,157.36,SELF,atm,US,normal
T00004,2026-06-01 08:36:00,C038,payment,276.69,M516,card,US,normal
T00005,2026-06-01 08:54:00,C048,withdrawal,87.63,SELF,atm,US,normal
T00006,2026-06-01 08:59:00,C002,payment,103.15,M614,card,US,normal
T00007,2026-06-01 09:00:00,C028,deposit,276.72,SELF,branch,US,normal
T00008,2026-06-01 09:15:00,C040,payment,196.18,M335,card,US,normal
T00009,2026-06-01 09:18:00,C006,payment,71.54,M275,card,US,normal
T00010,2026-06-01 09:19:00,C031,transfer,216.46,P3148,online,US,normal
T00011,2026-06-01 09:52:00,C026,payment,128.73,M822,card,US,normal
T00012,2026-06-01 10:02:00,C009,transfer,112.35,P7838,online,US,normal
T00013,2026-06-01 10:22:00,C046,transfer,51.65,P5203,online,US,normal
T00014,2026-06-01 10:25:00,C042,transfer,422.17,P3968,online,US,normal
T00015,2026-06-01 10:35:00,C040,payment,208.8,M830,card,US,normal
T00016,2026-06-01 10:49:00,C038,transfer,163.23,P2590,online,US,normal
T00017,2026-06-01 10:54:00,C017,withdrawal,355.66,SELF,atm,US,normal
T00018,2026-06-01 11:27:00,C027,deposit,455.68,SELF,branch,US,normal
T00019,2026-06-01 11:41:00,C016,transfer,219.01,P7141,online,US,normal
T00020,2026-06-01 11:44:00,C044,withdrawal,52.96,SELF,atm,US,normal
T00021,2026-06-01 12:28:00,C028,payment,91.75,M200,card,US,normal
T00022,2026-06-01 12:42:00,C017,deposit,387.75,SELF,branch,US,normal
T00023,2026-06-01 13:09:00,C049,transfer,115.37,P5904,online,US,normal
T00024,2026-06-01 13:10:00,C031,deposit,267.88,SELF,branch,US,normal
T00025,2026-06-01 13:16:00,C034,deposit,164.44,SELF,branch,US,normal
T00026,2026-06-01 13:21:00,C029,payment,66.0,M946,card,US,normal
T00027,2026-06-01 13:22:00,C044,payment,47.68,M983,card,US,normal
T00028,2026-06-01 13:28:00,C011,withdrawal,482.68,SELF,atm,US,normal
T00029,2026-06-01 13:33:00,C039,transfer,112.74,P6969,online,US,normal
T00030,2026-06-01 13:54:00,C032,deposit,200.87,SELF,branch,US,normal
T00031,2026-06-01 13:55:00,C039,transfer,142.86,P4888,online,US,normal
T00032,2026-06-01 14:20:00,C031,payment,125.47,M219,card,US,normal
T00033,2026-06-01 14:30:00,C018,transfer,127.33,P5243,online,US,normal
T00034,2026-06-01 14:48:00,C042,deposit,564.02,SELF,branch,US,normal
T00035,2026-06-01 15:44:00,C042,payment,531.7,M668,card,US,normal
T00036,2026-06-01 15:47:00,C041,payment,163.22,M855,card,US,normal
T00037,2026-06-01 15:56:00,C041,payment,88.43,M129,card,US,normal
T00038,2026-06-01 16:01:00,C030,payment,225.56,M798,card,US,normal
T00039,2026-06-01 16:28:00,C032,payment,63.04,M668,card,US,normal
T00040,2026-06-01 16:29:00,C019,payment,133.49,M131,card,US,normal
T00041,2026-06-01 16:33:00,C020,payment,345.17,M406,card,US,normal
T00042,2026-06-01 16:38:00,C019,payment,56.82,M113,card,US,normal
T00043,2026-06-01 16:40:00,C042,deposit,782.96,SELF,branch,US,normal
T00044,2026-06-01 16:53:00,C042,transfer,277.43,P3968,online,US,normal
T00045,2026-06-01 16:53:00,C040,deposit,518.3,SELF,branch,US,normal
T00046,2026-06-01 16:57:00,C046,transfer,63.73,P8043,online,US,normal
T00047,2026-06-01 17:01:00,C050,payment,92.25,M307,card,US,normal
T00048,2026-06-01 17:21:00,C005,payment,142.83,M907,card,US,normal
T00049,2026-06-01 17:25:00,C032,withdrawal,62.39,SELF,atm,US,normal
T00050,2026-06-01 18:05:00,C003,transfer,290.23,P7456,online,US,normal
T00051,2026-06-01 18:22:00,C032,payment,69.48,M377,card,US,normal
T00052,2026-06-01 18:37:00,C023,deposit,572.09,SELF,branch,US,normal
T00053,2026-06-01 19:27:00,C008,transfer,96.23,P4190,online,US,normal
T00054,2026-06-01 19:53:00,C041,transfer,101.97,P7816,online,US,normal
T00055,2026-06-01 19:54:00,C007,deposit,411.33,SELF,branch,US,normal
T00056,2026-06-01 19:55:00,C023,transfer,110.63,P4127,online,US,normal
T00057,2026-06-01 19:57:00,C020,deposit,428.55,SELF,branch,US,normal
T00058,2026-06-02 08:08:00,C033,deposit,160.81,SELF,branch,US,normal
T00059,2026-06-02 08:13:00,C028,deposit,158.57,SELF,branch,US,normal
T00060,2026-06-02 08:16:00,C024,deposit,588.51,SELF,branch,US,normal
T00061,2026-06-02 08:33:00,C015,transfer,104.7,P8574,online,US,normal
T00062,2026-06-02 08:43:00,C032,deposit,512.61,SELF,branch,US,normal
T00063,2026-06-02 08:58:00,C010,withdrawal,173.26,SELF,atm,US,normal
T00064,2026-06-02 09:06:00,C044,payment,53.66,M256,card,US,normal
T00065,2026-06-02 09:12:00,C016,payment,309.56,M530,card,US,normal
T00066,2026-06-02 09:12:00,C044,payment,124.75,M224,card,US,normal
T00067,2026-06-02 09:43:00,C027,deposit,421.25,SELF,branch,US,normal
T00068,2026-06-02 09:55:00,C041,deposit,136.79,SELF,branch,US,normal
T00069,2026-06-02 09:59:00,C027,payment,107.68,M978,card,US,normal
T00070,2026-06-02 10:24:00,C050,withdrawal,116.79,SELF,atm,US,normal
T00071,2026-06-02 10:54:00,C013,payment,145.95,M102,card,US,normal
T00072,2026-06-02 11:14:00,C013,payment,121.86,M405,card,US,normal
T00073,2026-06-02 11:18:00,C038,payment,409.72,M785,card,US,normal
T00074,2026-06-02 11:27:00,C046,payment,119.25,M716,card,US,normal
T00075,2026-06-02 11:49:00,C009,deposit,387.92,SELF,branch,US,normal
T00076,2026-06-02 12:01:00,C036,withdrawal,65.74,SELF,atm,US,normal
T00077,2026-06-02 12:16:00,C022,transfer,121.71,P1815,online,US,normal
T00078,2026-06-02 12:21:00,C033,transfer,65.47,P9176,online,US,normal
T00079,2026-06-02 12:27:00,C030,transfer,279.47,P7266,online,US,normal
T00080,2026-06-02 12:43:00,C030,payment,193.62,M653,card,US,normal
T00081,2026-06-02 13:32:00,C008,deposit,277.13,SELF,branch,US,normal
T00082,2026-06-02 13:42:00,C015,transfer,310.17,P8242,online,US,normal
T00083,2026-06-02 13:42:00,C024,transfer,189.76,P9932,online,US,normal
T00084,2026-06-02 13:46:00,C050,payment,95.28,M731,card,US,normal
T00085,2026-06-02 13:48:00,C036,withdrawal,156.66,SELF,atm,US,normal
T00086,2026-06-02 13:49:00,C048,deposit,678.53,SELF,branch,US,normal
T00087,2026-06-02 13:56:00,C006,payment,99.88,M594,card,US,normal
T00088,2026-06-02 13:59:00,C033,payment,36.9,M486,card,US,normal
T00089,2026-06-02 14:25:00,C037,payment,165.72,M372,card,US,normal
T00090,2026-06-02 15:04:00,C012,payment,116.3,M272,card,US,normal
T00091,2026-06-02 15:08:00,C018,transfer,124.19,P6982,online,US,normal
T00092,2026-06-02 15:17:00,C041,transfer,103.89,P7816,online,US,normal
T00093,2026-06-02 15:23:00,C002,payment,172.78,M509,card,US,normal
T00094,2026-06-02 16:16:00,C038,payment,126.37,M412,card,US,normal
T00095,2026-06-02 16:21:00,C009,deposit,303.58,SELF,branch,US,normal
T00096,2026-06-02 16:24:00,C007,deposit,789.76,SELF,branch,US,normal
T00097,2026-06-02 17:07:00,C026,transfer,163.51,P6012,online,US,normal
T00098,2026-06-02 17:13:00,C007,transfer,264.76,P6684,online,US,normal
T00099,2026-06-02 17:25:00,C017,transfer,175.3,P8243,online,US,normal
T00100,2026-06-02 18:02:00,C048,payment,298.29,M455,card,US,normal
T00101,2026-06-02 18:04:00,C012,payment,57.24,M196,card,US,normal
T00102,2026-06-02 18:28:00,C021,payment,70.78,M737,card,US,normal
T00103,2026-06-02 19:09:00,C050,payment,117.22,M425,card,US,normal
T00104,2026-06-02 19:10:00,C044,transfer,65.26,P9906,online,US,normal
T00105,2026-06-02 19:16:00,C027,deposit,708.7,SELF,branch,US,normal
T00106,2026-06-02 19:21:00,C036,payment,149.92,M288,card,US,normal
T00107,2026-06-02 19:28:00,C022,transfer,257.96,P1815,online,US,normal
T00108,2026-06-02 19:51:00,C007,payment,247.38,M606,card,US,normal
T00109,2026-06-03 08:14:00,C014,transfer,121.0,P4933,online,US,normal
T00110,2026-06-03 08:37:00,C013,transfer,124.11,P5280,online,US,normal
T00111,2026-06-03 08:39:00,C019,deposit,239.44,SELF,branch,US,normal
T00112,2026-06-03 08:50:00,C042,transfer,442.73,P2693,online,US,normal
T00113,2026-06-03 08:50:00,C039,payment,150.52,M866,card,US,normal
T00114,2026-06-03 08:52:00,C004,transfer,65.26,P9339,online,US,normal
T00115,2026-06-03 09:17:00,C039,transfer,60.14,P4888,online,US,normal
T00116,2026-06-03 09:28:00,C026,payment,212.78,M990,card,US,normal
T00117,2026-06-03 10:13:00,C048,payment,170.86,M863,card,US,normal
T00118,2026-06-03 10:16:00,C024,payment,245.92,M890,card,US,normal
T00119,2026-06-03 10:19:00,C008,payment,146.99,M851,card,US,normal
T00120,2026-06-03 10:44:00,C050,payment,126.26,M699,card,US,normal
T00121,2026-06-03 10:53:00,C041,transfer,57.19,P4741,online,US,normal
T00122,2026-06-03 11:08:00,C043,transfer,249.83,P2576,online,US,normal
T00123,2026-06-03 11:10:00,C035,payment,131.51,M263,card,US,normal
T00124,2026-06-03 11:19:00,C046,deposit,101.92,SELF,branch,US,normal
T00125,2026-06-03 11:20:00,C003,payment,123.53,M262,card,US,normal
T00126,2026-06-03 11:41:00,C043,transfer,222.08,P6288,online,US,normal
T00127,2026-06-03 11:43:00,C047,transfer,186.77,P7039,online,US,normal
T00128,2026-06-03 11:50:00,C042,payment,251.03,M620,card,US,normal
T00129,2026-06-03 12:12:00,C041,withdrawal,80.52,SELF,atm,US,normal
T00130,2026-06-03 12:20:00,C010,transfer,259.03,P7689,online,US,normal
T00131,2026-06-03 12:32:00,C031,deposit,175.59,SELF,branch,US,normal
T00132,2026-06-03 12:53:00,C045,transfer,38.14,P6317,online,US,normal
T00133,2026-06-03 13:15:00,C013,transfer,181.4,P5280,online,US,normal
T00134,2026-06-03 13:40:00,C011,payment,415.44,M273,card,US,normal
T00135,2026-06-03 14:18:00,C016,deposit,483.54,SELF,branch,US,normal
T00136,2026-06-03 14:35:00,C047,payment,436.72,M775,card,US,normal
T00137,2026-06-03 14:40:00,C046,withdrawal,53.38,SELF,atm,US,normal
T00138,2026-06-03 15:12:00,C015,payment,421.72,M682,card,US,normal
T00139,2026-06-03 16:18:00,C034,payment,94.93,M709,card,US,normal
T00140,2026-06-03 16:21:00,C034,payment,135.91,M861,card,US,normal
T00141,2026-06-03 16:30:00,C008,transfer,325.26,P1611,online,US,normal
T00142,2026-06-03 17:08:00,C048,payment,169.39,M925,card,US,normal
T00143,2026-06-03 17:10:00,C041,payment,99.84,M707,card,US,normal
T00144,2026-06-03 17:12:00,C044,payment,105.87,M893,card,US,normal
T00145,2026-06-03 17:25:00,C032,payment,49.69,M960,card,US,normal
T00146,2026-06-03 17:34:00,C040,transfer,80.19,P6256,online,US,normal
T00147,2026-06-03 17:34:00,C008,payment,199.09,M770,card,US,normal
T00148,2026-06-03 17:46:00,C047,deposit,974.34,SELF,branch,US,normal
T00149,2026-06-03 17:50:00,C036,deposit,415.96,SELF,branch,US,normal
T00150,2026-06-03 17:55:00,C050,payment,52.67,M476,card,US,normal
T00151,2026-06-03 18:15:00,C048,payment,305.69,M147,card,US,normal
T00152,2026-06-03 19:18:00,C028,transfer,81.77,P1955,online,US,normal
T00153,2026-06-03 19:19:00,C001,deposit,747.58,SELF,branch,US,normal
T00154,2026-06-03 19:24:00,C035,transfer,103.78,P8100,online,US,normal
T00155,2026-06-03 19:43:00,C007,payment,240.07,M867,card,US,normal
T00156,2026-06-03 19:58:00,C047,payment,441.7,M206,card,US,normal
T00157,2026-06-04 08:01:00,C030,withdrawal,118.37,SELF,atm,US,normal
T00158,2026-06-04 08:03:00,C012,payment,127.62,M714,card,US,normal
T00159,2026-06-04 08:05:00,C019,withdrawal,106.46,SELF,atm,US,normal
T00160,2026-06-04 08:07:00,C048,payment,307.78,M589,card,US,normal
T00161,2026-06-04 08:13:00,C040,payment,111.5,M867,card,US,normal
T00162,2026-06-04 08:17:00,C005,payment,198.77,M770,card,US,normal
T00163,2026-06-04 08:30:00,C045,payment,95.96,M466,card,US,normal
T00164,2026-06-04 09:00:00,C040,transfer,122.34,P1852,online,US,normal
T00165,2026-06-04 09:17:00,C004,transfer,69.45,P9339,online,US,normal
T00166,2026-06-04 09:58:00,C015,deposit,869.8,SELF,branch,US,normal
T00167,2026-06-04 10:02:00,C047,payment,120.7,M120,card,US,normal
T00168,2026-06-04 10:03:00,C044,withdrawal,54.86,SELF,atm,US,normal
T00169,2026-06-04 10:06:00,C043,payment,204.28,M315,card,US,normal
T00170,2026-06-04 10:51:00,C028,payment,127.14,M853,card,US,normal
T00171,2026-06-04 10:58:00,C012,transfer,36.69,P5225,online,US,normal
T00172,2026-06-04 11:00:00,C038,payment,156.01,M246,card,US,normal
T00173,2026-06-04 11:07:00,C005,withdrawal,92.61,SELF,atm,US,normal
T00174,2026-06-04 11:24:00,C038,deposit,280.1,SELF,branch,US,normal
T00175,2026-06-04 11:46:00,C027,payment,245.38,M645,card,US,normal
T00176,2026-06-04 11:55:00,C024,transfer,242.49,P9932,online,US,normal
T00177,2026-06-04 12:09:00,C002,payment,238.82,M307,card,US,normal
T00178,2026-06-04 12:29:00,C010,withdrawal,289.6,SELF,atm,US,normal
T00179,2026-06-04 13:11:00,C049,deposit,624.95,SELF,branch,US,normal
T00180,2026-06-04 13:16:00,C007,deposit,878.32,SELF,branch,US,normal
T00181,2026-06-04 13:24:00,C017,deposit,390.65,SELF,branch,US,normal
T00182,2026-06-04 13:28:00,C042,payment,323.49,M807,card,US,normal
T00183,2026-06-04 13:43:00,C028,transfer,174.18,P4008,online,US,normal
T00184,2026-06-04 14:12:00,C031,transfer,126.19,P3713,online,US,normal
T00185,2026-06-04 15:09:00,C044,deposit,327.04,SELF,branch,US,normal
T00186,2026-06-04 15:24:00,C041,withdrawal,41.7,SELF,atm,US,normal
T00187,2026-06-04 16:12:00,C018,transfer,135.54,P7345,online,US,normal
T00188,2026-06-04 16:47:00,C036,payment,76.63,M746,card,US,normal
T00189,2026-06-04 17:21:00,C040,payment,318.07,M970,card,US,normal
T00190,2026-06-04 17:32:00,C037,withdrawal,217.36,SELF,atm,US,normal
T00191,2026-06-04 17:34:00,C005,transfer,69.82,P8404,online,US,normal
T00192,2026-06-04 17:49:00,C048,payment,166.29,M207,card,US,normal
T00193,2026-06-04 17:49:00,C037,transfer,383.1,P3753,online,US,normal
T00194,2026-06-04 18:04:00,C036,payment,135.71,M141,card,US,normal
T00195,2026-06-04 18:22:00,C050,withdrawal,113.35,SELF,atm,US,normal
T00196,2026-06-04 18:34:00,C041,payment,182.13,M166,card,US,normal
T00197,2026-06-04 18:44:00,C009,transfer,127.24,P5200,online,US,normal
T00198,2026-06-04 18:52:00,C036,payment,150.55,M598,card,US,normal
T00199,2026-06-04 19:05:00,C043,withdrawal,144.26,SELF,atm,US,normal
T00200,2026-06-04 19:10:00,C001,transfer,175.3,P8726,online,US,normal
T00201,2026-06-04 19:59:00,C032,withdrawal,48.75,SELF,atm,US,normal
T00202,2026-06-05 08:04:00,C013,transfer,59.71,P7177,online,US,normal
T00203,2026-06-05 08:09:00,C007,payment,133.56,M143,card,US,normal
T00204,2026-06-05 08:18:00,C025,payment,71.91,M182,card,US,normal
T00205,2026-06-05 08:37:00,C022,transfer,205.71,P8153,online,US,normal
T00206,2026-06-05 08:59:00,C031,payment,111.92,M661,card,US,normal
T00207,2026-06-05 09:23:00,C019,transfer,93.5,P6118,online,US,normal
T00208,2026-06-05 09:32:00,C012,transfer,83.85,P5225,online,US,normal
T00209,2026-06-05 09:41:00,C030,deposit,995.62,SELF,branch,US,normal
T00210,2026-06-05 10:10:00,C045,transfer,68.16,P3652,online,US,normal
T00211,2026-06-05 10:17:00,C024,payment,263.27,M164,card,US,normal
T00212,2026-06-05 10:33:00,C025,deposit,377.71,SELF,branch,US,normal
T00213,2026-06-05 10:44:00,C013,payment,92.77,M634,card,US,normal
T00214,2026-06-05 11:10:00,C005,transfer,82.06,P5908,online,US,normal
T00215,2026-06-05 11:21:00,C050,payment,59.67,M506,card,US,normal
T00216,2026-06-05 11:23:00,C026,deposit,668.05,SELF,branch,US,normal
T00217,2026-06-05 11:46:00,C037,transfer,161.61,P3753,online,US,normal
T00218,2026-06-05 12:15:00,C015,transfer,85.21,P4916,online,US,normal
T00219,2026-06-05 12:15:00,C037,payment,254.72,M260,card,US,normal
T00220,2026-06-05 12:39:00,C037,deposit,394.53,SELF,branch,US,normal
T00221,2026-06-05 13:14:00,C048,transfer,160.99,P5879,online,US,normal
T00222,2026-06-05 13:15:00,C017,payment,365.7,M655,card,US,normal
T00223,2026-06-05 13:23:00,C043,payment,247.77,M807,card,US,normal
T00224,2026-06-05 13:24:00,C025,payment,53.98,M495,card,US,normal
T00225,2026-06-05 13:29:00,C007,payment,212.41,M969,card,US,normal
T00226,2026-06-05 13:34:00,C032,payment,35.75,M136,card,US,normal
T00227,2026-06-05 13:35:00,C034,transfer,68.98,P3392,online,US,normal
T00228,2026-06-05 13:35:00,C032,payment,39.73,M988,card,US,normal
T00229,2026-06-05 13:39:00,C026,transfer,69.89,P6956,online,US,normal
T00230,2026-06-05 14:35:00,C007,deposit,1666.68,SELF,branch,US,normal
T00231,2026-06-05 14:48:00,C032,deposit,122.93,SELF,branch,US,normal
T00232,2026-06-05 14:58:00,C049,transfer,125.6,P5904,online,US,normal
T00233,2026-06-05 15:09:00,C004,transfer,176.29,P2642,online,US,normal
T00234,2026-06-05 15:13:00,C007,deposit,1006.44,SELF,branch,US,normal
T00235,2026-06-05 15:21:00,C023,deposit,433.97,SELF,branch,US,normal
T00236,2026-06-05 15:22:00,C014,payment,129.77,M387,card,US,normal
T00237,2026-06-05 15:51:00,C028,deposit,246.2,SELF,branch,US,normal
T00238,2026-06-05 15:52:00,C029,payment,45.7,M979,card,US,normal
T00239,2026-06-05 15:54:00,C046,payment,94.26,M152,card,US,normal
T00240,2026-06-05 16:06:00,C007,transfer,216.52,P3490,online,US,normal
T00241,2026-06-05 16:07:00,C026,payment,190.72,M397,card,US,normal
T00242,2026-06-05 16:13:00,C040,payment,149.03,M510,card,US,normal
T00243,2026-06-05 16:29:00,C008,deposit,426.7,SELF,branch,US,normal
T00244,2026-06-05 16:41:00,C040,payment,127.53,M545,card,US,normal
T00245,2026-06-05 16:43:00,C025,deposit,203.62,SELF,branch,US,normal
T00246,2026-06-05 16:58:00,C028,payment,113.21,M848,card,US,normal
T00247,2026-06-05 17:16:00,C032,transfer,43.21,P9636,online,US,normal
T00248,2026-06-05 17:31:00,C007,payment,193.74,M828,card,US,normal
T00249,2026-06-05 17:39:00,C028,deposit,250.14,SELF,branch,US,normal
T00250,2026-06-05 17:41:00,C033,transfer,96.47,P4296,online,US,normal
T00251,2026-06-05 17:43:00,C011,payment,677.87,M894,card,US,normal
T00252,2026-06-05 17:46:00,C050,transfer,208.31,P4272,online,US,normal
T00253,2026-06-05 17:49:00,C043,transfer,301.11,P8140,online,US,normal
T00254,2026-06-05 17:53:00,C003,transfer,131.77,P8073,online,US,normal
T00255,2026-06-05 17:56:00,C033,deposit,224.75,SELF,branch,US,normal
T00256,2026-06-05 18:00:00,C039,payment,186.51,M906,card,US,normal
T00257,2026-06-05 18:49:00,C005,payment,178.54,M289,card,US,normal
T00258,2026-06-05 18:57:00,C008,withdrawal,147.18,SELF,atm,US,normal
T00259,2026-06-05 19:05:00,C042,transfer,323.5,P3968,online,US,normal
T00260,2026-06-05 19:11:00,C009,withdrawal,125.81,SELF,atm,US,normal
T00261,2026-06-05 19:15:00,C040,transfer,219.32,P6256,online,US,normal
T00262,2026-06-05 19:19:00,C023,transfer,119.46,P4127,online,US,normal
T00263,2026-06-05 19:23:00,C050,payment,99.63,M581,card,US,normal
T00264,2026-06-05 19:43:00,C009,payment,225.99,M894,card,US,normal
T00265,2026-06-06 08:08:00,C017,transfer,260.41,P1066,online,US,normal
T00266,2026-06-06 08:16:00,C015,transfer,131.98,P8489,online,US,normal
T00267,2026-06-06 08:19:00,C002,transfer,160.45,P1847,online,US,normal
T00268,2026-06-06 08:34:00,C045,payment,114.33,M988,card,US,normal
T00269,2026-06-06 08:37:00,C048,transfer,126.83,P6144,online,US,normal
T00270,2026-06-06 09:06:00,C001,deposit,509.78,SELF,branch,US,normal
T00271,2026-06-06 09:40:00,C006,withdrawal,91.34,SELF,atm,US,normal
T00272,2026-06-06 10:53:00,C026,withdrawal,160.55,SELF,atm,US,normal
T00273,2026-06-06 10:57:00,C047,transfer,382.85,P5379,online,US,normal
T00274,2026-06-06 11:04:00,C018,payment,208.42,M226,card,US,normal
T00275,2026-06-06 11:27:00,C028,payment,81.69,M820,card,US,normal
T00276,2026-06-06 11:29:00,C034,payment,249.57,M574,card,US,normal
T00277,2026-06-06 11:38:00,C031,payment,199.25,M476,card,US,normal
T00278,2026-06-06 11:39:00,C046,payment,77.17,M928,card,US,normal
T00279,2026-06-06 11:40:00,C030,payment,154.31,M148,card,US,normal
T00280,2026-06-06 11:42:00,C015,deposit,600.73,SELF,branch,US,normal
T00281,2026-06-06 11:48:00,C047,payment,275.88,M215,card,US,normal
T00282,2026-06-06 11:53:00,C046,payment,53.8,M112,card,US,normal
T00283,2026-06-06 12:03:00,C021,withdrawal,38.37,SELF,atm,US,normal
T00284,2026-06-06 12:06:00,C037,withdrawal,565.06,SELF,atm,US,normal
T00285,2026-06-06 12:10:00,C023,payment,97.48,M823,card,US,normal
T00286,2026-06-06 12:27:00,C011,deposit,1612.57,SELF,branch,US,normal
T00287,2026-06-06 12:31:00,C036,deposit,263.72,SELF,branch,US,normal
T00288,2026-06-06 12:39:00,C001,payment,194.53,M566,card,US,normal
T00289,2026-06-06 12:41:00,C045,payment,98.99,M127,card,US,normal
T00290,2026-06-06 13:04:00,C043,payment,244.35,M722,card,US,normal
T00291,2026-06-06 13:09:00,C040,payment,136.59,M307,card,US,normal
T00292,2026-06-06 13:13:00,C022,payment,202.88,M300,card,US,normal
T00293,2026-06-06 13:21:00,C010,payment,141.73,M490,card,US,normal
T00294,2026-06-06 13:56:00,C030,payment,91.53,M381,card,US,normal
T00295,2026-06-06 13:57:00,C017,withdrawal,295.38,SELF,atm,US,normal
T00296,2026-06-06 13:58:00,C027,deposit,606.96,SELF,branch,US,normal
T00297,2026-06-06 14:01:00,C044,transfer,109.27,P6228,online,US,normal
T00298,2026-06-06 14:04:00,C040,withdrawal,200.8,SELF,atm,US,normal
T00299,2026-06-06 14:20:00,C008,deposit,399.32,SELF,branch,US,normal
T00300,2026-06-06 14:22:00,C024,payment,330.82,M132,card,US,normal
T00301,2026-06-06 14:32:00,C007,payment,229.51,M758,card,US,normal
T00302,2026-06-06 15:09:00,C026,payment,213.59,M601,card,US,normal
T00303,2026-06-06 15:23:00,C018,transfer,117.07,P6982,online,US,normal
T00304,2026-06-06 15:24:00,C006,withdrawal,111.79,SELF,atm,US,normal
T00305,2026-06-06 15:24:00,C003,payment,77.67,M513,card,US,normal
T00306,2026-06-06 15:43:00,C049,payment,248.53,M867,card,US,normal
T00307,2026-06-06 15:51:00,C023,transfer,157.73,P4930,online,US,normal
T00308,2026-06-06 15:52:00,C035,withdrawal,78.28,SELF,atm,US,normal
T00309,2026-06-06 16:00:00,C011,transfer,284.54,P9706,online,US,normal
T00310,2026-06-06 16:02:00,C025,payment,68.86,M670,card,US,normal
T00311,2026-06-06 16:10:00,C041,payment,125.18,M243,card,US,normal
T00312,2026-06-06 16:22:00,C001,payment,211.52,M762,card,US,normal
T00313,2026-06-06 16:32:00,C039,transfer,95.23,P6969,online,US,normal
T00314,2026-06-06 16:34:00,C025,payment,59.47,M108,card,US,normal
T00315,2026-06-06 16:49:00,C014,payment,170.19,M611,card,US,normal
T00316,2026-06-06 16:50:00,C038,payment,217.24,M890,card,US,normal
T00317,2026-06-06 17:09:00,C042,deposit,794.94,SELF,branch,US,normal
T00318,2026-06-06 17:19:00,C021,payment,61.29,M588,card,US,normal
T00319,2026-06-06 17:36:00,C037,deposit,756.88,SELF,branch,US,normal
T00320,2026-06-06 17:51:00,C037,transfer,279.17,P3753,online,US,normal
T00321,2026-06-06 17:52:00,C036,transfer,109.63,P1867,online,US,normal
T00322,2026-06-06 18:07:00,C046,transfer,28.65,P5340,online,US,normal
T00323,2026-06-06 18:25:00,C019,payment,96.06,M601,card,US,normal
T00324,2026-06-06 18:37:00,C006,withdrawal,130.66,SELF,atm,US,normal
T00325,2026-06-06 18:57:00,C014,transfer,138.34,P9461,online,US,normal
T00326,2026-06-06 19:10:00,C028,transfer,149.3,P1204,online,US,normal
T00327,2026-06-06 19:18:00,C006,payment,84.89,M493,card,US,normal
T00328,2026-06-06 19:27:00,C024,deposit,682.08,SELF,branch,US,normal
T00329,2026-06-07 08:05:00,C031,payment,283.16,M997,card,US,normal
T00330,2026-06-07 08:15:00,C035,deposit,667.06,SELF,branch,US,normal
T00331,2026-06-07 08:28:00,C044,deposit,294.86,SELF,branch,US,normal
T00332,2026-06-07 08:38:00,C024,transfer,237.09,P9932,online,US,normal
T00333,2026-06-07 08:47:00,C026,transfer,170.04,P2136,online,US,normal
T00334,2026-06-07 08:49:00,C010,withdrawal,161.78,SELF,atm,US,normal
T00335,2026-06-07 08:54:00,C037,payment,186.1,M917,card,US,normal
T00336,2026-06-07 09:09:00,C029,payment,82.69,M290,card,US,normal
T00337,2026-06-07 09:10:00,C032,transfer,75.07,P9636,online,US,normal
T00338,2026-06-07 09:12:00,C003,withdrawal,111.76,SELF,atm,US,normal
T00339,2026-06-07 09:27:00,C006,transfer,121.38,P8990,online,US,normal
T00340,2026-06-07 09:34:00,C003,payment,127.24,M460,card,US,normal
T00341,2026-06-07 09:40:00,C018,transfer,153.13,P5243,online,US,normal
T00342,2026-06-07 09:40:00,C016,transfer,112.59,P7141,online,US,normal
T00343,2026-06-07 09:52:00,C040,payment,291.24,M443,card,US,normal
T00344,2026-06-07 09:59:00,C050,payment,140.75,M455,card,US,normal
T00345,2026-06-07 10:02:00,C004,deposit,222.79,SELF,branch,US,normal
T00346,2026-06-07 10:13:00,C011,payment,782.25,M655,card,US,normal
T00347,2026-06-07 10:22:00,C032,withdrawal,50.63,SELF,atm,US,normal
T00348,2026-06-07 10:25:00,C043,payment,154.85,M723,card,US,normal
T00349,2026-06-07 10:34:00,C042,deposit,773.33,SELF,branch,US,normal
T00350,2026-06-07 10:36:00,C031,payment,100.74,M111,card,US,normal
T00351,2026-06-07 10:42:00,C016,payment,171.63,M822,card,US,normal
T00352,2026-06-07 10:42:00,C025,payment,47.57,M667,card,US,normal
T00353,2026-06-07 10:48:00,C041,transfer,90.28,P4741,online,US,normal
T00354,2026-06-07 10:54:00,C002,payment,409.75,M637,card,US,normal
T00355,2026-06-07 11:04:00,C035,transfer,136.99,P7451,online,US,normal
T00356,2026-06-07 11:33:00,C019,deposit,416.66,SELF,branch,US,normal
T00357,2026-06-07 11:45:00,C021,payment,50.41,M875,card,US,normal
T00358,2026-06-07 12:00:00,C010,withdrawal,154.58,SELF,atm,US,normal
T00359,2026-06-07 12:04:00,C012,payment,167.71,M602,card,US,normal
T00360,2026-06-07 12:18:00,C031,payment,122.82,M114,card,US,normal
T00361,2026-06-07 12:27:00,C010,deposit,314.97,SELF,branch,US,normal
T00362,2026-06-07 12:33:00,C016,payment,106.56,M910,card,US,normal
T00363,2026-06-07 12:54:00,C014,payment,62.83,M583,card,US,normal
T00364,2026-06-07 12:59:00,C023,payment,53.38,M864,card,US,normal
T00365,2026-06-07 13:04:00,C034,deposit,167.9,SELF,branch,US,normal
T00366,2026-06-07 13:05:00,C004,payment,83.97,M660,card,US,normal
T00367,2026-06-07 13:07:00,C037,payment,270.5,M238,card,US,normal
T00368,2026-06-07 13:12:00,C044,deposit,249.39,SELF,branch,US,normal
T00369,2026-06-07 13:33:00,C049,deposit,521.25,SELF,branch,US,normal
T00370,2026-06-07 13:51:00,C025,deposit,204.81,SELF,branch,US,normal
T00371,2026-06-07 13:52:00,C024,transfer,379.23,P9932,online,US,normal
T00372,2026-06-07 14:02:00,C012,withdrawal,88.66,SELF,atm,US,normal
T00373,2026-06-07 14:03:00,C029,payment,142.96,M132,card,US,normal
T00374,2026-06-07 14:22:00,C012,transfer,66.19,P5225,online,US,normal
T00375,2026-06-07 14:31:00,C049,deposit,402.19,SELF,branch,US,normal
T00376,2026-06-07 14:40:00,C015,payment,294.85,M330,card,US,normal
T00377,2026-06-07 14:52:00,C028,payment,124.07,M766,card,US,normal
T00378,2026-06-07 14:58:00,C028,transfer,79.83,P1955,online,US,normal
T00379,2026-06-07 15:11:00,C020,deposit,1399.54,SELF,branch,US,normal
T00380,2026-06-07 15:14:00,C025,transfer,59.01,P8394,online,US,normal
T00381,2026-06-07 15:32:00,C014,deposit,398.77,SELF,branch,US,normal
T00382,2026-06-07 15:40:00,C014,transfer,145.15,P9461,online,US,normal
T00383,2026-06-07 15:58:00,C030,deposit,538.36,SELF,branch,US,normal
T00384,2026-06-07 16:08:00,C047,deposit,858.84,SELF,branch,US,normal
T00385,2026-06-07 16:19:00,C002,transfer,468.16,P1847,online,US,normal
T00386,2026-06-07 16:24:00,C033,deposit,167.07,SELF,branch,US,normal
T00387,2026-06-07 16:30:00,C013,transfer,276.22,P5280,online,US,normal
T00388,2026-06-07 16:34:00,C047,payment,117.94,M834,card,US,normal
T00389,2026-06-07 16:45:00,C050,payment,251.05,M133,card,US,normal
T00390,2026-06-07 16:46:00,C004,payment,61.63,M848,card,US,normal
T00391,2026-06-07 17:24:00,C035,payment,109.58,M105,card,US,normal
T00392,2026-06-07 17:52:00,C049,deposit,529.72,SELF,branch,US,normal
T00393,2026-06-07 17:58:00,C003,deposit,385.87,SELF,branch,US,normal
T00394,2026-06-07 18:09:00,C001,payment,355.06,M335,card,US,normal
T00395,2026-06-07 18:13:00,C049,deposit,804.85,SELF,branch,US,normal
T00396,2026-06-07 18:17:00,C011,transfer,787.13,P4697,online,US,normal
T00397,2026-06-07 18:21:00,C029,withdrawal,52.77,SELF,atm,US,normal
T00398,2026-06-07 18:51:00,C034,withdrawal,77.65,SELF,atm,US,normal
T00399,2026-06-07 18:52:00,C006,payment,157.09,M329,card,US,normal
T00400,2026-06-07 19:42:00,C011,transfer,777.34,P9706,online,US,normal
T00401,2026-06-07 19:43:00,C029,deposit,243.47,SELF,branch,US,normal
T00402,2026-06-07 19:50:00,C031,transfer,250.26,P3713,online,US,normal
T00403,2026-06-07 19:51:00,C005,deposit,671.37,SELF,branch,US,normal
T00404,2026-06-08 08:17:00,C031,transfer,74.56,P7152,online,US,normal
T00405,2026-06-08 08:22:00,C030,deposit,363.5,SELF,branch,US,normal
T00406,2026-06-08 08:49:00,C032,withdrawal,83.92,SELF,atm,US,normal
T00407,2026-06-08 08:57:00,C019,payment,111.17,M257,card,US,normal
T00408,2026-06-08 09:03:00,C025,deposit,559.6,SELF,branch,US,normal
T00409,2026-06-08 09:06:00,C007,payment,574.0,M896,card,US,normal
T00410,2026-06-08 09:21:00,C021,deposit,228.47,SELF,branch,US,normal
T00411,2026-06-08 09:23:00,C027,deposit,484.98,SELF,branch,US,normal
T00412,2026-06-08 09:27:00,C045,payment,38.58,M975,card,US,normal
T00413,2026-06-08 09:36:00,C002,payment,312.14,M272,card,US,normal
T00414,2026-06-08 10:11:00,C025,transfer,41.04,P8394,online,US,normal
T00415,2026-06-08 10:19:00,C027,deposit,478.33,SELF,branch,US,normal
T00416,2026-06-08 10:42:00,C027,deposit,248.85,SELF,branch,US,normal
T00417,2026-06-08 10:52:00,C033,deposit,150.87,SELF,branch,US,normal
T00418,2026-06-08 11:00:00,C048,payment,131.3,M155,card,US,normal
T00419,2026-06-08 11:07:00,C016,deposit,322.53,SELF,branch,US,normal
T00420,2026-06-08 11:08:00,C011,payment,407.95,M695,card,US,normal
T00421,2026-06-08 11:11:00,C015,payment,155.72,M854,card,US,normal
T00422,2026-06-08 11:40:00,C033,payment,93.57,M353,card,US,normal
T00423,2026-06-08 11:41:00,C049,transfer,124.23,P3983,online,US,normal
T00424,2026-06-08 11:55:00,C047,payment,193.35,M661,card,US,normal
T00425,2026-06-08 12:49:00,C050,deposit,239.28,SELF,branch,US,normal
T00426,2026-06-08 13:04:00,C025,payment,54.7,M519,card,US,normal
T00427,2026-06-08 13:23:00,C025,withdrawal,67.52,SELF,atm,US,normal
T00428,2026-06-08 13:49:00,C020,payment,175.67,M616,card,US,normal
T00429,2026-06-08 13:59:00,C008,deposit,431.06,SELF,branch,US,normal
T00430,2026-06-08 14:00:00,C036,transfer,88.27,P5022,online,US,normal
T00431,2026-06-08 14:19:00,C031,payment,135.94,M867,card,US,normal
T00432,2026-06-08 14:47:00,C008,payment,102.67,M790,card,US,normal
T00433,2026-06-08 14:47:00,C013,transfer,101.9,P5280,online,US,normal
T00434,2026-06-08 14:47:00,C048,payment,184.38,M943,card,US,normal
T00435,2026-06-08 14:55:00,C031,deposit,354.84,SELF,branch,US,normal
T00436,2026-06-08 15:03:00,C006,payment,77.37,M130,card,US,normal
T00437,2026-06-08 15:16:00,C023,payment,78.82,M262,card,US,normal
T00438,2026-06-08 15:17:00,C027,payment,165.66,M815,card,US,normal
T00439,2026-06-08 15:20:00,C009,payment,130.63,M508,card,US,normal
T00440,2026-06-08 15:28:00,C006,transfer,114.16,P5990,online,US,normal
T00441,2026-06-08 16:04:00,C027,payment,241.35,M789,card,US,normal
T00442,2026-06-08 16:11:00,C026,payment,144.06,M357,card,US,normal
T00443,2026-06-08 16:21:00,C044,payment,85.21,M738,card,US,normal
T00444,2026-06-08 16:53:00,C019,transfer,89.31,P1335,online,US,normal
T00445,2026-06-08 17:13:00,C012,deposit,273.64,SELF,branch,US,normal
T00446,2026-06-08 17:22:00,C040,payment,159.75,M300,card,US,normal
T00447,2026-06-08 17:23:00,C003,withdrawal,165.89,SELF,atm,US,normal
T00448,2026-06-08 17:35:00,C043,payment,382.23,M612,card,US,normal
T00449,2026-06-08 18:09:00,C032,payment,40.73,M272,card,US,normal
T00450,2026-06-08 18:09:00,C010,deposit,311.8,SELF,branch,US,normal
T00451,2026-06-08 18:20:00,C049,payment,218.84,M919,card,US,normal
T00452,2026-06-08 18:20:00,C010,payment,206.34,M717,card,US,normal
T00453,2026-06-08 18:28:00,C049,payment,134.09,M942,card,US,normal
T00454,2026-06-08 18:36:00,C010,payment,199.86,M719,card,US,normal
T00455,2026-06-08 18:43:00,C027,payment,156.24,M601,card,US,normal
T00456,2026-06-08 18:44:00,C005,payment,126.92,M589,card,US,normal
T00457,2026-06-08 18:58:00,C030,deposit,692.71,SELF,branch,US,normal
T00458,2026-06-08 19:06:00,C037,payment,356.14,M235,card,US,normal
T00459,2026-06-08 19:07:00,C021,withdrawal,43.64,SELF,atm,US,normal
T00460,2026-06-08 19:21:00,C009,withdrawal,126.36,SELF,atm,US,normal
T00461,2026-06-08 19:29:00,C004,transfer,100.18,P9339,online,US,normal
T00462,2026-06-08 19:32:00,C014,deposit,385.38,SELF,branch,US,normal
T00463,2026-06-08 19:41:00,C020,deposit,847.92,SELF,branch,US,normal
T00464,2026-06-08 19:41:00,C041,payment,66.54,M245,card,US,normal
T00465,2026-06-09 08:16:00,C038,transfer,132.52,P8708,online,US,normal
T00466,2026-06-09 08:17:00,C024,payment,294.79,M225,card,US,normal
T00467,2026-06-09 08:31:00,C022,withdrawal,282.41,SELF,atm,US,normal
T00468,2026-06-09 09:47:00,C003,payment,205.2,M982,card,US,normal
T00469,2026-06-09 09:52:00,C023,payment,57.72,M229,card,US,normal
T00470,2026-06-09 09:54:00,C006,payment,67.59,M739,card,US,normal
T00471,2026-06-09 09:58:00,C009,payment,157.87,M729,card,US,normal
T00472,2026-06-09 10:01:00,C005,deposit,1004.64,SELF,branch,US,normal
T00473,2026-06-09 10:06:00,C039,transfer,114.41,P7474,online,US,normal
T00474,2026-06-09 10:09:00,C031,deposit,601.11,SELF,branch,US,normal
T00475,2026-06-09 10:13:00,C001,payment,203.95,M550,card,US,normal
T00476,2026-06-09 10:19:00,C012,payment,67.46,M150,card,US,normal
T00477,2026-06-09 10:36:00,C011,payment,347.36,M779,card,US,normal
T00478,2026-06-09 10:38:00,C043,transfer,95.63,P1930,online,US,normal
T00479,2026-06-09 10:48:00,C010,withdrawal,284.36,SELF,atm,US,normal
T00480,2026-06-09 10:55:00,C025,transfer,168.31,P1524,online,US,normal
T00481,2026-06-09 11:24:00,C043,payment,155.16,M116,card,US,normal
T00482,2026-06-09 11:35:00,C040,withdrawal,187.17,SELF,atm,US,normal
T00483,2026-06-09 12:06:00,C030,payment,269.51,M707,card,US,normal
T00484,2026-06-09 12:10:00,C042,transfer,350.43,P2693,online,US,normal
T00485,2026-06-09 12:18:00,C043,withdrawal,162.75,SELF,atm,US,normal
T00486,2026-06-09 12:26:00,C036,payment,104.22,M716,card,US,normal
T00487,2026-06-09 12:29:00,C035,transfer,157.66,P8100,online,US,normal
T00488,2026-06-09 12:44:00,C028,withdrawal,32.72,SELF,atm,US,normal
T00489,2026-06-09 13:06:00,C028,deposit,360.02,SELF,branch,US,normal
T00490,2026-06-09 13:25:00,C007,withdrawal,106.92,SELF,atm,US,normal
T00491,2026-06-09 13:28:00,C020,deposit,817.24,SELF,branch,US,normal
T00492,2026-06-09 13:30:00,C004,payment,92.42,M701,card,US,normal
T00493,2026-06-09 13:31:00,C043,transfer,181.67,P2576,online,US,normal
T00494,2026-06-09 14:04:00,C007,deposit,759.79,SELF,branch,US,normal
T00495,2026-06-09 14:28:00,C046,payment,189.07,M482,card,US,normal
T00496,2026-06-09 14:45:00,C041,payment,45.71,M109,card,US,normal
T00497,2026-06-09 14:47:00,C010,payment,163.94,M333,card,US,normal
T00498,2026-06-09 14:51:00,C021,transfer,153.89,P7884,online,US,normal
T00499,2026-06-09 14:51:00,C023,deposit,697.69,SELF,branch,US,normal
T00500,2026-06-09 14:52:00,C011,payment,423.81,M695,card,US,normal
T00501,2026-06-09 15:32:00,C016,payment,148.52,M329,card,US,normal
T00502,2026-06-09 16:13:00,C020,withdrawal,265.17,SELF,atm,US,normal
T00503,2026-06-09 16:21:00,C043,payment,235.93,M146,card,US,normal
T00504,2026-06-09 16:28:00,C041,deposit,176.79,SELF,branch,US,normal
T00505,2026-06-09 16:37:00,C010,payment,188.51,M789,card,US,normal
T00506,2026-06-09 16:40:00,C027,payment,94.04,M657,card,US,normal
T00507,2026-06-09 16:42:00,C041,payment,33.65,M588,card,US,normal
T00508,2026-06-09 17:28:00,C050,payment,94.96,M480,card,US,normal
T00509,2026-06-09 17:50:00,C013,deposit,435.92,SELF,branch,US,normal
T00510,2026-06-09 17:52:00,C017,payment,249.57,M337,card,US,normal
T00511,2026-06-09 17:56:00,C007,transfer,389.66,P3490,online,US,normal
T00512,2026-06-09 18:00:00,C020,transfer,361.21,P7014,online,US,normal
T00513,2026-06-09 18:10:00,C039,payment,127.35,M205,card,US,normal
T00514,2026-06-09 18:19:00,C047,withdrawal,204.78,SELF,atm,US,normal
T00515,2026-06-09 18:39:00,C039,transfer,190.7,P7474,online,US,normal
T00516,2026-06-09 18:43:00,C017,transfer,305.98,P1066,online,US,normal
T00517,2026-06-09 19:29:00,C001,payment,230.48,M388,card,US,normal
T00518,2026-06-09 19:40:00,C006,transfer,90.95,P5990,online,US,normal
T00519,2026-06-09 19:44:00,C021,deposit,163.34,SELF,branch,US,normal
T00520,2026-06-09 19:57:00,C004,payment,144.51,M928,card,US,normal
T00521,2026-06-10 08:00:00,C032,deposit,298.99,SELF,branch,US,normal
T00522,2026-06-10 08:24:00,C032,payment,24.98,M764,card,US,normal
T00523,2026-06-10 08:33:00,C020,transfer,526.87,P5239,online,US,normal
T00524,2026-06-10 08:38:00,C004,payment,45.83,M627,card,US,normal
T00525,2026-06-10 08:49:00,C042,payment,422.32,M781,card,US,normal
T00526,2026-06-10 08:54:00,C015,payment,123.08,M379,card,US,normal
T00527,2026-06-10 09:06:00,C002,payment,360.37,M142,card,US,normal
T00528,2026-06-10 09:07:00,C046,transfer,141.8,P5340,online,US,normal
T00529,2026-06-10 09:20:00,C021,payment,90.87,M258,card,US,normal
T00530,2026-06-10 09:27:00,C015,payment,196.0,M860,card,US,normal
T00531,2026-06-10 09:33:00,C016,payment,352.76,M618,card,US,normal
T00532,2026-06-10 09:52:00,C019,payment,118.89,M845,card,US,normal
T00533,2026-06-10 09:58:00,C034,payment,79.8,M503,card,US,normal
T00534,2026-06-10 10:04:00,C046,payment,54.12,M635,card,US,normal
T00535,2026-06-10 10:12:00,C044,transfer,104.01,P6228,online,US,normal
T00536,2026-06-10 10:13:00,C021,deposit,176.94,SELF,branch,US,normal
T00537,2026-06-10 10:20:00,C016,payment,200.03,M634,card,US,normal
T00538,2026-06-10 10:21:00,C039,transfer,130.22,P4888,online,US,normal
T00539,2026-06-10 11:04:00,C022,payment,215.97,M671,card,US,normal
T00540,2026-06-10 11:10:00,C017,payment,223.76,M528,card,US,normal
T00541,2026-06-10 11:33:00,C009,transfer,79.53,P5200,online,US,normal
T00542,2026-06-10 12:17:00,C050,deposit,190.72,SELF,branch,US,normal
T00543,2026-06-10 13:15:00,C021,deposit,130.6,SELF,branch,US,normal
T00544,2026-06-10 13:16:00,C045,payment,49.75,M580,card,US,normal
T00545,2026-06-10 13:22:00,C037,transfer,235.99,P3753,online,US,normal
T00546,2026-06-10 13:32:00,C023,deposit,524.38,SELF,branch,US,normal
T00547,2026-06-10 13:52:00,C048,deposit,607.58,SELF,branch,US,normal
T00548,2026-06-10 14:13:00,C043,withdrawal,176.15,SELF,atm,US,normal
T00549,2026-06-10 14:17:00,C005,deposit,517.98,SELF,branch,US,normal
T00550,2026-06-10 14:24:00,C033,payment,97.6,M114,card,US,normal
T00551,2026-06-10 14:26:00,C021,payment,30.85,M954,card,US,normal
T00552,2026-06-10 14:31:00,C036,withdrawal,64.32,SELF,atm,US,normal
T00553,2026-06-10 14:40:00,C048,payment,137.14,M989,card,US,normal
T00554,2026-06-10 14:45:00,C039,payment,266.76,M998,card,US,normal
T00555,2026-06-10 14:49:00,C027,payment,187.18,M919,card,US,normal
T00556,2026-06-10 14:50:00,C049,payment,84.11,M317,card,US,normal
T00557,2026-06-10 15:13:00,C042,deposit,378.43,SELF,branch,US,normal
T00558,2026-06-10 15:20:00,C041,payment,74.29,M294,card,US,normal
T00559,2026-06-10 15:30:00,C036,payment,237.78,M248,card,US,normal
T00560,2026-06-10 15:43:00,C008,deposit,425.12,SELF,branch,US,normal
T00561,2026-06-10 16:22:00,C050,withdrawal,101.77,SELF,atm,US,normal
T00562,2026-06-10 16:31:00,C031,transfer,112.8,P7152,online,US,normal
T00563,2026-06-10 16:37:00,C036,deposit,178.49,SELF,branch,US,normal
T00564,2026-06-10 16:40:00,C035,payment,139.96,M475,card,US,normal
T00565,2026-06-10 16:40:00,C031,transfer,77.11,P3148,online,US,normal
T00566,2026-06-10 16:43:00,C031,payment,358.51,M492,card,US,normal
T00567,2026-06-10 17:20:00,C018,payment,301.28,M989,card,US,normal
T00568,2026-06-10 17:37:00,C003,payment,243.39,M878,card,US,normal
T00569,2026-06-10 17:43:00,C026,payment,150.15,M169,card,US,normal
T00570,2026-06-10 18:02:00,C015,transfer,152.31,P8489,online,US,normal
T00571,2026-06-10 18:40:00,C014,payment,88.98,M427,card,US,normal
T00572,2026-06-10 19:37:00,C022,payment,352.77,M794,card,US,normal
T00573,2026-06-10 19:57:00,C019,transfer,137.5,P2258,online,US,normal
T00574,2026-06-11 08:00:00,C016,payment,211.85,M476,card,US,normal
T00575,2026-06-11 08:07:00,C008,transfer,137.82,P1611,online,US,normal
T00576,2026-06-11 08:12:00,C033,deposit,152.98,SELF,branch,US,normal
T00577,2026-06-11 08:47:00,C042,payment,297.28,M479,card,US,normal
T00578,2026-06-11 09:01:00,C044,deposit,269.89,SELF,branch,US,normal
T00579,2026-06-11 09:26:00,C016,transfer,183.32,P7141,online,US,normal
T00580,2026-06-11 09:30:00,C003,payment,321.36,M374,card,US,normal
T00581,2026-06-11 09:47:00,C034,withdrawal,151.81,SELF,atm,US,normal
T00582,2026-06-11 09:56:00,C004,transfer,83.84,P2642,online,US,normal
T00583,2026-06-11 09:57:00,C038,payment,118.35,M662,card,US,normal
T00584,2026-06-11 10:39:00,C048,payment,183.42,M910,card,US,normal
T00585,2026-06-11 10:39:00,C006,deposit,190.67,SELF,branch,US,normal
T00586,2026-06-11 10:45:00,C044,deposit,313.9,SELF,branch,US,normal
T00587,2026-06-11 10:45:00,C014,payment,53.61,M421,card,US,normal
T00588,2026-06-11 11:07:00,C020,payment,481.08,M723,card,US,normal
T00589,2026-06-11 11:23:00,C004,payment,87.56,M275,card,US,normal
T00590,2026-06-11 11:24:00,C035,transfer,85.93,P8100,online,US,normal
T00591,2026-06-11 11:35:00,C007,payment,171.56,M353,card,US,normal
T00592,2026-06-11 11:41:00,C044,transfer,48.49,P6228,online,US,normal
T00593,2026-06-11 11:45:00,C031,payment,125.14,M213,card,US,normal
T00594,2026-06-11 11:45:00,C005,payment,255.37,M725,card,US,normal
T00595,2026-06-11 12:14:00,C013,payment,247.45,M109,card,US,normal
T00596,2026-06-11 12:31:00,C005,payment,377.43,M529,card,US,normal
T00597,2026-06-11 12:43:00,C007,deposit,741.71,SELF,branch,US,normal
T00598,2026-06-11 12:55:00,C039,deposit,690.89,SELF,branch,US,normal
T00599,2026-06-11 13:06:00,C022,transfer,325.62,P6032,online,US,normal
T00600,2026-06-11 13:14:00,C037,payment,104.85,M165,card,US,normal
T00601,2026-06-11 13:16:00,C037,payment,114.44,M192,card,US,normal
T00602,2026-06-11 13:17:00,C003,payment,293.95,M444,card,US,normal
T00603,2026-06-11 13:29:00,C020,deposit,1315.33,SELF,branch,US,normal
T00604,2026-06-11 13:30:00,C041,deposit,271.95,SELF,branch,US,normal
T00605,2026-06-11 13:46:00,C035,payment,142.56,M342,card,US,normal
T00606,2026-06-11 13:59:00,C038,payment,74.02,M504,card,US,normal
T00607,2026-06-11 14:00:00,C017,transfer,258.38,P1066,online,US,normal
T00608,2026-06-11 14:10:00,C010,withdrawal,133.37,SELF,atm,US,normal
T00609,2026-06-11 14:23:00,C020,deposit,1228.16,SELF,branch,US,normal
T00610,2026-06-11 14:25:00,C001,transfer,127.17,P8726,online,US,normal
T00611,2026-06-11 15:02:00,C038,payment,153.62,M987,card,US,normal
T00612,2026-06-11 15:02:00,C042,payment,299.51,M722,card,US,normal
T00613,2026-06-11 15:19:00,C039,transfer,118.36,P7474,online,US,normal
T00614,2026-06-11 15:28:00,C014,payment,105.34,M580,card,US,normal
T00615,2026-06-11 15:40:00,C013,transfer,204.61,P7177,online,US,normal
T00616,2026-06-11 15:41:00,C048,payment,245.34,M880,card,US,normal
T00617,2026-06-11 15:47:00,C007,payment,229.18,M770,card,US,normal
T00618,2026-06-11 16:18:00,C043,payment,164.01,M673,card,US,normal
T00619,2026-06-11 16:27:00,C038,payment,143.86,M859,card,US,normal
T00620,2026-06-11 16:39:00,C030,transfer,159.89,P5460,online,US,normal
T00621,2026-06-11 16:42:00,C038,transfer,100.28,P5168,online,US,normal
T00622,2026-06-11 16:53:00,C046,transfer,54.83,P5340,online,US,normal
T00623,2026-06-11 17:16:00,C036,withdrawal,237.6,SELF,atm,US,normal
T00624,2026-06-11 17:25:00,C027,withdrawal,120.36,SELF,atm,US,normal
T00625,2026-06-11 17:52:00,C005,payment,189.86,M325,card,US,normal
T00626,2026-06-11 18:23:00,C049,transfer,229.32,P9583,online,US,normal
T00627,2026-06-11 18:28:00,C027,payment,209.14,M440,card,US,normal
T00628,2026-06-11 18:29:00,C040,deposit,525.39,SELF,branch,US,normal
T00629,2026-06-11 18:29:00,C002,transfer,173.48,P5737,online,US,normal
T00630,2026-06-11 18:45:00,C018,deposit,569.31,SELF,branch,US,normal
T00631,2026-06-11 19:08:00,C007,payment,260.57,M913,card,US,normal
T00632,2026-06-11 19:10:00,C027,deposit,533.75,SELF,branch,US,normal
T00633,2026-06-11 19:20:00,C003,transfer,124.63,P5618,online,US,normal
T00634,2026-06-11 19:54:00,C039,payment,299.25,M245,card,US,normal
T00635,2026-06-12 08:05:00,C008,payment,127.66,M153,card,US,normal
T00636,2026-06-12 08:15:00,C042,deposit,1167.01,SELF,branch,US,normal
T00637,2026-06-12 08:17:00,C002,deposit,547.68,SELF,branch,US,normal
T00638,2026-06-12 08:20:00,C043,payment,165.02,M800,card,US,normal
T00639,2026-06-12 08:22:00,C008,transfer,123.75,P9735,online,US,normal
T00640,2026-06-12 08:23:00,C001,payment,216.64,M279,card,US,normal
T00641,2026-06-12 08:38:00,C043,deposit,507.74,SELF,branch,US,normal
T00642,2026-06-12 08:59:00,C041,deposit,166.55,SELF,branch,US,normal
T00643,2026-06-12 09:30:00,C028,deposit,171.63,SELF,branch,US,normal
T00644,2026-06-12 09:52:00,C048,withdrawal,214.95,SELF,atm,US,normal
T00645,2026-06-12 09:55:00,C014,payment,85.66,M765,card,US,normal
T00646,2026-06-12 10:00:00,C039,payment,268.1,M861,card,US,normal
T00647,2026-06-12 10:04:00,C015,deposit,801.04,SELF,branch,US,normal
T00648,2026-06-12 10:22:00,C050,withdrawal,94.51,SELF,atm,US,normal
T00649,2026-06-12 10:26:00,C005,transfer,107.64,P8404,online,US,normal
T00650,2026-06-12 10:59:00,C047,payment,721.57,M372,card,US,normal
T00651,2026-06-12 11:00:00,C019,deposit,368.79,SELF,branch,US,normal
T00652,2026-06-12 11:11:00,C016,withdrawal,282.33,SELF,atm,US,normal
T00653,2026-06-12 11:21:00,C015,payment,300.5,M812,card,US,normal
T00654,2026-06-12 11:38:00,C006,deposit,419.63,SELF,branch,US,normal
T00655,2026-06-12 11:48:00,C019,payment,49.01,M493,card,US,normal
T00656,2026-06-12 11:58:00,C002,withdrawal,173.87,SELF,atm,US,normal
T00657,2026-06-12 12:02:00,C042,payment,223.85,M876,card,US,normal
T00658,2026-06-12 12:09:00,C027,payment,343.92,M150,card,US,normal
T00659,2026-06-12 13:01:00,C001,payment,134.89,M959,card,US,normal
T00660,2026-06-12 13:05:00,C030,transfer,234.98,P5460,online,US,normal
T00661,2026-06-12 13:17:00,C019,withdrawal,135.25,SELF,atm,US,normal
T00662,2026-06-12 13:20:00,C049,deposit,722.25,SELF,branch,US,normal
T00663,2026-06-12 13:25:00,C037,payment,278.67,M705,card,US,normal
T00664,2026-06-12 13:38:00,C047,payment,302.6,M936,card,US,normal
T00665,2026-06-12 13:51:00,C019,payment,155.71,M225,card,US,normal
T00666,2026-06-12 13:55:00,C050,deposit,416.78,SELF,branch,US,normal
T00667,2026-06-12 14:13:00,C019,payment,198.69,M504,card,US,normal
T00668,2026-06-12 14:15:00,C003,transfer,157.1,P5618,online,US,normal
T00669,2026-06-12 14:21:00,C048,withdrawal,175.6,SELF,atm,US,normal
T00670,2026-06-12 14:30:00,C021,payment,35.17,M901,card,US,normal
T00671,2026-06-12 14:32:00,C034,deposit,238.35,SELF,branch,US,normal
T00672,2026-06-12 14:38:00,C017,payment,490.56,M533,card,US,normal
T00673,2026-06-12 14:41:00,C015,withdrawal,78.06,SELF,atm,US,normal
T00674,2026-06-12 14:50:00,C016,payment,85.65,M585,card,US,normal
T00675,2026-06-12 15:01:00,C034,withdrawal,120.79,SELF,atm,US,normal
T00676,2026-06-12 15:09:00,C004,withdrawal,88.94,SELF,atm,US,normal
T00677,2026-06-12 15:18:00,C001,payment,266.12,M557,card,US,normal
T00678,2026-06-12 15:19:00,C042,payment,402.89,M717,card,US,normal
T00679,2026-06-12 15:31:00,C039,withdrawal,150.88,SELF,atm,US,normal
T00680,2026-06-12 15:38:00,C016,transfer,169.26,P7141,online,US,normal
T00681,2026-06-12 15:41:00,C037,payment,489.84,M167,card,US,normal
T00682,2026-06-12 15:44:00,C045,payment,39.35,M925,card,US,normal
T00683,2026-06-12 15:56:00,C009,transfer,168.15,P2751,online,US,normal
T00684,2026-06-12 16:09:00,C030,transfer,137.52,P7266,online,US,normal
T00685,2026-06-12 16:13:00,C011,payment,853.79,M636,card,US,normal
T00686,2026-06-12 16:14:00,C029,payment,59.43,M909,card,US,normal
T00687,2026-06-12 16:17:00,C012,payment,85.39,M379,card,US,normal
T00688,2026-06-12 16:18:00,C046,deposit,137.42,SELF,branch,US,normal
T00689,2026-06-12 16:40:00,C016,deposit,523.3,SELF,branch,US,normal
T00690,2026-06-12 16:42:00,C015,payment,130.4,M587,card,US,normal
T00691,2026-06-12 17:20:00,C028,deposit,288.69,SELF,branch,US,normal
T00692,2026-06-12 17:26:00,C046,payment,60.78,M864,card,US,normal
T00693,2026-06-12 17:31:00,C030,payment,173.97,M424,card,US,normal
T00694,2026-06-12 17:40:00,C043,transfer,198.49,P6288,online,US,normal
T00695,2026-06-12 17:48:00,C049,payment,155.39,M147,card,US,normal
T00696,2026-06-12 17:48:00,C004,deposit,122.2,SELF,branch,US,normal
T00697,2026-06-12 18:22:00,C048,withdrawal,137.75,SELF,atm,US,normal
T00698,2026-06-12 18:29:00,C042,payment,542.89,M364,card,US,normal
T00699,2026-06-12 18:31:00,C033,payment,56.95,M398,card,US,normal
T00700,2026-06-12 18:32:00,C049,payment,217.31,M184,card,US,normal
T00701,2026-06-12 18:32:00,C011,deposit,2702.63,SELF,branch,US,normal
T00702,2026-06-12 19:14:00,C008,payment,154.37,M720,card,US,normal
T00703,2026-06-12 19:20:00,C030,withdrawal,577.7,SELF,atm,US,normal
T00704,2026-06-12 19:23:00,C007,withdrawal,156.16,SELF,atm,US,normal
T00705,2026-06-12 19:33:00,C024,transfer,76.5,P4676,online,US,normal
T00706,2026-06-13 08:16:00,C028,withdrawal,116.71,SELF,atm,US,normal
T00707,2026-06-13 08:17:00,C043,deposit,695.63,SELF,branch,US,normal
T00708,2026-06-13 08:24:00,C008,payment,168.1,M148,card,US,normal
T00709,2026-06-13 08:25:00,C028,deposit,361.98,SELF,branch,US,normal
T00710,2026-06-13 08:34:00,C037,payment,305.02,M942,card,US,normal
T00711,2026-06-13 08:36:00,C048,transfer,205.22,P6144,online,US,normal
T00712,2026-06-13 08:56:00,C043,payment,120.48,M335,card,US,normal
T00713,2026-06-13 08:56:00,C003,transfer,161.75,P5618,online,US,normal
T00714,2026-06-13 09:26:00,C009,payment,118.27,M275,card,US,normal
T00715,2026-06-13 09:36:00,C002,payment,337.04,M642,card,US,normal
T00716,2026-06-13 09:55:00,C003,withdrawal,137.93,SELF,atm,US,normal
T00717,2026-06-13 10:05:00,C033,transfer,99.47,P4296,online,US,normal
T00718,2026-06-13 10:27:00,C003,deposit,214.79,SELF,branch,US,normal
T00719,2026-06-13 10:31:00,C018,deposit,590.77,SELF,branch,US,normal
T00720,2026-06-13 10:33:00,C048,deposit,577.64,SELF,branch,US,normal
T00721,2026-06-13 10:48:00,C007,deposit,498.22,SELF,branch,US,normal
T00722,2026-06-13 11:28:00,C009,transfer,157.14,P5200,online,US,normal
T00723,2026-06-13 11:29:00,C030,payment,113.59,M797,card,US,normal
T00724,2026-06-13 11:32:00,C014,deposit,259.31,SELF,branch,US,normal
T00725,2026-06-13 11:44:00,C031,payment,139.14,M798,card,US,normal
T00726,2026-06-13 11:49:00,C002,payment,336.46,M671,card,US,normal
T00727,2026-06-13 11:52:00,C012,withdrawal,100.38,SELF,atm,US,normal
T00728,2026-06-13 12:08:00,C039,withdrawal,193.91,SELF,atm,US,normal
T00729,2026-06-13 12:12:00,C014,transfer,134.48,P7027,online,US,normal
T00730,2026-06-13 12:12:00,C011,deposit,1066.1,SELF,branch,US,normal
T00731,2026-06-13 12:13:00,C038,payment,213.04,M815,card,US,normal
T00732,2026-06-13 12:17:00,C040,transfer,95.87,P6256,online,US,normal
T00733,2026-06-13 12:44:00,C003,transfer,146.86,P5618,online,US,normal
T00734,2026-06-13 12:54:00,C047,deposit,652.44,SELF,branch,US,normal
T00735,2026-06-13 12:55:00,C031,deposit,522.68,SELF,branch,US,normal
T00736,2026-06-13 13:10:00,C023,deposit,353.18,SELF,branch,US,normal
T00737,2026-06-13 13:26:00,C024,payment,198.28,M558,card,US,normal
T00738,2026-06-13 13:51:00,C044,deposit,198.92,SELF,branch,US,normal
T00739,2026-06-13 14:07:00,C042,payment,495.15,M858,card,US,normal
T00740,2026-06-13 14:51:00,C039,deposit,338.26,SELF,branch,US,normal
T00741,2026-06-13 14:53:00,C044,payment,122.07,M643,card,US,normal
T00742,2026-06-13 15:19:00,C013,deposit,262.79,SELF,branch,US,normal
T00743,2026-06-13 15:25:00,C001,withdrawal,158.84,SELF,atm,US,normal
T00744,2026-06-13 15:40:00,C045,payment,139.37,M660,card,US,normal
T00745,2026-06-13 15:52:00,C028,payment,179.48,M271,card,US,normal
T00746,2026-06-13 16:03:00,C050,payment,60.25,M769,card,US,normal
T00747,2026-06-13 16:12:00,C039,payment,94.63,M157,card,US,normal
T00748,2026-06-13 16:17:00,C044,transfer,79.85,P6228,online,US,normal
T00749,2026-06-13 16:42:00,C024,payment,559.44,M816,card,US,normal
T00750,2026-06-13 17:00:00,C038,deposit,383.98,SELF,branch,US,normal
T00751,2026-06-13 17:09:00,C026,payment,133.02,M567,card,US,normal
T00752,2026-06-13 17:20:00,C018,payment,109.33,M751,card,US,normal
T00753,2026-06-13 17:57:00,C015,transfer,129.14,P8489,online,US,normal
T00754,2026-06-13 17:58:00,C038,withdrawal,227.16,SELF,atm,US,normal
T00755,2026-06-13 18:29:00,C013,payment,163.53,M227,card,US,normal
T00756,2026-06-13 18:36:00,C028,payment,68.85,M886,card,US,normal
T00757,2026-06-13 19:09:00,C046,transfer,101.38,P8043,online,US,normal
T00758,2026-06-13 19:09:00,C001,payment,195.22,M105,card,US,normal
T00759,2026-06-13 19:34:00,C007,payment,195.75,M527,card,US,normal
T00760,2026-06-14 08:14:00,C023,payment,95.78,M515,card,US,normal
T00761,2026-06-14 08:16:00,C013,deposit,600.65,SELF,branch,US,normal
T00762,2026-06-14 08:33:00,C010,deposit,344.35,SELF,branch,US,normal
T00763,2026-06-14 08:50:00,C016,payment,208.77,M364,card,US,normal
T00764,2026-06-14 09:17:00,C029,deposit,200.95,SELF,branch,US,normal
T00765,2026-06-14 10:02:00,C034,payment,146.23,M300,card,US,normal
T00766,2026-06-14 10:05:00,C043,transfer,196.38,P6288,online,US,normal
T00767,2026-06-14 10:21:00,C007,payment,173.97,M326,card,US,normal
T00768,2026-06-14 10:40:00,C041,payment,73.33,M614,card,US,normal
T00769,2026-06-14 10:53:00,C013,payment,176.79,M417,card,US,normal
T00770,2026-06-14 10:54:00,C028,transfer,227.75,P1955,online,US,normal
T00771,2026-06-14 11:18:00,C046,deposit,252.59,SELF,branch,US,normal
T00772,2026-06-14 11:37:00,C034,withdrawal,80.64,SELF,atm,US,normal
T00773,2026-06-14 11:38:00,C046,payment,33.98,M270,card,US,normal
T00774,2026-06-14 11:39:00,C039,payment,230.47,M659,card,US,normal
T00775,2026-06-14 11:47:00,C001,payment,133.11,M520,card,US,normal
T00776,2026-06-14 12:00:00,C036,payment,155.67,M800,card,US,normal
T00777,2026-06-14 12:03:00,C009,transfer,86.6,P5200,online,US,normal
T00778,2026-06-14 12:18:00,C016,transfer,117.89,P3155,online,US,normal
T00779,2026-06-14 12:19:00,C022,deposit,798.22,SELF,branch,US,normal
T00780,2026-06-14 12:26:00,C048,transfer,141.82,P2449,online,US,normal
T00781,2026-06-14 12:28:00,C017,withdrawal,169.24,SELF,atm,US,normal
T00782,2026-06-14 12:45:00,C039,transfer,171.95,P7474,online,US,normal
T00783,2026-06-14 13:38:00,C012,payment,173.66,M264,card,US,normal
T00784,2026-06-14 13:58:00,C042,payment,331.9,M238,card,US,normal
T00785,2026-06-14 14:08:00,C007,withdrawal,255.5,SELF,atm,US,normal
T00786,2026-06-14 14:09:00,C046,payment,93.93,M454,card,US,normal
T00787,2026-06-14 14:28:00,C049,withdrawal,192.79,SELF,atm,US,normal
T00788,2026-06-14 14:33:00,C016,deposit,639.25,SELF,branch,US,normal
T00789,2026-06-14 14:51:00,C034,transfer,215.41,P3392,online,US,normal
T00790,2026-06-14 15:02:00,C046,payment,32.02,M532,card,US,normal
T00791,2026-06-14 15:12:00,C014,withdrawal,96.71,SELF,atm,US,normal
T00792,2026-06-14 15:14:00,C024,payment,235.61,M338,card,US,normal
T00793,2026-06-14 15:30:00,C015,transfer,371.34,P4916,online,US,normal
T00794,2026-06-14 16:00:00,C050,withdrawal,106.79,SELF,atm,US,normal
T00795,2026-06-14 16:11:00,C022,transfer,219.35,P8153,online,US,normal
T00796,2026-06-14 16:34:00,C013,payment,54.23,M546,card,US,normal
T00797,2026-06-14 16:46:00,C046,payment,33.14,M450,card,US,normal
T00798,2026-06-14 17:18:00,C033,deposit,564.47,SELF,branch,US,normal
T00799,2026-06-14 17:38:00,C047,transfer,164.12,P7039,online,US,normal
T00800,2026-06-14 18:06:00,C048,payment,204.65,M654,card,US,normal
T00801,2026-06-14 18:11:00,C006,withdrawal,77.59,SELF,atm,US,normal
T00802,2026-06-14 18:13:00,C010,payment,156.27,M369,card,US,normal
T00803,2026-06-14 18:23:00,C026,payment,175.53,M953,card,US,normal
T00804,2026-06-14 18:57:00,C021,payment,36.82,M872,card,US,normal
T00805,2026-06-14 19:13:00,C007,payment,252.67,M881,card,US,normal
T00806,2026-06-14 19:14:00,C033,transfer,46.36,P9176,online,US,normal
T00807,2026-06-14 19:27:00,C027,payment,69.05,M428,card,US,normal
T00808,2026-06-14 19:28:00,C014,transfer,88.47,P9461,online,US,normal
T00809,2026-06-14 19:56:00,C037,deposit,895.72,SELF,branch,US,normal
T00810,2026-06-15 08:00:00,C036,transfer,177.51,P1713,online,US,normal
T00811,2026-06-15 08:01:00,C017,payment,248.84,M878,card,US,normal
T00812,2026-06-15 08:06:00,C031,transfer,160.61,P7152,online,US,normal
T00813,2026-06-15 08:07:00,C021,payment,100.21,M610,card,US,normal
T00814,2026-06-15 08:37:00,C036,payment,192.58,M536,card,US,normal
T00815,2026-06-15 09:10:00,C014,payment,72.97,M794,card,US,normal
T00816,2026-06-15 09:26:00,C046,payment,92.61,M822,card,US,normal
T00817,2026-06-15 09:50:00,C005,deposit,649.24,SELF,branch,US,normal
T00818,2026-06-15 09:56:00,C022,payment,179.22,M140,card,US,normal
T00819,2026-06-15 10:10:00,C026,transfer,303.25,P6012,online,US,normal
T00820,2026-06-15 10:14:00,C034,payment,51.32,M386,card,US,normal
T00821,2026-06-15 10:14:00,C022,deposit,721.95,SELF,branch,US,normal
T00822,2026-06-15 10:31:00,C049,payment,129.39,M128,card,US,normal
T00823,2026-06-15 10:43:00,C046,payment,51.76,M225,card,US,normal
T00824,2026-06-15 10:48:00,C046,transfer,66.36,P5203,online,US,normal
T00825,2026-06-15 10:50:00,C049,transfer,170.84,P5904,online,US,normal
T00826,2026-06-15 11:04:00,C022,deposit,558.38,SELF,branch,US,normal
T00827,2026-06-15 11:24:00,C039,deposit,637.86,SELF,branch,US,normal
T00828,2026-06-15 11:35:00,C011,payment,768.68,M611,card,US,normal
T00829,2026-06-15 11:37:00,C017,withdrawal,182.21,SELF,atm,US,normal
T00830,2026-06-15 11:43:00,C048,payment,118.65,M640,card,US,normal
T00831,2026-06-15 12:39:00,C039,transfer,92.34,P4888,online,US,normal
T00832,2026-06-15 12:42:00,C027,payment,155.54,M575,card,US,normal
T00833,2026-06-15 12:59:00,C042,payment,318.38,M215,card,US,normal
T00834,2026-06-15 13:00:00,C030,withdrawal,146.04,SELF,atm,US,normal
T00835,2026-06-15 13:30:00,C012,payment,47.25,M592,card,US,normal
T00836,2026-06-15 13:38:00,C016,payment,162.75,M966,card,US,normal
T00837,2026-06-15 14:00:00,C033,transfer,34.91,P4296,online,US,normal
T00838,2026-06-15 14:09:00,C018,payment,205.96,M496,card,US,normal
T00839,2026-06-15 14:12:00,C033,payment,128.58,M919,card,US,normal
T00840,2026-06-15 14:51:00,C008,transfer,156.84,P5010,online,US,normal
T00841,2026-06-15 15:13:00,C045,transfer,44.68,P3652,online,US,normal
T00842,2026-06-15 15:17:00,C046,payment,40.92,M306,card,US,normal
T00843,2026-06-15 15:18:00,C044,withdrawal,103.27,SELF,atm,US,normal
T00844,2026-06-15 15:22:00,C027,transfer,190.13,P4682,online,US,normal
T00845,2026-06-15 15:28:00,C050,withdrawal,60.74,SELF,atm,US,normal
T00846,2026-06-15 15:33:00,C005,deposit,203.63,SELF,branch,US,normal
T00847,2026-06-15 15:33:00,C039,payment,116.21,M424,card,US,normal
T00848,2026-06-15 15:34:00,C007,deposit,1408.33,SELF,branch,US,normal
T00849,2026-06-15 15:36:00,C023,transfer,164.74,P4930,online,US,normal
T00850,2026-06-15 15:41:00,C039,payment,100.82,M882,card,US,normal
T00851,2026-06-15 16:10:00,C022,payment,124.59,M725,card,US,normal
T00852,2026-06-15 16:34:00,C050,withdrawal,168.47,SELF,atm,US,normal
T00853,2026-06-15 16:36:00,C043,payment,160.13,M112,card,US,normal
T00854,2026-06-15 17:02:00,C022,payment,156.82,M158,card,US,normal
T00855,2026-06-15 17:08:00,C043,transfer,215.24,P6288,online,US,normal
T00856,2026-06-15 17:15:00,C026,deposit,348.79,SELF,branch,US,normal
T00857,2026-06-15 17:27:00,C027,payment,127.31,M780,card,US,normal
T00858,2026-06-15 17:27:00,C029,deposit,263.86,SELF,branch,US,normal
T00859,2026-06-15 17:32:00,C029,deposit,144.0,SELF,branch,US,normal
T00860,2026-06-15 17:46:00,C049,transfer,229.13,P5904,online,US,normal
T00861,2026-06-15 17:48:00,C012,withdrawal,27.59,SELF,atm,US,normal
T00862,2026-06-15 18:16:00,C033,payment,72.88,M758,card,US,normal
T00863,2026-06-15 18:33:00,C003,deposit,1071.4,SELF,branch,US,normal
T00864,2026-06-15 18:42:00,C002,payment,156.4,M170,card,US,normal
T00865,2026-06-15 18:46:00,C010,payment,121.74,M169,card,US,normal
T00866,2026-06-15 19:13:00,C021,payment,58.18,M319,card,US,normal
T00867,2026-06-15 19:16:00,C012,deposit,154.73,SELF,branch,US,normal
T00868,2026-06-15 19:46:00,C023,deposit,252.85,SELF,branch,US,normal
T00869,2026-06-16 08:06:00,C017,payment,140.72,M163,card,US,normal
T00870,2026-06-16 08:09:00,C047,payment,295.86,M758,card,US,normal
T00871,2026-06-16 08:11:00,C024,deposit,461.89,SELF,branch,US,normal
T00872,2026-06-16 08:17:00,C041,withdrawal,110.09,SELF,atm,US,normal
T00873,2026-06-16 08:19:00,C016,deposit,316.84,SELF,branch,US,normal
T00874,2026-06-16 08:20:00,C048,transfer,137.73,P6144,online,US,normal
T00875,2026-06-16 08:33:00,C049,withdrawal,258.04,SELF,atm,US,normal
T00876,2026-06-16 09:07:00,C034,withdrawal,31.37,SELF,atm,US,normal
T00877,2026-06-16 09:08:00,C015,payment,121.9,M958,card,US,normal
T00878,2026-06-16 09:09:00,C013,transfer,74.31,P7177,online,US,normal
T00879,2026-06-16 09:15:00,C024,transfer,255.92,P4676,online,US,normal
T00880,2026-06-16 09:24:00,C039,transfer,198.16,P7474,online,US,normal
T00881,2026-06-16 09:47:00,C042,deposit,1126.09,SELF,branch,US,normal
T00882,2026-06-16 10:07:00,C002,deposit,1343.73,SELF,branch,US,normal
T00883,2026-06-16 10:10:00,C016,deposit,557.02,SELF,branch,US,normal
T00884,2026-06-16 10:18:00,C004,transfer,62.57,P4336,online,US,normal
T00885,2026-06-16 10:19:00,C004,deposit,363.03,SELF,branch,US,normal
T00886,2026-06-16 10:20:00,C039,payment,79.75,M108,card,US,normal
T00887,2026-06-16 10:22:00,C035,transfer,108.88,P7451,online,US,normal
T00888,2026-06-16 10:33:00,C037,payment,165.19,M694,card,US,normal
T00889,2026-06-16 10:43:00,C023,deposit,218.87,SELF,branch,US,normal
T00890,2026-06-16 11:02:00,C035,withdrawal,151.42,SELF,atm,US,normal
T00891,2026-06-16 11:03:00,C018,transfer,493.2,P7345,online,US,normal
T00892,2026-06-16 11:04:00,C038,payment,217.11,M114,card,US,normal
T00893,2026-06-16 11:11:00,C048,deposit,802.38,SELF,branch,US,normal
T00894,2026-06-16 11:18:00,C014,payment,246.76,M454,card,US,normal
T00895,2026-06-16 11:22:00,C019,withdrawal,245.27,SELF,atm,US,normal
T00896,2026-06-16 11:27:00,C001,transfer,88.21,P4896,online,US,normal
T00897,2026-06-16 12:23:00,C008,payment,121.66,M989,card,US,normal
T00898,2026-06-16 12:33:00,C005,payment,281.58,M109,card,US,normal
T00899,2026-06-16 12:37:00,C020,deposit,1111.63,SELF,branch,US,normal
T00900,2026-06-16 12:52:00,C020,payment,570.82,M457,card,US,normal
T00901,2026-06-16 12:55:00,C001,transfer,144.18,P4949,online,US,normal
T00902,2026-06-16 12:56:00,C018,payment,229.31,M751,card,US,normal
T00903,2026-06-16 13:08:00,C050,payment,63.2,M310,card,US,normal
T00904,2026-06-16 13:09:00,C034,payment,96.35,M964,card,US,normal
T00905,2026-06-16 13:10:00,C013,payment,87.81,M600,card,US,normal
T00906,2026-06-16 13:17:00,C027,payment,283.41,M410,card,US,normal
T00907,2026-06-16 13:22:00,C040,payment,153.1,M600,card,US,normal
T00908,2026-06-16 13:23:00,C020,deposit,1334.4,SELF,branch,US,normal
T00909,2026-06-16 13:38:00,C046,payment,66.41,M895,card,US,normal
T00910,2026-06-16 14:03:00,C045,transfer,57.16,P3652,online,US,normal
T00911,2026-06-16 14:34:00,C041,payment,114.87,M337,card,US,normal
T00912,2026-06-16 14:37:00,C036,payment,96.32,M563,card,US,normal
T00913,2026-06-16 14:37:00,C007,payment,147.35,M724,card,US,normal
T00914,2026-06-16 15:06:00,C049,payment,211.01,M994,card,US,normal
T00915,2026-06-16 15:29:00,C037,payment,174.97,M699,card,US,normal
T00916,2026-06-16 15:54:00,C047,deposit,882.14,SELF,branch,US,normal
T00917,2026-06-16 15:55:00,C018,payment,175.29,M226,card,US,normal
T00918,2026-06-16 16:20:00,C033,withdrawal,106.29,SELF,atm,US,normal
T00919,2026-06-16 16:33:00,C048,payment,160.3,M744,card,US,normal
T00920,2026-06-16 16:49:00,C021,payment,45.64,M343,card,US,normal
T00921,2026-06-16 17:06:00,C020,deposit,1018.65,SELF,branch,US,normal
T00922,2026-06-16 17:07:00,C042,deposit,1249.28,SELF,branch,US,normal
T00923,2026-06-16 17:22:00,C049,transfer,139.45,P3983,online,US,normal
T00924,2026-06-16 17:28:00,C005,transfer,198.0,P4990,online,US,normal
T00925,2026-06-16 17:42:00,C048,transfer,291.62,P2449,online,US,normal
T00926,2026-06-16 18:02:00,C004,deposit,273.08,SELF,branch,US,normal
T00927,2026-06-16 18:31:00,C022,payment,131.6,M289,card,US,normal
T00928,2026-06-16 18:38:00,C050,payment,139.71,M492,card,US,normal
T00929,2026-06-16 18:39:00,C037,withdrawal,152.98,SELF,atm,US,normal
T00930,2026-06-16 18:42:00,C026,payment,142.73,M656,card,US,normal
T00931,2026-06-16 18:46:00,C015,payment,89.97,M927,card,US,normal
T00932,2026-06-16 19:06:00,C043,transfer,200.08,P1930,online,US,normal
T00933,2026-06-16 19:14:00,C033,payment,155.23,M680,card,US,normal
T00934,2026-06-16 19:24:00,C047,payment,302.22,M622,card,US,normal
T00935,2026-06-16 19:28:00,C010,transfer,86.9,P7689,online,US,normal
T00936,2026-06-16 19:30:00,C020,deposit,1381.02,SELF,branch,US,normal
T00937,2026-06-16 19:40:00,C030,payment,297.12,M880,card,US,normal
T00938,2026-06-16 19:42:00,C028,payment,105.7,M822,card,US,normal
T00939,2026-06-16 19:44:00,C017,deposit,341.79,SELF,branch,US,normal
T00940,2026-06-16 19:44:00,C043,payment,147.66,M525,card,US,normal
T00941,2026-06-16 19:54:00,C046,payment,38.92,M159,card,US,normal
T00942,2026-06-16 19:55:00,C004,payment,165.95,M503,card,US,normal
T00943,2026-06-16 19:59:00,C020,payment,247.04,M606,card,US,normal
T00944,2026-06-17 08:05:00,C044,deposit,258.1,SELF,branch,US,normal
T00945,2026-06-17 08:12:00,C047,transfer,310.92,P5379,online,US,normal
T00946,2026-06-17 08:25:00,C017,payment,75.45,M447,card,US,normal
T00947,2026-06-17 08:31:00,C011,deposit,1329.14,SELF,branch,US,normal
T00948,2026-06-17 08:57:00,C041,payment,87.53,M925,card,US,normal
T00949,2026-06-17 09:03:00,C021,payment,88.12,M564,card,US,normal
T00950,2026-06-17 09:10:00,C026,transfer,274.94,P6956,online,US,normal
T00951,2026-06-17 09:19:00,C037,payment,275.07,M623,card,US,normal
T00952,2026-06-17 09:19:00,C016,payment,185.11,M366,card,US,normal
T00953,2026-06-17 09:25:00,C004,payment,70.33,M574,card,US,normal
T00954,2026-06-17 09:33:00,C034,payment,127.95,M677,card,US,normal
T00955,2026-06-17 09:43:00,C050,deposit,204.53,SELF,branch,US,normal
T00956,2026-06-17 09:44:00,C024,payment,275.21,M275,card,US,normal
T00957,2026-06-17 09:49:00,C046,payment,33.72,M126,card,US,normal
T00958,2026-06-17 09:50:00,C033,payment,47.82,M835,card,US,normal
T00959,2026-06-17 09:58:00,C042,payment,400.69,M347,card,US,normal
T00960,2026-06-17 10:33:00,C027,withdrawal,194.65,SELF,atm,US,normal
T00961,2026-06-17 10:41:00,C049,payment,457.25,M321,card,US,normal
T00962,2026-06-17 10:56:00,C033,payment,96.9,M360,card,US,normal
T00963,2026-06-17 11:44:00,C036,withdrawal,116.84,SELF,atm,US,normal
T00964,2026-06-17 11:45:00,C028,deposit,393.34,SELF,branch,US,normal
T00965,2026-06-17 11:59:00,C029,payment,95.4,M882,card,US,normal
T00966,2026-06-17 12:06:00,C036,transfer,141.19,P1713,online,US,normal
T00967,2026-06-17 12:08:00,C041,withdrawal,53.28,SELF,atm,US,normal
T00968,2026-06-17 12:16:00,C041,payment,37.74,M121,card,US,normal
T00969,2026-06-17 12:39:00,C039,deposit,493.22,SELF,branch,US,normal
T00970,2026-06-17 12:50:00,C013,transfer,136.93,P7177,online,US,normal
T00971,2026-06-17 13:02:00,C047,payment,265.3,M706,card,US,normal
T00972,2026-06-17 13:08:00,C048,payment,218.48,M128,card,US,normal
T00973,2026-06-17 13:35:00,C011,transfer,597.45,P4697,online,US,normal
T00974,2026-06-17 13:38:00,C038,transfer,218.85,P8708,online,US,normal
T00975,2026-06-17 13:49:00,C039,deposit,509.63,SELF,branch,US,normal
T00976,2026-06-17 13:49:00,C035,payment,171.87,M672,card,US,normal
T00977,2026-06-17 13:49:00,C022,transfer,142.16,P6032,online,US,normal
T00978,2026-06-17 14:11:00,C045,payment,69.98,M160,card,US,normal
T00979,2026-06-17 14:15:00,C019,payment,65.89,M388,card,US,normal
T00980,2026-06-17 14:20:00,C008,deposit,324.96,SELF,branch,US,normal
T00981,2026-06-17 14:24:00,C011,transfer,968.46,P3932,online,US,normal
T00982,2026-06-17 14:55:00,C034,payment,82.4,M895,card,US,normal
T00983,2026-06-17 14:57:00,C048,transfer,211.98,P5879,online,US,normal
T00984,2026-06-17 15:09:00,C037,payment,259.19,M314,card,US,normal
T00985,2026-06-17 15:40:00,C008,withdrawal,137.03,SELF,atm,US,normal
T00986,2026-06-17 15:58:00,C018,payment,116.56,M500,card,US,normal
T00987,2026-06-17 16:23:00,C050,payment,130.89,M712,card,US,normal
T00988,2026-06-17 16:39:00,C012,transfer,85.89,P5225,online,US,normal
T00989,2026-06-17 16:40:00,C050,payment,161.06,M379,card,US,normal
T00990,2026-06-17 16:44:00,C004,transfer,80.21,P4336,online,US,normal
T00991,2026-06-17 17:11:00,C037,withdrawal,355.04,SELF,atm,US,normal
T00992,2026-06-17 17:19:00,C041,payment,125.6,M244,card,US,normal
T00993,2026-06-17 17:22:00,C049,deposit,422.3,SELF,branch,US,normal
T00994,2026-06-17 17:25:00,C012,payment,94.38,M981,card,US,normal
T00995,2026-06-17 17:43:00,C018,withdrawal,399.2,SELF,atm,US,normal
T00996,2026-06-17 17:45:00,C041,transfer,38.63,P7816,online,US,normal
T00997,2026-06-17 17:48:00,C048,payment,180.36,M374,card,US,normal
T00998,2026-06-17 17:58:00,C016,withdrawal,285.66,SELF,atm,US,normal
T00999,2026-06-17 18:19:00,C005,transfer,175.78,P4990,online,US,normal
T01000,2026-06-17 18:38:00,C020,transfer,486.27,P7014,online,US,normal
T01001,2026-06-17 18:39:00,C012,transfer,85.26,P5225,online,US,normal
T01002,2026-06-17 18:47:00,C037,payment,331.19,M408,card,US,normal
T01003,2026-06-17 18:52:00,C008,deposit,395.36,SELF,branch,US,normal
T01004,2026-06-17 18:54:00,C038,transfer,176.04,P8708,online,US,normal
T01005,2026-06-17 19:15:00,C029,payment,100.09,M347,card,US,normal
T01006,2026-06-17 19:34:00,C018,transfer,162.36,P5243,online,US,normal
T01007,2026-06-17 19:34:00,C015,withdrawal,133.24,SELF,atm,US,normal
T01008,2026-06-17 19:38:00,C022,withdrawal,285.79,SELF,atm,US,normal
T01009,2026-06-17 19:48:00,C008,payment,111.34,M728,card,US,normal
T01010,2026-06-18 08:14:00,C029,transfer,44.35,P9104,online,US,normal
T01011,2026-06-18 08:28:00,C044,payment,220.27,M757,card,US,normal
T01012,2026-06-18 08:29:00,C017,deposit,1228.95,SELF,branch,US,normal
T01013,2026-06-18 08:36:00,C035,payment,145.68,M224,card,US,normal
T01014,2026-06-18 08:38:00,C035,withdrawal,138.79,SELF,atm,US,normal
T01015,2026-06-18 08:48:00,C033,payment,95.56,M204,card,US,normal
T01016,2026-06-18 08:55:00,C002,transfer,154.98,P1847,online,US,normal
T01017,2026-06-18 08:58:00,C027,withdrawal,146.63,SELF,atm,US,normal
T01018,2026-06-18 09:17:00,C041,payment,97.6,M916,card,US,normal
T01019,2026-06-18 09:23:00,C005,transfer,425.12,P5908,online,US,normal
T01020,2026-06-18 09:26:00,C030,deposit,587.89,SELF,branch,US,normal
T01021,2026-06-18 09:31:00,C047,deposit,338.9,SELF,branch,US,normal
T01022,2026-06-18 09:50:00,C021,payment,28.81,M760,card,US,normal
T01023,2026-06-18 10:10:00,C004,deposit,170.62,SELF,branch,US,normal
T01024,2026-06-18 10:10:00,C024,payment,309.55,M121,card,US,normal
T01025,2026-06-18 10:41:00,C015,payment,203.49,M266,card,US,normal
T01026,2026-06-18 11:02:00,C013,payment,126.11,M216,card,US,normal
T01027,2026-06-18 11:07:00,C006,payment,75.25,M264,card,US,normal
T01028,2026-06-18 11:15:00,C022,payment,211.64,M791,card,US,normal
T01029,2026-06-18 11:39:00,C004,payment,68.82,M119,card,US,normal
T01030,2026-06-18 11:53:00,C016,payment,285.97,M237,card,US,normal
T01031,2026-06-18 12:10:00,C036,payment,193.01,M839,card,US,normal
T01032,2026-06-18 12:12:00,C038,payment,245.91,M144,card,US,normal
T01033,2026-06-18 12:23:00,C036,payment,224.07,M116,card,US,normal
T01034,2026-06-18 12:38:00,C036,transfer,200.5,P5022,online,US,normal
T01035,2026-06-18 12:49:00,C019,payment,109.34,M289,card,US,normal
T01036,2026-06-18 12:58:00,C014,payment,130.18,M535,card,US,normal
T01037,2026-06-18 12:59:00,C039,payment,128.18,M260,card,US,normal
T01038,2026-06-18 13:01:00,C012,payment,162.02,M992,card,US,normal
T01039,2026-06-18 13:04:00,C013,payment,131.79,M452,card,US,normal
T01040,2026-06-18 13:05:00,C011,transfer,945.55,P9706,online,US,normal
T01041,2026-06-18 13:21:00,C034,payment,73.57,M327,card,US,normal
T01042,2026-06-18 13:30:00,C018,payment,110.62,M790,card,US,normal
T01043,2026-06-18 14:12:00,C019,payment,101.48,M702,card,US,normal
T01044,2026-06-18 14:13:00,C046,payment,121.52,M986,card,US,normal
T01045,2026-06-18 14:34:00,C029,payment,68.82,M656,card,US,normal
T01046,2026-06-18 14:39:00,C013,payment,138.19,M165,card,US,normal
T01047,2026-06-18 14:56:00,C048,payment,136.24,M106,card,US,normal
T01048,2026-06-18 14:59:00,C006,payment,70.83,M242,card,US,normal
T01049,2026-06-18 15:01:00,C017,transfer,267.74,P8243,online,US,normal
T01050,2026-06-18 15:11:00,C020,withdrawal,443.52,SELF,atm,US,normal
T01051,2026-06-18 15:17:00,C015,deposit,417.2,SELF,branch,US,normal
T01052,2026-06-18 15:25:00,C014,payment,75.76,M970,card,US,normal
T01053,2026-06-18 15:39:00,C012,transfer,80.69,P5225,online,US,normal
T01054,2026-06-18 15:52:00,C030,deposit,279.1,SELF,branch,US,normal
T01055,2026-06-18 15:59:00,C027,payment,202.78,M183,card,US,normal
T01056,2026-06-18 16:14:00,C031,payment,105.19,M863,card,US,normal
T01057,2026-06-18 16:39:00,C047,deposit,930.68,SELF,branch,US,normal
T01058,2026-06-18 16:48:00,C017,payment,238.36,M812,card,US,normal
T01059,2026-06-18 16:54:00,C050,payment,68.06,M312,card,US,normal
T01060,2026-06-18 16:54:00,C007,transfer,236.38,P3490,online,US,normal
T01061,2026-06-18 17:02:00,C020,transfer,194.26,P5239,online,US,normal
T01062,2026-06-18 17:08:00,C037,payment,394.25,M405,card,US,normal
T01063,2026-06-18 17:45:00,C031,deposit,443.91,SELF,branch,US,normal
T01064,2026-06-18 17:50:00,C005,payment,140.36,M775,card,US,normal
T01065,2026-06-18 17:51:00,C003,withdrawal,85.32,SELF,atm,US,normal
T01066,2026-06-18 17:57:00,C007,payment,477.83,M677,card,US,normal
T01067,2026-06-18 18:03:00,C017,payment,309.13,M166,card,US,normal
T01068,2026-06-18 18:19:00,C041,deposit,181.32,SELF,branch,US,normal
T01069,2026-06-18 18:34:00,C003,payment,108.91,M964,card,US,normal
T01070,2026-06-18 18:40:00,C042,payment,351.48,M308,card,US,normal
T01071,2026-06-18 18:52:00,C033,transfer,56.29,P4296,online,US,normal
T01072,2026-06-18 18:53:00,C018,deposit,464.87,SELF,branch,US,normal
T01073,2026-06-18 18:55:00,C005,transfer,108.46,P8404,online,US,normal
T01074,2026-06-18 18:57:00,C048,payment,457.2,M899,card,US,normal
T01075,2026-06-18 19:09:00,C034,payment,45.51,M516,card,US,normal
T01076,2026-06-18 19:09:00,C014,deposit,340.52,SELF,branch,US,normal
T01077,2026-06-18 19:18:00,C036,deposit,433.63,SELF,branch,US,normal
T01078,2026-06-18 19:20:00,C039,payment,263.86,M655,card,US,normal
T01079,2026-06-18 19:32:00,C006,transfer,91.46,P5990,online,US,normal
T01080,2026-06-18 19:39:00,C011,deposit,2104.53,SELF,branch,US,normal
T01081,2026-06-18 19:53:00,C042,payment,701.14,M733,card,US,normal
T01082,2026-06-19 08:00:00,C044,payment,83.67,M188,card,US,normal
T01083,2026-06-19 08:24:00,C002,deposit,796.83,SELF,branch,US,normal
T01084,2026-06-19 08:28:00,C046,payment,101.69,M740,card,US,normal
T01085,2026-06-19 09:11:00,C001,payment,153.78,M421,card,US,normal
T01086,2026-06-19 09:35:00,C044,transfer,123.18,P9906,online,US,normal
T01087,2026-06-19 09:43:00,C006,transfer,102.24,P8990,online,US,normal
T01088,2026-06-19 09:55:00,C036,payment,153.29,M221,card,US,normal
T01089,2026-06-19 10:23:00,C027,deposit,727.68,SELF,branch,US,normal
T01090,2026-06-19 10:25:00,C044,deposit,350.32,SELF,branch,US,normal
T01091,2026-06-19 10:26:00,C050,deposit,301.91,SELF,branch,US,normal
T01092,2026-06-19 10:33:00,C037,payment,159.13,M270,card,US,normal
T01093,2026-06-19 11:26:00,C017,withdrawal,264.06,SELF,atm,US,normal
T01094,2026-06-19 11:27:00,C024,payment,431.36,M373,card,US,normal
T01095,2026-06-19 11:31:00,C017,deposit,812.89,SELF,branch,US,normal
T01096,2026-06-19 11:42:00,C046,payment,54.87,M414,card,US,normal
T01097,2026-06-19 11:45:00,C005,transfer,157.07,P8404,online,US,normal
T01098,2026-06-19 11:56:00,C040,deposit,632.58,SELF,branch,US,normal
T01099,2026-06-19 12:28:00,C033,payment,80.26,M435,card,US,normal
T01100,2026-06-19 13:03:00,C006,payment,58.94,M645,card,US,normal
T01101,2026-06-19 13:07:00,C044,payment,148.19,M521,card,US,normal
T01102,2026-06-19 13:12:00,C017,deposit,559.1,SELF,branch,US,normal
T01103,2026-06-19 13:25:00,C041,deposit,318.29,SELF,branch,US,normal
T01104,2026-06-19 14:22:00,C022,payment,289.72,M461,card,US,normal
T01105,2026-06-19 14:23:00,C034,payment,88.23,M146,card,US,normal
T01106,2026-06-19 14:38:00,C011,payment,401.87,M851,card,US,normal
T01107,2026-06-19 14:44:00,C028,transfer,42.56,P1955,online,US,normal
T01108,2026-06-19 14:48:00,C035,withdrawal,84.27,SELF,atm,US,normal
T01109,2026-06-19 15:17:00,C013,deposit,686.14,SELF,branch,US,normal
T01110,2026-06-19 15:34:00,C016,transfer,90.88,P3155,online,US,normal
T01111,2026-06-19 15:46:00,C026,deposit,291.67,SELF,branch,US,normal
T01112,2026-06-19 15:52:00,C006,deposit,565.78,SELF,branch,US,normal
T01113,2026-06-19 16:03:00,C002,transfer,245.65,P5737,online,US,normal
T01114,2026-06-19 16:31:00,C016,payment,171.65,M552,card,US,normal
T01115,2026-06-19 16:55:00,C009,payment,73.73,M720,card,US,normal
T01116,2026-06-19 17:00:00,C013,payment,115.39,M638,card,US,normal
T01117,2026-06-19 17:04:00,C007,transfer,156.52,P6684,online,US,normal
T01118,2026-06-19 17:36:00,C043,withdrawal,173.71,SELF,atm,US,normal
T01119,2026-06-19 17:48:00,C016,payment,105.57,M305,card,US,normal
T01120,2026-06-19 17:49:00,C046,transfer,39.83,P5340,online,US,normal
T01121,2026-06-19 17:52:00,C033,payment,164.26,M724,card,US,normal
T01122,2026-06-19 17:54:00,C013,withdrawal,119.47,SELF,atm,US,normal
T01123,2026-06-19 18:35:00,C005,deposit,635.47,SELF,branch,US,normal
T01124,2026-06-19 18:48:00,C018,payment,124.42,M485,card,US,normal
T01125,2026-06-19 18:51:00,C037,deposit,1046.42,SELF,branch,US,normal
T01126,2026-06-19 18:55:00,C001,payment,161.53,M841,card,US,normal
T01127,2026-06-19 19:27:00,C021,payment,99.02,M566,card,US,normal
T01128,2026-06-19 19:44:00,C041,transfer,69.87,P8081,online,US,normal
T01129,2026-06-19 19:59:00,C022,transfer,367.78,P6032,online,US,normal
T01130,2026-06-20 08:03:00,C002,transfer,127.7,P1847,online,US,normal
T01131,2026-06-20 08:09:00,C029,payment,62.83,M482,card,US,normal
T01132,2026-06-20 08:24:00,C037,payment,177.81,M875,card,US,normal
T01133,2026-06-20 08:50:00,C027,deposit,541.78,SELF,branch,US,normal
T01134,2026-06-20 08:52:00,C030,transfer,322.04,P7266,online,US,normal
T01135,2026-06-20 09:07:00,C003,payment,139.45,M482,card,US,normal
T01136,2026-06-20 09:32:00,C014,payment,98.87,M538,card,US,normal
T01137,2026-06-20 09:54:00,C030,payment,195.94,M959,card,US,normal
T01138,2026-06-20 10:11:00,C021,transfer,68.34,P7884,online,US,normal
T01139,2026-06-20 10:16:00,C024,deposit,482.25,SELF,branch,US,normal
T01140,2026-06-20 10:31:00,C050,payment,85.3,M604,card,US,normal
T01141,2026-06-20 10:36:00,C022,payment,130.0,M254,card,US,normal
T01142,2026-06-20 10:39:00,C005,withdrawal,81.13,SELF,atm,US,normal
T01143,2026-06-20 11:08:00,C015,payment,76.59,M146,card,US,normal
T01144,2026-06-20 12:05:00,C027,payment,70.41,M200,card,US,normal
T01145,2026-06-20 12:12:00,C045,payment,53.49,M996,card,US,normal
T01146,2026-06-20 12:14:00,C007,payment,263.07,M350,card,US,normal
T01147,2026-06-20 12:28:00,C038,deposit,786.45,SELF,branch,US,normal
T01148,2026-06-20 12:35:00,C026,deposit,248.99,SELF,branch,US,normal
T01149,2026-06-20 12:54:00,C003,withdrawal,107.57,SELF,atm,US,normal
T01150,2026-06-20 13:05:00,C029,transfer,37.46,P5156,online,US,normal
T01151,2026-06-20 13:09:00,C030,transfer,189.07,P5460,online,US,normal
T01152,2026-06-20 13:18:00,C045,deposit,252.69,SELF,branch,US,normal
T01153,2026-06-20 14:27:00,C024,payment,218.5,M879,card,US,normal
T01154,2026-06-20 14:36:00,C026,payment,110.05,M192,card,US,normal
T01155,2026-06-20 14:55:00,C017,payment,300.81,M784,card,US,normal
T01156,2026-06-20 15:10:00,C007,payment,317.21,M294,card,US,normal
T01157,2026-06-20 15:12:00,C046,payment,101.44,M853,card,US,normal
T01158,2026-06-20 15:32:00,C041,payment,87.27,M922,card,US,normal
T01159,2026-06-20 15:34:00,C034,payment,72.26,M938,card,US,normal
T01160,2026-06-20 15:58:00,C014,payment,100.07,M278,card,US,normal
T01161,2026-06-20 16:46:00,C050,deposit,374.75,SELF,branch,US,normal
T01162,2026-06-20 16:49:00,C043,payment,509.6,M159,card,US,normal
T01163,2026-06-20 17:02:00,C012,payment,73.57,M222,card,US,normal
T01164,2026-06-20 17:04:00,C011,transfer,733.99,P4697,online,US,normal
T01165,2026-06-20 17:08:00,C006,transfer,68.49,P8990,online,US,normal
T01166,2026-06-20 17:23:00,C045,withdrawal,71.04,SELF,atm,US,normal
T01167,2026-06-20 17:45:00,C031,payment,101.75,M403,card,US,normal
T01168,2026-06-20 17:50:00,C022,transfer,260.27,P8153,online,US,normal
T01169,2026-06-20 18:05:00,C047,withdrawal,492.36,SELF,atm,US,normal
T01170,2026-06-20 18:12:00,C012,transfer,53.19,P5225,online,US,normal
T01171,2026-06-20 19:09:00,C033,withdrawal,119.97,SELF,atm,US,normal
T01172,2026-06-20 19:20:00,C041,deposit,349.81,SELF,branch,US,normal
T01173,2026-06-20 19:29:00,C010,payment,135.75,M979,card,US,normal
T01174,2026-06-20 19:46:00,C035,payment,158.59,M343,card,US,normal
T01175,2026-06-20 19:52:00,C047,deposit,525.43,SELF,branch,US,normal
T01176,2026-06-21 08:25:00,C042,withdrawal,388.56,SELF,atm,US,normal
T01177,2026-06-21 08:56:00,C003,payment,334.02,M159,card,US,normal
T01178,2026-06-21 09:02:00,C023,deposit,299.58,SELF,branch,US,normal
T01179,2026-06-21 09:04:00,C011,payment,440.44,M153,card,US,normal
T01180,2026-06-21 09:10:00,C028,transfer,51.47,P1204,online,US,normal
T01181,2026-06-21 09:46:00,C028,transfer,94.5,P1810,online,US,normal
T01182,2026-06-21 09:47:00,C026,transfer,114.79,P6956,online,US,normal
T01183,2026-06-21 10:08:00,C017,payment,114.17,M424,card,US,normal
T01184,2026-06-21 10:25:00,C020,payment,237.56,M671,card,US,normal
T01185,2026-06-21 10:30:00,C046,deposit,179.06,SELF,branch,US,normal
T01186,2026-06-21 10:37:00,C039,withdrawal,144.1,SELF,atm,US,normal
T01187,2026-06-21 10:52:00,C031,withdrawal,130.8,SELF,atm,US,normal
T01188,2026-06-21 11:02:00,C019,payment,124.3,M927,card,US,normal
T01189,2026-06-21 11:08:00,C012,transfer,117.87,P5225,online,US,normal
T01190,2026-06-21 11:13:00,C038,deposit,1474.69,SELF,branch,US,normal
T01191,2026-06-21 11:44:00,C030,payment,220.81,M109,card,US,normal
T01192,2026-06-21 11:49:00,C040,payment,137.68,M177,card,US,normal
T01193,2026-06-21 11:57:00,C018,payment,105.86,M850,card,US,normal
T01194,2026-06-21 11:57:00,C021,payment,53.38,M819,card,US,normal
T01195,2026-06-21 11:59:00,C029,payment,74.05,M551,card,US,normal
T01196,2026-06-21 12:24:00,C018,deposit,508.88,SELF,branch,US,normal
T01197,2026-06-21 12:32:00,C046,transfer,78.42,P5203,online,US,normal
T01198,2026-06-21 12:38:00,C018,payment,123.46,M585,card,US,normal
T01199,2026-06-21 12:42:00,C043,withdrawal,189.3,SELF,atm,US,normal
T01200,2026-06-21 12:46:00,C020,transfer,292.34,P7014,online,US,normal
T01201,2026-06-21 12:48:00,C042,transfer,178.37,P3968,online,US,normal
T01202,2026-06-21 12:48:00,C043,payment,118.82,M581,card,US,normal
T01203,2026-06-21 12:52:00,C035,withdrawal,85.21,SELF,atm,US,normal
T01204,2026-06-21 13:07:00,C009,deposit,431.6,SELF,branch,US,normal
T01205,2026-06-21 13:24:00,C028,deposit,463.28,SELF,branch,US,normal
T01206,2026-06-21 13:30:00,C041,deposit,501.91,SELF,branch,US,normal
T01207,2026-06-21 13:46:00,C049,deposit,989.34,SELF,branch,US,normal
T01208,2026-06-21 13:50:00,C005,payment,174.71,M403,card,US,normal
T01209,2026-06-21 14:06:00,C038,transfer,194.66,P8708,online,US,normal
T01210,2026-06-21 14:09:00,C003,payment,257.98,M567,card,US,normal
T01211,2026-06-21 14:18:00,C044,transfer,100.07,P6228,online,US,normal
T01212,2026-06-21 14:22:00,C023,payment,88.12,M797,card,US,normal
T01213,2026-06-21 14:25:00,C012,payment,201.84,M146,card,US,normal
T01214,2026-06-21 14:36:00,C042,payment,373.31,M658,card,US,normal
T01215,2026-06-21 14:52:00,C017,payment,242.02,M395,card,US,normal
T01216,2026-06-21 14:59:00,C050,withdrawal,161.38,SELF,atm,US,normal
T01217,2026-06-21 15:26:00,C048,deposit,616.02,SELF,branch,US,normal
T01218,2026-06-21 15:28:00,C006,payment,135.23,M675,card,US,normal
T01219,2026-06-21 15:34:00,C047,payment,368.75,M574,card,US,normal
T01220,2026-06-21 15:36:00,C048,withdrawal,389.39,SELF,atm,US,normal
T01221,2026-06-21 15:50:00,C008,deposit,496.62,SELF,branch,US,normal
T01222,2026-06-21 16:00:00,C030,payment,115.36,M730,card,US,normal
T01223,2026-06-21 16:03:00,C045,payment,51.77,M784,card,US,normal
T01224,2026-06-21 16:11:00,C005,transfer,129.18,P5908,online,US,normal
T01225,2026-06-21 16:14:00,C029,transfer,69.2,P5156,online,US,normal
T01226,2026-06-21 16:30:00,C026,payment,244.32,M641,card,US,normal
T01227,2026-06-21 16:32:00,C037,deposit,492.5,SELF,branch,US,normal
T01228,2026-06-21 16:35:00,C033,payment,208.52,M195,card,US,normal
T01229,2026-06-21 17:10:00,C038,payment,187.23,M661,card,US,normal
T01230,2026-06-21 17:10:00,C022,transfer,209.68,P8153,online,US,normal
T01231,2026-06-21 17:28:00,C029,payment,125.4,M701,card,US,normal
T01232,2026-06-21 17:35:00,C031,payment,141.68,M940,card,US,normal
T01233,2026-06-21 17:45:00,C050,transfer,52.89,P1194,online,US,normal
T01234,2026-06-21 18:07:00,C021,payment,41.17,M208,card,US,normal
T01235,2026-06-21 18:16:00,C039,transfer,198.29,P4888,online,US,normal
T01236,2026-06-21 18:28:00,C040,payment,144.77,M293,card,US,normal
T01237,2026-06-21 18:34:00,C005,payment,143.49,M613,card,US,normal
T01238,2026-06-21 18:42:00,C033,payment,52.67,M624,card,US,normal
T01239,2026-06-21 18:44:00,C037,transfer,391.27,P7493,online,US,normal
T01240,2026-06-21 18:58:00,C006,transfer,65.76,P5990,online,US,normal
T01241,2026-06-21 19:02:00,C036,payment,175.08,M723,card,US,normal
T01242,2026-06-21 19:03:00,C035,payment,253.47,M769,card,US,normal
T01243,2026-06-22 08:54:00,C049,transfer,230.32,P3983,online,US,normal
T01244,2026-06-22 08:59:00,C041,withdrawal,112.85,SELF,atm,US,normal
T01245,2026-06-22 09:04:00,C045,deposit,390.67,SELF,branch,US,normal
T01246,2026-06-22 09:16:00,C005,transfer,79.89,P5908,online,US,normal
T01247,2026-06-22 09:49:00,C031,payment,115.59,M804,card,US,normal
T01248,2026-06-22 10:04:00,C034,transfer,65.79,P3392,online,US,normal
T01249,2026-06-22 10:04:00,C028,transfer,73.98,P1810,online,US,normal
T01250,2026-06-22 10:32:00,C006,deposit,196.91,SELF,branch,US,normal
T01251,2026-06-22 10:33:00,C024,deposit,930.47,SELF,branch,US,normal
T01252,2026-06-22 10:57:00,C047,deposit,2018.5,SELF,branch,US,normal
T01253,2026-06-22 11:01:00,C013,transfer,147.89,P7177,online,US,normal
T01254,2026-06-22 11:05:00,C017,payment,115.27,M525,card,US,normal
T01255,2026-06-22 11:38:00,C027,payment,120.86,M714,card,US,normal
T01256,2026-06-22 12:01:00,C024,transfer,227.62,P4676,online,US,normal
T01257,2026-06-22 12:44:00,C014,payment,96.75,M116,card,US,normal
T01258,2026-06-22 12:50:00,C049,payment,78.06,M869,card,US,normal
T01259,2026-06-22 13:03:00,C029,payment,72.24,M906,card,US,normal
T01260,2026-06-22 13:27:00,C021,transfer,37.73,P7884,online,US,normal
T01261,2026-06-22 13:46:00,C050,deposit,146.55,SELF,branch,US,normal
T01262,2026-06-22 13:57:00,C003,transfer,175.6,P5618,online,US,normal
T01263,2026-06-22 14:07:00,C043,payment,138.49,M873,card,US,normal
T01264,2026-06-22 14:12:00,C007,payment,305.92,M450,card,US,normal
T01265,2026-06-22 14:23:00,C002,transfer,169.16,P5737,online,US,normal
T01266,2026-06-22 14:32:00,C018,withdrawal,123.86,SELF,atm,US,normal
T01267,2026-06-22 14:34:00,C018,payment,149.07,M729,card,US,normal
T01268,2026-06-22 14:36:00,C004,deposit,312.35,SELF,branch,US,normal
T01269,2026-06-22 14:45:00,C041,payment,50.46,M819,card,US,normal
T01270,2026-06-22 14:46:00,C040,withdrawal,230.56,SELF,atm,US,normal
T01271,2026-06-22 15:07:00,C036,deposit,618.63,SELF,branch,US,normal
T01272,2026-06-22 15:14:00,C018,payment,405.83,M245,card,US,normal
T01273,2026-06-22 15:15:00,C020,payment,155.6,M896,card,US,normal
T01274,2026-06-22 15:55:00,C049,deposit,434.88,SELF,branch,US,normal
T01275,2026-06-22 16:19:00,C005,transfer,59.78,P5908,online,US,normal
T01276,2026-06-22 16:21:00,C033,payment,42.68,M234,card,US,normal
T01277,2026-06-22 16:24:00,C033,transfer,93.99,P9176,online,US,normal
T01278,2026-06-22 17:05:00,C034,transfer,157.6,P9721,online,US,normal
T01279,2026-06-22 17:25:00,C019,payment,76.84,M171,card,US,normal
T01280,2026-06-22 17:45:00,C049,transfer,107.22,P3983,online,US,normal
T01281,2026-06-22 17:50:00,C013,withdrawal,194.31,SELF,atm,US,normal
T01282,2026-06-22 17:56:00,C047,payment,134.63,M810,card,US,normal
T01283,2026-06-22 18:31:00,C012,payment,73.95,M231,card,US,normal
T01284,2026-06-22 18:42:00,C020,payment,577.01,M559,card,US,normal
T01285,2026-06-22 18:44:00,C029,withdrawal,55.79,SELF,atm,US,normal
T01286,2026-06-22 19:17:00,C010,deposit,236.76,SELF,branch,US,normal
T01287,2026-06-22 19:22:00,C031,transfer,229.92,P3148,online,US,normal
T01288,2026-06-23 08:12:00,C046,deposit,156.3,SELF,branch,US,normal
T01289,2026-06-23 08:13:00,C007,payment,244.23,M581,card,US,normal
T01290,2026-06-23 08:29:00,C023,transfer,121.92,P4127,online,US,normal
T01291,2026-06-23 08:40:00,C050,payment,143.1,M256,card,US,normal
T01292,2026-06-23 08:48:00,C028,payment,77.04,M412,card,US,normal
T01293,2026-06-23 08:53:00,C022,withdrawal,125.75,SELF,atm,US,normal
T01294,2026-06-23 08:56:00,C037,payment,157.34,M510,card,US,normal
T01295,2026-06-23 09:08:00,C048,payment,209.23,M512,card,US,normal
T01296,2026-06-23 09:09:00,C022,payment,326.65,M815,card,US,normal
T01297,2026-06-23 09:22:00,C005,deposit,722.14,SELF,branch,US,normal
T01298,2026-06-23 09:25:00,C002,deposit,475.93,SELF,branch,US,normal
T01299,2026-06-23 09:58:00,C034,deposit,244.84,SELF,branch,US,normal
T01300,2026-06-23 10:11:00,C043,deposit,503.32,SELF,branch,US,normal
T01301,2026-06-23 10:22:00,C016,deposit,596.53,SELF,branch,US,normal
T01302,2026-06-23 10:30:00,C015,payment,346.2,M293,card,US,normal
T01303,2026-06-23 10:33:00,C011,deposit,1310.57,SELF,branch,US,normal
T01304,2026-06-23 11:06:00,C029,payment,151.94,M862,card,US,normal
T01305,2026-06-23 11:09:00,C012,transfer,175.72,P5225,online,US,normal
T01306,2026-06-23 11:12:00,C031,transfer,186.1,P3713,online,US,normal
T01307,2026-06-23 11:18:00,C036,payment,166.27,M995,card,US,normal
T01308,2026-06-23 11:21:00,C043,transfer,107.28,P1930,online,US,normal
T01309,2026-06-23 11:35:00,C013,payment,189.84,M173,card,US,normal
T01310,2026-06-23 11:39:00,C029,deposit,262.76,SELF,branch,US,normal
T01311,2026-06-23 12:12:00,C022,withdrawal,142.51,SELF,atm,US,normal
T01312,2026-06-23 12:20:00,C050,payment,160.97,M468,card,US,normal
T01313,2026-06-23 12:23:00,C009,payment,157.53,M943,card,US,normal
T01314,2026-06-23 12:49:00,C016,deposit,447.69,SELF,branch,US,normal
T01315,2026-06-23 12:51:00,C027,withdrawal,201.92,SELF,atm,US,normal
T01316,2026-06-23 13:13:00,C041,payment,68.74,M270,card,US,normal
T01317,2026-06-23 13:34:00,C009,payment,219.74,M923,card,US,normal
T01318,2026-06-23 14:22:00,C023,payment,209.24,M164,card,US,normal
T01319,2026-06-23 14:32:00,C031,payment,119.75,M951,card,US,normal
T01320,2026-06-23 14:32:00,C019,transfer,111.94,P6118,online,US,normal
T01321,2026-06-23 14:34:00,C027,withdrawal,306.19,SELF,atm,US,normal
T01322,2026-06-23 14:38:00,C017,deposit,1040.1,SELF,branch,US,normal
T01323,2026-06-23 14:47:00,C017,transfer,177.2,P8243,online,US,normal
T01324,2026-06-23 15:00:00,C028,payment,205.81,M932,card,US,normal
T01325,2026-06-23 15:19:00,C013,withdrawal,112.39,SELF,atm,US,normal
T01326,2026-06-23 15:32:00,C036,deposit,399.66,SELF,branch,US,normal
T01327,2026-06-23 15:42:00,C035,payment,256.84,M340,card,US,normal
T01328,2026-06-23 16:03:00,C023,payment,200.9,M679,card,US,normal
T01329,2026-06-23 16:28:00,C031,deposit,289.11,SELF,branch,US,normal
T01330,2026-06-23 16:40:00,C021,payment,63.26,M727,card,US,normal
T01331,2026-06-23 16:49:00,C009,transfer,87.53,P2751,online,US,normal
T01332,2026-06-23 17:03:00,C045,transfer,63.74,P6317,online,US,normal
T01333,2026-06-23 17:04:00,C044,deposit,369.79,SELF,branch,US,normal
T01334,2026-06-23 17:09:00,C048,withdrawal,117.95,SELF,atm,US,normal
T01335,2026-06-23 17:19:00,C033,transfer,67.78,P4296,online,US,normal
T01336,2026-06-23 17:21:00,C002,transfer,240.69,P1847,online,US,normal
T01337,2026-06-23 17:34:00,C038,payment,164.51,M105,card,US,normal
T01338,2026-06-23 17:57:00,C036,transfer,139.94,P5022,online,US,normal
T01339,2026-06-23 18:06:00,C008,deposit,291.91,SELF,branch,US,normal
T01340,2026-06-23 18:07:00,C004,payment,134.0,M663,card,US,normal
T01341,2026-06-24 08:08:00,C046,transfer,60.71,P8043,online,US,normal
T01342,2026-06-24 08:10:00,C050,payment,106.08,M879,card,US,normal
T01343,2026-06-24 08:10:00,C050,payment,283.64,M680,card,US,normal
T01344,2026-06-24 08:20:00,C013,deposit,367.96,SELF,branch,US,normal
T01345,2026-06-24 08:43:00,C005,payment,60.87,M633,card,US,normal
T01346,2026-06-24 08:59:00,C011,payment,289.62,M840,card,US,normal
T01347,2026-06-24 09:09:00,C035,transfer,99.48,P7451,online,US,normal
T01348,2026-06-24 09:26:00,C006,deposit,291.17,SELF,branch,US,normal
T01349,2026-06-24 09:26:00,C011,payment,552.79,M490,card,US,normal
T01350,2026-06-24 10:00:00,C016,withdrawal,204.14,SELF,atm,US,normal
T01351,2026-06-24 10:07:00,C029,payment,140.35,M195,card,US,normal
T01352,2026-06-24 10:15:00,C026,deposit,411.3,SELF,branch,US,normal
T01353,2026-06-24 10:16:00,C012,payment,59.04,M921,card,US,normal
T01354,2026-06-24 10:17:00,C024,payment,258.41,M957,card,US,normal
T01355,2026-06-24 10:24:00,C044,transfer,82.68,P6228,online,US,normal
T01356,2026-06-24 11:15:00,C035,payment,119.85,M822,card,US,normal
T01357,2026-06-24 11:53:00,C022,payment,113.11,M729,card,US,normal
T01358,2026-06-24 11:59:00,C043,payment,226.35,M136,card,US,normal
T01359,2026-06-24 12:07:00,C007,payment,571.86,M291,card,US,normal
T01360,2026-06-24 12:29:00,C043,deposit,670.25,SELF,branch,US,normal
T01361,2026-06-24 12:40:00,C040,payment,158.91,M105,card,US,normal
T01362,2026-06-24 12:42:00,C022,withdrawal,346.88,SELF,atm,US,normal
T01363,2026-06-24 12:46:00,C043,payment,274.39,M554,card,US,normal
T01364,2026-06-24 12:50:00,C007,payment,284.48,M893,card,US,normal
T01365,2026-06-24 13:07:00,C030,transfer,126.5,P5475,online,US,normal
T01366,2026-06-24 13:14:00,C040,transfer,153.18,P6256,online,US,normal
T01367,2026-06-24 14:09:00,C002,deposit,666.58,SELF,branch,US,normal
T01368,2026-06-24 14:11:00,C042,deposit,1219.64,SELF,branch,US,normal
T01369,2026-06-24 14:26:00,C031,payment,344.88,M327,card,US,normal
T01370,2026-06-24 14:30:00,C024,deposit,564.01,SELF,branch,US,normal
T01371,2026-06-24 14:48:00,C048,payment,105.61,M452,card,US,normal
T01372,2026-06-24 14:55:00,C017,deposit,1096.06,SELF,branch,US,normal
T01373,2026-06-24 14:59:00,C033,payment,86.24,M282,card,US,normal
T01374,2026-06-24 15:00:00,C037,payment,197.96,M901,card,US,normal
T01375,2026-06-24 15:02:00,C027,transfer,216.28,P4761,online,US,normal
T01376,2026-06-24 15:06:00,C012,payment,94.02,M607,card,US,normal
T01377,2026-06-24 15:44:00,C048,transfer,103.81,P6144,online,US,normal
T01378,2026-06-24 17:20:00,C016,deposit,339.45,SELF,branch,US,normal
T01379,2026-06-24 17:25:00,C044,payment,59.16,M948,card,US,normal
T01380,2026-06-24 17:28:00,C038,deposit,487.05,SELF,branch,US,normal
T01381,2026-06-24 17:32:00,C023,withdrawal,60.67,SELF,atm,US,normal
T01382,2026-06-24 18:11:00,C034,payment,72.6,M539,card,US,normal
T01383,2026-06-24 18:12:00,C030,deposit,497.53,SELF,branch,US,normal
T01384,2026-06-24 18:17:00,C015,withdrawal,183.58,SELF,atm,US,normal
T01385,2026-06-24 18:26:00,C049,withdrawal,125.63,SELF,atm,US,normal
T01386,2026-06-24 18:43:00,C018,payment,185.73,M523,card,US,normal
T01387,2026-06-24 18:47:00,C027,withdrawal,162.74,SELF,atm,US,normal
T01388,2026-06-24 18:58:00,C026,withdrawal,88.51,SELF,atm,US,normal
T01389,2026-06-24 19:00:00,C024,payment,239.58,M284,card,US,normal
T01390,2026-06-24 19:02:00,C010,transfer,277.85,P7146,online,US,normal
T01391,2026-06-24 19:03:00,C013,transfer,184.85,P5280,online,US,normal
T01392,2026-06-24 19:37:00,C048,withdrawal,108.51,SELF,atm,US,normal
T01393,2026-06-24 19:47:00,C007,payment,182.58,M649,card,US,normal
T01394,2026-06-25 08:03:00,C007,transfer,300.76,P6684,online,US,normal
T01395,2026-06-25 08:19:00,C017,payment,410.98,M707,card,US,normal
T01396,2026-06-25 08:36:00,C024,transfer,309.75,P9932,online,US,normal
T01397,2026-06-25 09:16:00,C041,payment,91.61,M146,card,US,normal
T01398,2026-06-25 09:37:00,C042,payment,569.34,M813,card,US,normal
T01399,2026-06-25 09:43:00,C004,payment,71.05,M109,card,US,normal
T01400,2026-06-25 09:52:00,C031,payment,189.81,M637,card,US,normal
T01401,2026-06-25 10:09:00,C005,payment,160.77,M437,card,US,normal
T01402,2026-06-25 10:37:00,C022,payment,132.84,M480,card,US,normal
T01403,2026-06-25 10:49:00,C021,deposit,137.23,SELF,branch,US,normal
T01404,2026-06-25 11:30:00,C033,deposit,172.1,SELF,branch,US,normal
T01405,2026-06-25 11:54:00,C027,payment,255.14,M822,card,US,normal
T01406,2026-06-25 12:05:00,C019,payment,80.98,M270,card,US,normal
T01407,2026-06-25 12:12:00,C029,deposit,266.05,SELF,branch,US,normal
T01408,2026-06-25 12:21:00,C028,withdrawal,198.38,SELF,atm,US,normal
T01409,2026-06-25 12:21:00,C015,deposit,747.07,SELF,branch,US,normal
T01410,2026-06-25 13:05:00,C024,payment,126.28,M669,card,US,normal
T01411,2026-06-25 13:33:00,C004,transfer,58.11,P9339,online,US,normal
T01412,2026-06-25 14:09:00,C036,transfer,180.72,P1713,online,US,normal
T01413,2026-06-25 14:14:00,C039,withdrawal,369.38,SELF,atm,US,normal
T01414,2026-06-25 14:34:00,C015,payment,314.01,M709,card,US,normal
T01415,2026-06-25 14:42:00,C050,payment,113.32,M250,card,US,normal
T01416,2026-06-25 14:43:00,C013,transfer,50.99,P5280,online,US,normal
T01417,2026-06-25 15:34:00,C028,payment,131.49,M534,card,US,normal
T01418,2026-06-25 15:39:00,C019,deposit,376.05,SELF,branch,US,normal
T01419,2026-06-25 15:41:00,C041,deposit,231.04,SELF,branch,US,normal
T01420,2026-06-25 15:42:00,C017,transfer,140.92,P8243,online,US,normal
T01421,2026-06-25 15:44:00,C049,payment,157.89,M380,card,US,normal
T01422,2026-06-25 16:04:00,C040,deposit,383.53,SELF,branch,US,normal
T01423,2026-06-25 16:09:00,C036,deposit,270.48,SELF,branch,US,normal
T01424,2026-06-25 16:51:00,C036,withdrawal,113.59,SELF,atm,US,normal
T01425,2026-06-25 17:03:00,C027,withdrawal,145.41,SELF,atm,US,normal
T01426,2026-06-25 17:09:00,C016,payment,137.78,M105,card,US,normal
T01427,2026-06-25 17:13:00,C008,transfer,239.03,P5010,online,US,normal
T01428,2026-06-25 17:22:00,C028,deposit,374.56,SELF,branch,US,normal
T01429,2026-06-25 17:41:00,C034,payment,81.34,M207,card,US,normal
T01430,2026-06-25 17:43:00,C042,withdrawal,290.64,SELF,atm,US,normal
T01431,2026-06-25 17:45:00,C049,transfer,214.54,P5904,online,US,normal
T01432,2026-06-25 18:12:00,C019,deposit,287.99,SELF,branch,US,normal
T01433,2026-06-25 18:21:00,C016,withdrawal,119.3,SELF,atm,US,normal
T01434,2026-06-25 18:42:00,C015,payment,336.16,M227,card,US,normal
T01435,2026-06-25 18:46:00,C037,transfer,182.74,P7493,online,US,normal
T01436,2026-06-25 18:47:00,C011,payment,693.06,M735,card,US,normal
T01437,2026-06-25 18:57:00,C012,payment,51.01,M514,card,US,normal
T01438,2026-06-25 18:57:00,C019,transfer,153.3,P2258,online,US,normal
T01439,2026-06-25 19:41:00,C049,payment,105.85,M759,card,US,normal
T01440,2026-06-25 19:42:00,C015,payment,256.6,M387,card,US,normal
T01441,2026-06-26 08:05:00,C017,payment,212.48,M205,card,US,normal
T01442,2026-06-26 08:06:00,C020,withdrawal,216.88,SELF,atm,US,normal
T01443,2026-06-26 08:15:00,C045,payment,66.18,M823,card,US,normal
T01444,2026-06-26 08:24:00,C020,payment,214.12,M232,card,US,normal
T01445,2026-06-26 08:48:00,C005,payment,232.91,M435,card,US,normal
T01446,2026-06-26 08:50:00,C046,payment,51.5,M215,card,US,normal
T01447,2026-06-26 09:21:00,C004,payment,118.88,M369,card,US,normal
T01448,2026-06-26 09:34:00,C047,deposit,594.34,SELF,branch,US,normal
T01449,2026-06-26 09:45:00,C038,deposit,866.09,SELF,branch,US,normal
T01450,2026-06-26 10:03:00,C030,transfer,350.45,P5460,online,US,normal
T01451,2026-06-26 10:12:00,C046,payment,59.5,M324,card,US,normal
T01452,2026-06-26 10:18:00,C020,transfer,549.52,P5239,online,US,normal
T01453,2026-06-26 11:12:00,C033,transfer,90.76,P4296,online,US,normal
T01454,2026-06-26 11:17:00,C030,withdrawal,383.85,SELF,atm,US,normal
T01455,2026-06-26 11:19:00,C028,payment,157.26,M904,card,US,normal
T01456,2026-06-26 11:20:00,C037,payment,213.24,M548,card,US,normal
T01457,2026-06-26 11:24:00,C006,payment,58.98,M257,card,US,normal
T01458,2026-06-26 11:24:00,C037,payment,155.5,M153,card,US,normal
T01459,2026-06-26 12:04:00,C033,deposit,221.25,SELF,branch,US,normal
T01460,2026-06-26 12:04:00,C039,payment,198.52,M984,card,US,normal
T01461,2026-06-26 12:10:00,C034,payment,38.03,M843,card,US,normal
T01462,2026-06-26 12:17:00,C020,transfer,319.42,P6889,online,US,normal
T01463,2026-06-26 12:19:00,C021,payment,39.93,M610,card,US,normal
T01464,2026-06-26 12:28:00,C002,payment,163.94,M713,card,US,normal
T01465,2026-06-26 12:44:00,C006,payment,78.78,M727,card,US,normal
T01466,2026-06-26 12:46:00,C033,deposit,133.85,SELF,branch,US,normal
T01467,2026-06-26 12:51:00,C017,payment,397.77,M618,card,US,normal
T01468,2026-06-26 12:55:00,C022,deposit,1007.76,SELF,branch,US,normal
T01469,2026-06-26 13:16:00,C044,payment,91.02,M765,card,US,normal
T01470,2026-06-26 13:25:00,C028,deposit,370.13,SELF,branch,US,normal
T01471,2026-06-26 13:45:00,C024,payment,173.72,M347,card,US,normal
T01472,2026-06-26 14:04:00,C047,deposit,830.96,SELF,branch,US,normal
T01473,2026-06-26 14:13:00,C003,withdrawal,178.53,SELF,atm,US,normal
T01474,2026-06-26 14:34:00,C034,payment,78.92,M430,card,US,normal
T01475,2026-06-26 14:54:00,C023,transfer,241.79,P4930,online,US,normal
T01476,2026-06-26 14:56:00,C023,deposit,446.39,SELF,branch,US,normal
T01477,2026-06-26 15:05:00,C024,deposit,1738.48,SELF,branch,US,normal
T01478,2026-06-26 15:05:00,C013,transfer,174.99,P5280,online,US,normal
T01479,2026-06-26 15:13:00,C045,payment,70.95,M264,card,US,normal
T01480,2026-06-26 15:17:00,C029,withdrawal,66.43,SELF,atm,US,normal
T01481,2026-06-26 15:25:00,C012,payment,52.6,M540,card,US,normal
T01482,2026-06-26 16:01:00,C017,deposit,956.63,SELF,branch,US,normal
T01483,2026-06-26 16:08:00,C009,payment,140.26,M886,card,US,normal
T01484,2026-06-26 16:12:00,C040,withdrawal,79.34,SELF,atm,US,normal
T01485,2026-06-26 16:16:00,C029,payment,57.07,M635,card,US,normal
T01486,2026-06-26 16:56:00,C035,transfer,186.84,P8100,online,US,normal
T01487,2026-06-26 17:30:00,C016,payment,138.15,M873,card,US,normal
T01488,2026-06-26 17:33:00,C022,payment,101.05,M759,card,US,normal
T01489,2026-06-26 17:34:00,C005,payment,140.13,M820,card,US,normal
T01490,2026-06-26 17:43:00,C038,deposit,1157.11,SELF,branch,US,normal
T01491,2026-06-26 18:10:00,C044,payment,156.04,M111,card,US,normal
T01492,2026-06-26 18:16:00,C044,transfer,108.96,P9906,online,US,normal
T01493,2026-06-26 18:19:00,C037,payment,157.5,M639,card,US,normal
T01494,2026-06-26 18:59:00,C021,withdrawal,63.66,SELF,atm,US,normal
T01495,2026-06-26 19:02:00,C044,deposit,428.46,SELF,branch,US,normal
T01496,2026-06-26 19:04:00,C042,payment,412.73,M990,card,US,normal
T01497,2026-06-26 19:08:00,C037,deposit,746.44,SELF,branch,US,normal
T01498,2026-06-26 19:10:00,C041,payment,62.56,M692,card,US,normal
T01499,2026-06-26 19:30:00,C016,transfer,96.78,P3155,online,US,normal
T01500,2026-06-26 19:33:00,C050,deposit,486.6,SELF,branch,US,normal
T01501,2026-06-26 19:36:00,C021,payment,64.2,M614,card,US,normal
T01502,2026-06-27 08:12:00,C011,transfer,528.48,P3932,online,US,normal
T01503,2026-06-27 08:26:00,C008,transfer,104.12,P4190,online,US,normal
T01504,2026-06-27 08:46:00,C047,deposit,848.37,SELF,branch,US,normal
T01505,2026-06-27 09:05:00,C048,transfer,203.26,P2449,online,US,normal
T01506,2026-06-27 09:15:00,C044,withdrawal,103.79,SELF,atm,US,normal
T01507,2026-06-27 10:30:00,C049,deposit,1340.21,SELF,branch,US,normal
T01508,2026-06-27 10:33:00,C013,transfer,132.4,P5280,online,US,normal
T01509,2026-06-27 10:44:00,C005,transfer,104.69,P5908,online,US,normal
T01510,2026-06-27 11:01:00,C049,deposit,257.91,SELF,branch,US,normal
T01511,2026-06-27 11:08:00,C014,payment,115.93,M528,card,US,normal
T01512,2026-06-27 11:08:00,C029,payment,32.58,M601,card,US,normal
T01513,2026-06-27 12:01:00,C038,payment,215.57,M133,card,US,normal
T01514,2026-06-27 12:16:00,C028,payment,139.03,M890,card,US,normal
T01515,2026-06-27 12:18:00,C033,payment,74.65,M174,card,US,normal
T01516,2026-06-27 12:21:00,C049,payment,177.03,M162,card,US,normal
T01517,2026-06-27 12:32:00,C043,deposit,458.25,SELF,branch,US,normal
T01518,2026-06-27 12:44:00,C016,payment,63.91,M319,card,US,normal
T01519,2026-06-27 13:29:00,C030,transfer,135.61,P5460,online,US,normal
T01520,2026-06-27 13:43:00,C014,payment,103.6,M614,card,US,normal
T01521,2026-06-27 14:04:00,C013,deposit,733.48,SELF,branch,US,normal
T01522,2026-06-27 14:17:00,C037,withdrawal,217.36,SELF,atm,US,normal
T01523,2026-06-27 14:23:00,C043,payment,119.38,M760,card,US,normal
T01524,2026-06-27 14:33:00,C035,transfer,71.49,P7451,online,US,normal
T01525,2026-06-27 14:35:00,C031,payment,67.97,M350,card,US,normal
T01526,2026-06-27 15:17:00,C035,deposit,209.35,SELF,branch,US,normal
T01527,2026-06-27 15:20:00,C007,payment,370.32,M763,card,US,normal
T01528,2026-06-27 15:37:00,C004,payment,98.98,M322,card,US,normal
T01529,2026-06-27 15:57:00,C012,payment,135.39,M250,card,US,normal
T01530,2026-06-27 16:32:00,C002,transfer,424.12,P5737,online,US,normal
T01531,2026-06-27 16:39:00,C047,payment,567.4,M718,card,US,normal
T01532,2026-06-27 16:46:00,C034,deposit,155.31,SELF,branch,US,normal
T01533,2026-06-27 16:47:00,C033,payment,75.73,M154,card,US,normal
T01534,2026-06-27 16:53:00,C027,payment,62.95,M578,card,US,normal
T01535,2026-06-27 16:59:00,C022,deposit,389.2,SELF,branch,US,normal
T01536,2026-06-27 17:08:00,C012,payment,79.66,M250,card,US,normal
T01537,2026-06-27 17:11:00,C012,transfer,89.49,P5225,online,US,normal
T01538,2026-06-27 17:16:00,C024,payment,161.58,M170,card,US,normal
T01539,2026-06-27 17:25:00,C047,payment,255.56,M731,card,US,normal
T01540,2026-06-27 17:48:00,C036,payment,103.32,M943,card,US,normal
T01541,2026-06-27 17:54:00,C002,transfer,166.21,P5737,online,US,normal
T01542,2026-06-27 17:54:00,C040,withdrawal,107.11,SELF,atm,US,normal
T01543,2026-06-27 17:56:00,C033,transfer,139.42,P4296,online,US,normal
T01544,2026-06-27 17:57:00,C022,deposit,415.28,SELF,branch,US,normal
T01545,2026-06-27 18:21:00,C011,transfer,527.21,P4697,online,US,normal
T01546,2026-06-27 18:38:00,C003,transfer,473.9,P2152,online,US,normal
T01547,2026-06-27 18:44:00,C048,transfer,145.13,P2449,online,US,normal
T01548,2026-06-27 18:54:00,C018,deposit,687.83,SELF,branch,US,normal
T01549,2026-06-27 18:59:00,C048,transfer,164.79,P6144,online,US,normal
T01550,2026-06-27 19:22:00,C047,payment,285.98,M620,card,US,normal
T01551,2026-06-27 19:33:00,C016,withdrawal,132.73,SELF,atm,US,normal
T01552,2026-06-27 19:53:00,C005,payment,146.6,M199,card,US,normal
T01553,2026-06-27 19:56:00,C027,deposit,1057.55,SELF,branch,US,normal
T01554,2026-06-28 08:07:00,C020,deposit,872.9,SELF,branch,US,normal
T01555,2026-06-28 08:12:00,C002,payment,544.19,M509,card,US,normal
T01556,2026-06-28 08:26:00,C048,payment,186.3,M694,card,US,normal
T01557,2026-06-28 08:31:00,C046,payment,27.81,M951,card,US,normal
T01558,2026-06-28 08:37:00,C034,deposit,363.1,SELF,branch,US,normal
T01559,2026-06-28 08:41:00,C042,deposit,847.99,SELF,branch,US,normal
T01560,2026-06-28 08:51:00,C044,deposit,365.36,SELF,branch,US,normal
T01561,2026-06-28 09:09:00,C046,payment,37.75,M198,card,US,normal
T01562,2026-06-28 09:12:00,C035,payment,87.91,M276,card,US,normal
T01563,2026-06-28 09:14:00,C031,transfer,198.97,P3713,online,US,normal
T01564,2026-06-28 09:19:00,C026,payment,149.48,M931,card,US,normal
T01565,2026-06-28 09:22:00,C006,deposit,198.05,SELF,branch,US,normal
T01566,2026-06-28 09:23:00,C017,transfer,457.22,P8243,online,US,normal
T01567,2026-06-28 09:37:00,C020,payment,544.97,M694,card,US,normal
T01568,2026-06-28 09:42:00,C006,payment,155.77,M328,card,US,normal
T01569,2026-06-28 09:46:00,C027,deposit,354.14,SELF,branch,US,normal
T01570,2026-06-28 09:47:00,C007,payment,130.06,M660,card,US,normal
T01571,2026-06-28 09:55:00,C048,transfer,195.85,P2449,online,US,normal
T01572,2026-06-28 10:05:00,C017,transfer,216.75,P1066,online,US,normal
T01573,2026-06-28 10:14:00,C001,payment,171.39,M865,card,US,normal
T01574,2026-06-28 10:20:00,C040,deposit,734.78,SELF,branch,US,normal
T01575,2026-06-28 10:46:00,C015,transfer,190.57,P8574,online,US,normal
T01576,2026-06-28 10:59:00,C012,withdrawal,97.67,SELF,atm,US,normal
T01577,2026-06-28 11:11:00,C050,deposit,450.64,SELF,branch,US,normal
T01578,2026-06-28 11:13:00,C018,payment,158.58,M594,card,US,normal
T01579,2026-06-28 11:23:00,C033,withdrawal,73.24,SELF,atm,US,normal
T01580,2026-06-28 12:02:00,C029,deposit,154.35,SELF,branch,US,normal
T01581,2026-06-28 12:19:00,C013,transfer,158.73,P7177,online,US,normal
T01582,2026-06-28 12:20:00,C039,payment,76.28,M632,card,US,normal
T01583,2026-06-28 12:24:00,C022,deposit,536.88,SELF,branch,US,normal
T01584,2026-06-28 12:36:00,C034,payment,104.24,M810,card,US,normal
T01585,2026-06-28 12:46:00,C042,payment,504.72,M678,card,US,normal
T01586,2026-06-28 12:51:00,C011,deposit,2388.76,SELF,branch,US,normal
T01587,2026-06-28 13:05:00,C036,payment,112.85,M591,card,US,normal
T01588,2026-06-28 13:06:00,C023,payment,130.87,M971,card,US,normal
T01589,2026-06-28 13:09:00,C004,payment,70.49,M617,card,US,normal
T01590,2026-06-28 13:12:00,C029,payment,84.94,M397,card,US,normal
T01591,2026-06-28 13:17:00,C014,withdrawal,58.94,SELF,atm,US,normal
T01592,2026-06-28 13:23:00,C038,payment,207.11,M780,card,US,normal
T01593,2026-06-28 13:24:00,C037,withdrawal,385.23,SELF,atm,US,normal
T01594,2026-06-28 13:49:00,C005,transfer,210.02,P4990,online,US,normal
T01595,2026-06-28 13:49:00,C037,payment,303.07,M286,card,US,normal
T01596,2026-06-28 13:50:00,C034,payment,79.99,M698,card,US,normal
T01597,2026-06-28 13:50:00,C024,transfer,255.72,P9932,online,US,normal
T01598,2026-06-28 14:17:00,C007,deposit,976.26,SELF,branch,US,normal
T01599,2026-06-28 14:46:00,C030,deposit,374.16,SELF,branch,US,normal
T01600,2026-06-28 14:47:00,C029,transfer,78.25,P7452,online,US,normal
T01601,2026-06-28 15:05:00,C038,transfer,141.69,P2590,online,US,normal
T01602,2026-06-28 15:23:00,C041,transfer,116.24,P4741,online,US,normal
T01603,2026-06-28 15:54:00,C011,transfer,565.67,P4697,online,US,normal
T01604,2026-06-28 16:14:00,C004,payment,56.45,M798,card,US,normal
T01605,2026-06-28 16:15:00,C039,transfer,138.03,P6969,online,US,normal
T01606,2026-06-28 16:47:00,C039,deposit,308.49,SELF,branch,US,normal
T01607,2026-06-28 17:00:00,C042,deposit,991.82,SELF,branch,US,normal
T01608,2026-06-28 17:10:00,C029,payment,102.09,M801,card,US,normal
T01609,2026-06-28 17:23:00,C011,payment,331.42,M358,card,US,normal
T01610,2026-06-28 17:44:00,C049,withdrawal,351.33,SELF,atm,US,normal
T01611,2026-06-28 18:41:00,C045,deposit,390.69,SELF,branch,US,normal
T01612,2026-06-28 18:47:00,C014,payment,62.98,M792,card,US,normal
T01613,2026-06-28 18:47:00,C001,payment,182.02,M761,card,US,normal
T01614,2026-06-28 18:55:00,C026,payment,203.93,M807,card,US,normal
T01615,2026-06-28 18:58:00,C045,deposit,188.12,SELF,branch,US,normal
T01616,2026-06-28 19:14:00,C016,deposit,664.95,SELF,branch,US,normal
T01617,2026-06-28 19:28:00,C003,payment,129.8,M432,card,US,normal
T01618,2026-06-28 19:40:00,C039,transfer,174.16,P7474,online,US,normal
T01619,2026-06-28 19:53:00,C002,payment,526.27,M980,card,US,normal
T01620,2026-06-28 19:56:00,C040,payment,141.55,M257,card,US,normal
T01621,2026-06-29 08:14:00,C010,transfer,190.26,P7689,online,US,normal
T01622,2026-06-29 08:36:00,C039,transfer,140.15,P7474,online,US,normal
T01623,2026-06-29 08:55:00,C041,payment,89.12,M617,card,US,normal
T01624,2026-06-29 09:16:00,C043,transfer,122.7,P8140,online,US,normal
T01625,2026-06-29 09:30:00,C029,payment,50.3,M132,card,US,normal
T01626,2026-06-29 09:31:00,C033,payment,46.69,M266,card,US,normal
T01627,2026-06-29 09:51:00,C038,payment,223.01,M931,card,US,normal
T01628,2026-06-29 10:12:00,C033,payment,78.79,M287,card,US,normal
T01629,2026-06-29 10:19:00,C049,deposit,900.59,SELF,branch,US,normal
T01630,2026-06-29 11:05:00,C015,transfer,143.53,P8574,online,US,normal
T01631,2026-06-29 11:19:00,C029,payment,108.36,M435,card,US,normal
T01632,2026-06-29 12:00:00,C002,transfer,366.81,P1847,online,US,normal
T01633,2026-06-29 12:08:00,C038,payment,269.63,M475,card,US,normal
T01634,2026-06-29 12:09:00,C039,payment,92.74,M710,card,US,normal
T01635,2026-06-29 12:14:00,C006,payment,86.76,M907,card,US,normal
T01636,2026-06-29 12:36:00,C034,payment,85.99,M301,card,US,normal
T01637,2026-06-29 12:38:00,C022,transfer,228.72,P8153,online,US,normal
T01638,2026-06-29 13:15:00,C029,withdrawal,110.3,SELF,atm,US,normal
T01639,2026-06-29 13:18:00,C048,transfer,392.64,P6144,online,US,normal
T01640,2026-06-29 13:30:00,C029,withdrawal,145.36,SELF,atm,US,normal
T01641,2026-06-29 13:31:00,C047,deposit,858.06,SELF,branch,US,normal
T01642,2026-06-29 14:07:00,C014,withdrawal,65.32,SELF,atm,US,normal
T01643,2026-06-29 14:55:00,C020,transfer,201.21,P7014,online,US,normal
T01644,2026-06-29 15:11:00,C011,payment,671.29,M255,card,US,normal
T01645,2026-06-29 15:18:00,C043,deposit,612.62,SELF,branch,US,normal
T01646,2026-06-29 15:22:00,C014,payment,112.2,M482,card,US,normal
T01647,2026-06-29 15:45:00,C013,deposit,365.62,SELF,branch,US,normal
T01648,2026-06-29 16:16:00,C020,payment,272.7,M338,card,US,normal
T01649,2026-06-29 16:31:00,C017,deposit,1111.75,SELF,branch,US,normal
T01650,2026-06-29 16:34:00,C017,transfer,297.49,P8243,online,US,normal
T01651,2026-06-29 17:15:00,C048,payment,135.48,M261,card,US,normal
T01652,2026-06-29 17:47:00,C040,payment,115.43,M801,card,US,normal
T01653,2026-06-29 17:54:00,C038,deposit,483.62,SELF,branch,US,normal
T01654,2026-06-29 18:06:00,C001,payment,114.19,M183,card,US,normal
T01655,2026-06-29 18:08:00,C034,payment,98.35,M715,card,US,normal
T01656,2026-06-29 18:11:00,C016,transfer,186.13,P6730,online,US,normal
T01657,2026-06-29 18:18:00,C029,withdrawal,120.71,SELF,atm,US,normal
T01658,2026-06-29 18:36:00,C041,payment,66.04,M235,card,US,normal
T01659,2026-06-29 18:48:00,C024,payment,221.27,M299,card,US,normal
T01660,2026-06-29 19:03:00,C039,withdrawal,105.59,SELF,atm,US,normal
T01661,2026-06-29 19:13:00,C027,transfer,139.88,P4761,online,US,normal
T01662,2026-06-29 19:15:00,C008,transfer,178.06,P4190,online,US,normal
T01663,2026-06-29 19:23:00,C015,payment,178.39,M507,card,US,normal
T01664,2026-06-29 19:25:00,C014,payment,60.37,M962,card,US,normal
T01665,2026-06-29 19:28:00,C015,withdrawal,163.21,SELF,atm,US,normal
T01666,2026-06-29 19:40:00,C019,payment,223.9,M201,card,US,normal
T01667,2026-06-29 19:48:00,C015,deposit,524.11,SELF,branch,US,normal
T01668,2026-06-29 19:49:00,C033,payment,90.1,M644,card,US,normal
T01669,2026-06-30 08:14:00,C001,deposit,641.12,SELF,branch,US,normal
T01670,2026-06-30 08:26:00,C017,payment,126.06,M503,card,US,normal
T01671,2026-06-30 08:34:00,C038,transfer,158.92,P5168,online,US,normal
T01672,2026-06-30 09:06:00,C013,payment,91.29,M573,card,US,normal
T01673,2026-06-30 09:08:00,C016,payment,325.15,M767,card,US,normal
T01674,2026-06-30 09:08:00,C036,payment,110.27,M801,card,US,normal
T01675,2026-06-30 09:18:00,C050,deposit,168.03,SELF,branch,US,normal
T01676,2026-06-30 09:19:00,C026,payment,263.31,M228,card,US,normal
T01677,2026-06-30 09:34:00,C017,deposit,721.82,SELF,branch,US,normal
T01678,2026-06-30 09:37:00,C050,withdrawal,65.75,SELF,atm,US,normal
T01679,2026-06-30 09:50:00,C011,payment,657.63,M139,card,US,normal
T01680,2026-06-30 10:03:00,C047,payment,175.97,M127,card,US,normal
T01681,2026-06-30 10:24:00,C022,transfer,180.16,P6032,online,US,normal
T01682,2026-06-30 11:01:00,C042,payment,558.7,M836,card,US,normal
T01683,2026-06-30 11:12:00,C014,payment,57.63,M919,card,US,normal
T01684,2026-06-30 11:13:00,C037,deposit,935.28,SELF,branch,US,normal
T01685,2026-06-30 11:14:00,C045,payment,51.91,M847,card,US,normal
T01686,2026-06-30 11:18:00,C016,payment,162.84,M331,card,US,normal
T01687,2026-06-30 11:22:00,C037,payment,313.42,M704,card,US,normal
T01688,2026-06-30 11:36:00,C044,payment,94.85,M341,card,US,normal
T01689,2026-06-30 11:40:00,C049,payment,210.27,M740,card,US,normal
T01690,2026-06-30 12:01:00,C002,payment,309.3,M142,card,US,normal
T01691,2026-06-30 12:03:00,C038,transfer,79.29,P5168,online,US,normal
T01692,2026-06-30 12:05:00,C019,payment,100.25,M206,card,US,normal
T01693,2026-06-30 12:08:00,C022,payment,219.43,M321,card,US,normal
T01694,2026-06-30 12:16:00,C042,deposit,476.94,SELF,branch,US,normal
T01695,2026-06-30 12:17:00,C026,payment,120.71,M547,card,US,normal
T01696,2026-06-30 12:18:00,C004,withdrawal,84.45,SELF,atm,US,normal
T01697,2026-06-30 12:36:00,C046,payment,47.87,M149,card,US,normal
T01698,2026-06-30 12:38:00,C035,payment,137.36,M409,card,US,normal
T01699,2026-06-30 12:39:00,C013,payment,192.36,M270,card,US,normal
T01700,2026-06-30 12:56:00,C021,transfer,33.42,P6170,online,US,normal
T01701,2026-06-30 12:59:00,C047,deposit,330.53,SELF,branch,US,normal
T01702,2026-06-30 13:04:00,C027,deposit,905.8,SELF,branch,US,normal
T01703,2026-06-30 13:11:00,C035,payment,161.99,M477,card,US,normal
T01704,2026-06-30 13:11:00,C015,payment,193.92,M544,card,US,normal
T01705,2026-06-30 13:25:00,C009,payment,130.0,M352,card,US,normal
T01706,2026-06-30 13:29:00,C029,payment,30.1,M887,card,US,normal
T01707,2026-06-30 13:31:00,C034,payment,76.78,M167,card,US,normal
T01708,2026-06-30 13:45:00,C022,payment,186.48,M555,card,US,normal
T01709,2026-06-30 13:49:00,C037,payment,300.94,M605,card,US,normal
T01710,2026-06-30 14:39:00,C021,deposit,235.51,SELF,branch,US,normal
T01711,2026-06-30 15:12:00,C006,withdrawal,222.36,SELF,atm,US,normal
T01712,2026-06-30 15:14:00,C017,transfer,182.64,P1066,online,US,normal
T01713,2026-06-30 15:19:00,C020,payment,495.68,M649,card,US,normal
T01714,2026-06-30 15:35:00,C013,transfer,101.2,P5280,online,US,normal
T01715,2026-06-30 15:39:00,C012,deposit,250.8,SELF,branch,US,normal
T01716,2026-06-30 15:39:00,C039,payment,134.48,M170,card,US,normal
T01717,2026-06-30 16:00:00,C011,transfer,313.46,P9706,online,US,normal
T01718,2026-06-30 16:00:00,C044,payment,87.97,M979,card,US,normal
T01719,2026-06-30 16:04:00,C031,payment,80.26,M831,card,US,normal
T01720,2026-06-30 16:06:00,C026,deposit,531.04,SELF,branch,US,normal
T01721,2026-06-30 16:11:00,C034,payment,58.03,M604,card,US,normal
T01722,2026-06-30 16:17:00,C021,payment,37.5,M421,card,US,normal
T01723,2026-06-30 16:23:00,C026,payment,123.12,M266,card,US,normal
T01724,2026-06-30 16:46:00,C029,payment,39.14,M399,card,US,normal
T01725,2026-06-30 16:51:00,C011,payment,641.59,M361,card,US,normal
T01726,2026-06-30 16:52:00,C020,payment,616.16,M196,card,US,normal
T01727,2026-06-30 16:53:00,C021,payment,31.54,M850,card,US,normal
T01728,2026-06-30 17:07:00,C002,payment,291.71,M640,card,US,normal
T01729,2026-06-30 17:42:00,C033,payment,99.24,M139,card,US,normal
T01730,2026-06-30 17:43:00,C041,transfer,121.54,P8081,online,US,normal
T01731,2026-06-30 17:59:00,C009,deposit,664.13,SELF,branch,US,normal
T01732,2026-06-30 18:19:00,C047,payment,312.88,M660,card,US,normal
T01733,2026-06-30 18:51:00,C014,payment,50.08,M112,card,US,normal
T01734,2026-06-30 19:03:00,C043,payment,143.88,M234,card,US,normal
T01735,2026-06-30 19:18:00,C006,withdrawal,64.76,SELF,atm,US,normal
T01736,2026-06-30 19:18:00,C003,withdrawal,144.83,SELF,atm,US,normal
T01737,2026-06-30 19:29:00,C039,deposit,351.1,SELF,branch,US,normal
T01738,2026-06-30 19:43:00,C040,payment,167.46,M692,card,US,normal
T01739,2026-06-30 19:52:00,C004,withdrawal,90.12,SELF,atm,US,normal
T01740,2026-06-30 19:54:00,C039,payment,124.41,M280,card,US,normal
T01741,2026-06-30 19:58:00,C040,deposit,442.35,SELF,branch,US,normal
T01742,2026-07-01 08:03:00,C037,payment,249.18,M319,card,US,normal
T01743,2026-07-01 08:05:00,C017,payment,204.62,M648,card,US,normal
T01744,2026-07-01 08:16:00,C035,deposit,330.73,SELF,branch,US,normal
T01745,2026-07-01 08:29:00,C033,transfer,58.8,P9176,online,US,normal
T01746,2026-07-01 08:30:00,C019,deposit,518.0,SELF,branch,US,normal
T01747,2026-07-01 08:30:00,C023,withdrawal,182.9,SELF,atm,US,normal
T01748,2026-07-01 08:38:00,C013,transfer,117.97,P5280,online,US,normal
T01749,2026-07-01 08:39:00,C044,transfer,111.74,P6228,online,US,normal
T01750,2026-07-01 08:42:00,C015,payment,248.27,M308,card,US,normal
T01751,2026-07-01 08:44:00,C028,payment,43.53,M653,card,US,normal
T01752,2026-07-01 08:46:00,C011,withdrawal,286.99,SELF,atm,US,normal
T01753,2026-07-01 08:51:00,C038,payment,145.56,M161,card,US,normal
T01754,2026-07-01 09:01:00,C042,transfer,389.56,P2693,online,US,normal
T01755,2026-07-01 09:04:00,C048,payment,160.01,M206,card,US,normal
T01756,2026-07-01 09:06:00,C023,payment,80.92,M109,card,US,normal
T01757,2026-07-01 09:15:00,C027,payment,225.23,M590,card,US,normal
T01758,2026-07-01 09:25:00,C001,payment,88.25,M339,card,US,normal
T01759,2026-07-01 09:28:00,C043,transfer,126.11,P2576,online,US,normal
T01760,2026-07-01 09:36:00,C020,deposit,1827.24,SELF,branch,US,normal
T01761,2026-07-01 09:42:00,C005,payment,73.9,M328,card,US,normal
T01762,2026-07-01 09:47:00,C027,payment,103.89,M393,card,US,normal
T01763,2026-07-01 10:01:00,C005,deposit,435.45,SELF,branch,US,normal
T01764,2026-07-01 10:10:00,C029,payment,70.98,M891,card,US,normal
T01765,2026-07-01 10:21:00,C024,payment,221.41,M363,card,US,normal
T01766,2026-07-01 10:25:00,C020,transfer,434.49,P5239,online,US,normal
T01767,2026-07-01 10:28:00,C009,transfer,121.81,P2751,online,US,normal
T01768,2026-07-01 10:36:00,C012,payment,202.58,M161,card,US,normal
T01769,2026-07-01 10:46:00,C024,transfer,265.09,P4676,online,US,normal
T01770,2026-07-01 11:05:00,C035,payment,113.17,M802,card,US,normal
T01771,2026-07-01 11:19:00,C037,deposit,855.6,SELF,branch,US,normal
T01772,2026-07-01 11:23:00,C024,payment,232.35,M150,card,US,normal
T01773,2026-07-01 11:34:00,C010,transfer,213.26,P7146,online,US,normal
T01774,2026-07-01 11:49:00,C036,payment,131.2,M734,card,US,normal
T01775,2026-07-01 12:09:00,C005,transfer,113.29,P8404,online,US,normal
T01776,2026-07-01 12:16:00,C026,payment,102.79,M586,card,US,normal
T01777,2026-07-01 12:27:00,C042,withdrawal,350.87,SELF,atm,US,normal
T01778,2026-07-01 12:44:00,C044,payment,106.92,M673,card,US,normal
T01779,2026-07-01 12:44:00,C001,payment,96.48,M554,card,US,normal
T01780,2026-07-01 12:45:00,C019,payment,105.48,M150,card,US,normal
T01781,2026-07-01 13:02:00,C012,payment,58.0,M148,card,US,normal
T01782,2026-07-01 13:05:00,C034,withdrawal,133.56,SELF,atm,US,normal
T01783,2026-07-01 13:26:00,C035,payment,152.62,M168,card,US,normal
T01784,2026-07-01 14:03:00,C007,transfer,404.93,P3490,online,US,normal
T01785,2026-07-01 14:09:00,C004,payment,134.06,M652,card,US,normal
T01786,2026-07-01 14:13:00,C014,payment,113.98,M771,card,US,normal
T01787,2026-07-01 14:29:00,C019,deposit,293.07,SELF,branch,US,normal
T01788,2026-07-01 14:53:00,C023,payment,129.3,M822,card,US,normal
T01789,2026-07-01 14:56:00,C026,transfer,172.33,P6012,online,US,normal
T01790,2026-07-01 14:57:00,C040,deposit,624.72,SELF,branch,US,normal
T01791,2026-07-01 14:58:00,C037,deposit,1001.39,SELF,branch,US,normal
T01792,2026-07-01 15:05:00,C015,withdrawal,135.83,SELF,atm,US,normal
T01793,2026-07-01 15:14:00,C001,payment,162.08,M716,card,US,normal
T01794,2026-07-01 15:15:00,C016,transfer,89.11,P7141,online,US,normal
T01795,2026-07-01 15:17:00,C005,transfer,201.22,P4990,online,US,normal
T01796,2026-07-01 16:26:00,C035,deposit,321.52,SELF,branch,US,normal
T01797,2026-07-01 16:29:00,C039,deposit,353.43,SELF,branch,US,normal
T01798,2026-07-01 16:29:00,C040,transfer,194.01,P1852,online,US,normal
T01799,2026-07-01 16:30:00,C004,deposit,419.21,SELF,branch,US,normal
T01800,2026-07-01 16:35:00,C029,deposit,160.04,SELF,branch,US,normal
T01801,2026-07-01 16:37:00,C033,payment,153.96,M318,card,US,normal
T01802,2026-07-01 16:43:00,C004,deposit,172.31,SELF,branch,US,normal
T01803,2026-07-01 16:44:00,C044,transfer,123.33,P9906,online,US,normal
T01804,2026-07-01 16:48:00,C007,payment,226.07,M316,card,US,normal
T01805,2026-07-01 17:21:00,C050,payment,109.0,M946,card,US,normal
T01806,2026-07-01 17:29:00,C013,transfer,304.41,P5280,online,US,normal
T01807,2026-07-01 17:35:00,C018,payment,173.54,M480,card,US,normal
T01808,2026-07-01 17:56:00,C004,deposit,429.62,SELF,branch,US,normal
T01809,2026-07-01 18:08:00,C015,transfer,273.65,P4916,online,US,normal
T01810,2026-07-01 18:25:00,C009,deposit,466.84,SELF,branch,US,normal
T01811,2026-07-01 18:33:00,C011,transfer,519.02,P9706,online,US,normal
T01812,2026-07-01 18:36:00,C045,payment,29.1,M391,card,US,normal
T01813,2026-07-01 18:43:00,C030,payment,173.16,M980,card,US,normal
T01814,2026-07-01 18:45:00,C020,deposit,794.58,SELF,branch,US,normal
T01815,2026-07-01 18:45:00,C022,withdrawal,190.51,SELF,atm,US,normal
T01816,2026-07-01 19:09:00,C003,payment,344.43,M941,card,US,normal
T01817,2026-07-01 19:10:00,C038,transfer,142.42,P2590,online,US,normal
T01818,2026-07-01 19:21:00,C017,withdrawal,209.3,SELF,atm,US,normal
T01819,2026-07-01 19:32:00,C014,withdrawal,95.11,SELF,atm,US,normal
T01820,2026-07-01 19:39:00,C026,payment,201.35,M968,card,US,normal
T01821,2026-07-01 19:44:00,C016,deposit,401.56,SELF,branch,US,normal
T01822,2026-07-01 19:48:00,C041,deposit,178.34,SELF,branch,US,normal
T01823,2026-07-01 19:49:00,C039,payment,123.77,M536,card,US,normal
T01824,2026-07-01 19:50:00,C042,payment,330.19,M541,card,US,normal
T01825,2026-07-01 19:51:00,C001,transfer,189.4,P8726,online,US,normal
T01826,2026-07-02 08:06:00,C039,deposit,361.35,SELF,branch,US,normal
T01827,2026-07-02 08:10:00,C003,payment,137.77,M989,card,US,normal
T01828,2026-07-02 08:20:00,C009,payment,102.1,M177,card,US,normal
T01829,2026-07-02 08:31:00,C044,deposit,323.5,SELF,branch,US,normal
T01830,2026-07-02 08:43:00,C018,deposit,479.43,SELF,branch,US,normal
T01831,2026-07-02 08:57:00,C043,payment,214.93,M951,card,US,normal
T01832,2026-07-02 09:06:00,C027,deposit,309.38,SELF,branch,US,normal
T01833,2026-07-02 09:07:00,C024,deposit,1122.85,SELF,branch,US,normal
T01834,2026-07-02 09:17:00,C031,deposit,515.42,SELF,branch,US,normal
T01835,2026-07-02 09:31:00,C048,transfer,145.85,P6144,online,US,normal
T01836,2026-07-02 09:34:00,C026,transfer,174.0,P6012,online,US,normal
T01837,2026-07-02 09:35:00,C041,payment,99.45,M388,card,US,normal
T01838,2026-07-02 09:51:00,C036,payment,126.37,M890,card,US,normal
T01839,2026-07-02 10:04:00,C006,deposit,691.68,SELF,branch,US,normal
T01840,2026-07-02 10:25:00,C042,transfer,275.48,P2693,online,US,normal
T01841,2026-07-02 10:32:00,C010,payment,187.71,M498,card,US,normal
T01842,2026-07-02 10:41:00,C034,transfer,154.2,P9721,online,US,normal
T01843,2026-07-02 10:42:00,C015,payment,218.64,M708,card,US,normal
T01844,2026-07-02 10:43:00,C004,payment,119.24,M438,card,US,normal
T01845,2026-07-02 11:03:00,C011,payment,571.44,M188,card,US,normal
T01846,2026-07-02 11:12:00,C020,payment,621.95,M741,card,US,normal
T01847,2026-07-02 11:22:00,C035,payment,116.23,M746,card,US,normal
T01848,2026-07-02 11:25:00,C048,deposit,435.79,SELF,branch,US,normal
T01849,2026-07-02 11:33:00,C019,transfer,67.05,P5549,online,US,normal
T01850,2026-07-02 11:36:00,C009,deposit,466.13,SELF,branch,US,normal
T01851,2026-07-02 11:42:00,C047,transfer,402.01,P5379,online,US,normal
T01852,2026-07-02 11:48:00,C009,payment,95.55,M857,card,US,normal
T01853,2026-07-02 12:24:00,C047,payment,202.9,M612,card,US,normal
T01854,2026-07-02 13:05:00,C004,withdrawal,149.24,SELF,atm,US,normal
T01855,2026-07-02 13:06:00,C047,withdrawal,167.3,SELF,atm,US,normal
T01856,2026-07-02 13:08:00,C006,payment,154.15,M821,card,US,normal
T01857,2026-07-02 13:09:00,C024,payment,206.44,M836,card,US,normal
T01858,2026-07-02 13:14:00,C016,deposit,1006.78,SELF,branch,US,normal
T01859,2026-07-02 13:17:00,C016,transfer,101.92,P6730,online,US,normal
T01860,2026-07-02 13:36:00,C039,payment,169.51,M794,card,US,normal
T01861,2026-07-02 13:48:00,C017,payment,139.76,M198,card,US,normal
T01862,2026-07-02 13:48:00,C007,deposit,1008.71,SELF,branch,US,normal
T01863,2026-07-02 14:11:00,C027,withdrawal,156.2,SELF,atm,US,normal
T01864,2026-07-02 14:17:00,C003,payment,137.67,M970,card,US,normal
T01865,2026-07-02 14:30:00,C007,payment,238.93,M940,card,US,normal
T01866,2026-07-02 14:43:00,C035,payment,136.79,M125,card,US,normal
T01867,2026-07-02 14:56:00,C007,deposit,727.46,SELF,branch,US,normal
T01868,2026-07-02 15:01:00,C040,transfer,190.3,P1852,online,US,normal
T01869,2026-07-02 15:02:00,C022,deposit,450.97,SELF,branch,US,normal
T01870,2026-07-02 15:05:00,C018,payment,184.43,M101,card,US,normal
T01871,2026-07-02 15:14:00,C007,deposit,440.21,SELF,branch,US,normal
T01872,2026-07-02 15:26:00,C046,payment,77.59,M480,card,US,normal
T01873,2026-07-02 15:26:00,C017,payment,198.24,M662,card,US,normal
T01874,2026-07-02 15:31:00,C027,payment,182.77,M144,card,US,normal
T01875,2026-07-02 15:34:00,C027,payment,208.71,M291,card,US,normal
T01876,2026-07-02 15:34:00,C007,withdrawal,139.23,SELF,atm,US,normal
T01877,2026-07-02 15:42:00,C037,deposit,893.47,SELF,branch,US,normal
T01878,2026-07-02 15:55:00,C040,payment,297.02,M754,card,US,normal
T01879,2026-07-02 16:08:00,C020,transfer,514.26,P5239,online,US,normal
T01880,2026-07-02 16:36:00,C008,payment,89.85,M715,card,US,normal
T01881,2026-07-02 16:49:00,C007,deposit,678.75,SELF,branch,US,normal
T01882,2026-07-02 16:54:00,C001,payment,299.72,M394,card,US,normal
T01883,2026-07-02 17:00:00,C035,payment,216.17,M984,card,US,normal
T01884,2026-07-02 17:05:00,C044,payment,142.69,M584,card,US,normal
T01885,2026-07-02 17:09:00,C023,payment,200.26,M472,card,US,normal
T01886,2026-07-02 17:33:00,C033,transfer,153.79,P9176,online,US,normal
T01887,2026-07-02 17:36:00,C028,deposit,159.79,SELF,branch,US,normal
T01888,2026-07-02 17:52:00,C023,transfer,76.66,P4930,online,US,normal
T01889,2026-07-02 18:09:00,C013,withdrawal,124.68,SELF,atm,US,normal
T01890,2026-07-02 18:12:00,C006,transfer,96.41,P8990,online,US,normal
T01891,2026-07-02 18:18:00,C020,payment,348.26,M543,card,US,normal
T01892,2026-07-02 18:39:00,C048,payment,256.9,M317,card,US,normal
T01893,2026-07-02 19:07:00,C011,payment,652.71,M301,card,US,normal
T01894,2026-07-02 19:20:00,C030,payment,141.44,M746,card,US,normal
T01895,2026-07-02 19:40:00,C010,transfer,181.22,P2388,online,US,normal
T01896,2026-07-02 19:40:00,C018,deposit,708.88,SELF,branch,US,normal
T01897,2026-07-03 08:00:00,C002,payment,256.13,M215,card,US,normal
T01898,2026-07-03 08:25:00,C021,payment,61.7,M544,card,US,normal
T01899,2026-07-03 08:28:00,C036,payment,125.57,M591,card,US,normal
T01900,2026-07-03 08:28:00,C049,payment,205.83,M746,card,US,normal
T01901,2026-07-03 09:26:00,C049,payment,125.86,M374,card,US,normal
T01902,2026-07-03 10:09:00,C037,payment,163.71,M153,card,US,normal
T01903,2026-07-03 10:16:00,C018,transfer,108.31,P6982,online,US,normal
T01904,2026-07-03 10:46:00,C005,withdrawal,108.54,SELF,atm,US,normal
T01905,2026-07-03 10:52:00,C037,payment,183.82,M238,card,US,normal
T01906,2026-07-03 11:16:00,C048,payment,408.26,M271,card,US,normal
T01907,2026-07-03 12:15:00,C038,withdrawal,105.78,SELF,atm,US,normal
T01908,2026-07-03 12:31:00,C029,deposit,197.47,SELF,branch,US,normal
T01909,2026-07-03 12:50:00,C014,transfer,105.39,P7027,online,US,normal
T01910,2026-07-03 12:51:00,C040,transfer,144.09,P1852,online,US,normal
T01911,2026-07-03 13:12:00,C014,payment,92.01,M735,card,US,normal
T01912,2026-07-03 13:19:00,C006,deposit,369.01,SELF,branch,US,normal
T01913,2026-07-03 13:24:00,C039,payment,129.05,M593,card,US,normal
T01914,2026-07-03 13:31:00,C002,payment,152.55,M958,card,US,normal
T01915,2026-07-03 13:39:00,C044,transfer,84.39,P9906,online,US,normal
T01916,2026-07-03 13:40:00,C024,transfer,417.08,P9932,online,US,normal
T01917,2026-07-03 13:52:00,C050,deposit,158.36,SELF,branch,US,normal
T01918,2026-07-03 13:55:00,C004,payment,64.56,M293,card,US,normal
T01919,2026-07-03 14:00:00,C005,transfer,209.45,P4990,online,US,normal
T01920,2026-07-03 14:03:00,C038,withdrawal,168.25,SELF,atm,US,normal
T01921,2026-07-03 14:14:00,C043,deposit,324.54,SELF,branch,US,normal
T01922,2026-07-03 14:18:00,C005,payment,148.34,M825,card,US,normal
T01923,2026-07-03 14:20:00,C009,payment,154.48,M152,card,US,normal
T01924,2026-07-03 14:43:00,C014,deposit,415.27,SELF,branch,US,normal
T01925,2026-07-03 14:45:00,C048,payment,128.03,M361,card,US,normal
T01926,2026-07-03 14:47:00,C046,payment,59.92,M782,card,US,normal
T01927,2026-07-03 14:49:00,C003,deposit,705.67,SELF,branch,US,normal
T01928,2026-07-03 14:56:00,C041,deposit,193.47,SELF,branch,US,normal
T01929,2026-07-03 15:00:00,C036,payment,146.32,M465,card,US,normal
T01930,2026-07-03 15:04:00,C039,transfer,173.7,P4888,online,US,normal
T01931,2026-07-03 15:12:00,C001,transfer,357.95,P4896,online,US,normal
T01932,2026-07-03 15:16:00,C021,payment,49.6,M863,card,US,normal
T01933,2026-07-03 15:21:00,C047,payment,333.43,M611,card,US,normal
T01934,2026-07-03 16:16:00,C009,payment,109.59,M233,card,US,normal
T01935,2026-07-03 16:17:00,C018,transfer,157.51,P5243,online,US,normal
T01936,2026-07-03 16:27:00,C017,transfer,195.55,P1066,online,US,normal
T01937,2026-07-03 17:02:00,C024,transfer,213.79,P4676,online,US,normal
T01938,2026-07-03 17:14:00,C005,payment,267.93,M555,card,US,normal
T01939,2026-07-03 17:15:00,C019,payment,161.34,M484,card,US,normal
T01940,2026-07-03 17:17:00,C035,transfer,104.55,P7451,online,US,normal
T01941,2026-07-03 17:21:00,C040,payment,128.28,M894,card,US,normal
T01942,2026-07-03 17:30:00,C038,withdrawal,197.21,SELF,atm,US,normal
T01943,2026-07-03 17:33:00,C026,deposit,393.36,SELF,branch,US,normal
T01944,2026-07-03 17:52:00,C021,payment,40.08,M364,card,US,normal
T01945,2026-07-03 18:16:00,C045,transfer,61.74,P6317,online,US,normal
T01946,2026-07-03 18:30:00,C048,transfer,119.04,P2449,online,US,normal
T01947,2026-07-03 18:55:00,C016,payment,121.71,M705,card,US,normal
T01948,2026-07-03 19:06:00,C015,payment,190.51,M348,card,US,normal
T01949,2026-07-03 19:20:00,C030,transfer,130.35,P5475,online,US,normal
T01950,2026-07-03 19:32:00,C004,payment,54.44,M678,card,US,normal
T01951,2026-07-03 19:33:00,C044,payment,142.2,M673,card,US,normal
T01952,2026-07-03 19:49:00,C039,payment,151.4,M241,card,US,normal
T01953,2026-07-04 08:26:00,C018,payment,337.81,M678,card,US,normal
T01954,2026-07-04 08:36:00,C013,payment,107.2,M807,card,US,normal
T01955,2026-07-04 08:37:00,C020,deposit,1037.99,SELF,branch,US,normal
T01956,2026-07-04 08:41:00,C035,withdrawal,128.77,SELF,atm,US,normal
T01957,2026-07-04 09:08:00,C050,transfer,116.38,P3560,online,US,normal
T01958,2026-07-04 09:10:00,C049,deposit,481.01,SELF,branch,US,normal
T01959,2026-07-04 09:11:00,C026,payment,91.17,M659,card,US,normal
T01960,2026-07-04 09:14:00,C020,payment,342.4,M947,card,US,normal
T01961,2026-07-04 09:16:00,C011,withdrawal,645.13,SELF,atm,US,normal
T01962,2026-07-04 09:17:00,C029,payment,98.07,M396,card,US,normal
T01963,2026-07-04 09:28:00,C030,withdrawal,150.41,SELF,atm,US,normal
T01964,2026-07-04 09:43:00,C046,transfer,50.44,P8043,online,US,normal
T01965,2026-07-04 09:45:00,C030,payment,150.77,M942,card,US,normal
T01966,2026-07-04 09:59:00,C002,deposit,856.77,SELF,branch,US,normal
T01967,2026-07-04 10:03:00,C048,payment,161.2,M564,card,US,normal
T01968,2026-07-04 10:06:00,C013,payment,251.88,M309,card,US,normal
T01969,2026-07-04 10:07:00,C049,transfer,162.85,P5904,online,US,normal
T01970,2026-07-04 10:31:00,C016,payment,114.49,M509,card,US,normal
T01971,2026-07-04 10:38:00,C048,payment,230.46,M293,card,US,normal
T01972,2026-07-04 10:40:00,C049,payment,151.21,M807,card,US,normal
T01973,2026-07-04 10:43:00,C039,transfer,186.37,P6969,online,US,normal
T01974,2026-07-04 10:51:00,C006,deposit,214.97,SELF,branch,US,normal
T01975,2026-07-04 11:02:00,C046,payment,45.69,M651,card,US,normal
T01976,2026-07-04 11:03:00,C009,payment,96.56,M325,card,US,normal
T01977,2026-07-04 11:30:00,C018,transfer,227.52,P6982,online,US,normal
T01978,2026-07-04 11:32:00,C016,transfer,82.63,P3155,online,US,normal
T01979,2026-07-04 11:44:00,C037,payment,281.86,M926,card,US,normal
T01980,2026-07-04 11:45:00,C002,payment,238.88,M532,card,US,normal
T01981,2026-07-04 12:09:00,C031,deposit,377.48,SELF,branch,US,normal
T01982,2026-07-04 12:16:00,C003,payment,141.14,M875,card,US,normal
T01983,2026-07-04 12:21:00,C017,payment,139.46,M314,card,US,normal
T01984,2026-07-04 12:28:00,C016,payment,365.24,M625,card,US,normal
T01985,2026-07-04 12:32:00,C003,deposit,600.49,SELF,branch,US,normal
T01986,2026-07-04 12:36:00,C050,payment,81.01,M388,card,US,normal
T01987,2026-07-04 12:46:00,C012,transfer,152.34,P8160,online,US,normal
T01988,2026-07-04 12:47:00,C013,payment,124.5,M122,card,US,normal
T01989,2026-07-04 12:47:00,C039,payment,241.17,M226,card,US,normal
T01990,2026-07-04 12:55:00,C042,payment,347.96,M612,card,US,normal
T01991,2026-07-04 12:57:00,C013,payment,172.58,M299,card,US,normal
T01992,2026-07-04 13:14:00,C050,payment,70.3,M270,card,US,normal
T01993,2026-07-04 13:18:00,C023,deposit,396.83,SELF,branch,US,normal
T01994,2026-07-04 13:42:00,C003,deposit,866.76,SELF,branch,US,normal
T01995,2026-07-04 13:43:00,C008,withdrawal,104.11,SELF,atm,US,normal
T01996,2026-07-04 13:49:00,C042,transfer,371.39,P3968,online,US,normal
T01997,2026-07-04 13:50:00,C031,payment,55.08,M549,card,US,normal
T01998,2026-07-04 13:51:00,C024,deposit,752.31,SELF,branch,US,normal
T01999,2026-07-04 14:10:00,C040,payment,182.65,M156,card,US,normal
T02000,2026-07-04 14:36:00,C048,payment,233.99,M114,card,US,normal
T02001,2026-07-04 14:42:00,C013,withdrawal,75.51,SELF,atm,US,normal
T02002,2026-07-04 14:55:00,C036,transfer,115.88,P1713,online,US,normal
T02003,2026-07-04 15:00:00,C016,payment,178.07,M352,card,US,normal
T02004,2026-07-04 15:04:00,C002,withdrawal,163.29,SELF,atm,US,normal
T02005,2026-07-04 15:13:00,C046,payment,74.64,M130,card,US,normal
T02006,2026-07-04 15:18:00,C006,payment,227.77,M324,card,US,normal
T02007,2026-07-04 15:19:00,C005,withdrawal,116.62,SELF,atm,US,normal
T02008,2026-07-04 15:57:00,C011,payment,1054.6,M916,card,US,normal
T02009,2026-07-04 16:14:00,C011,withdrawal,517.91,SELF,atm,US,normal
T02010,2026-07-04 16:26:00,C019,deposit,443.61,SELF,branch,US,normal
T02011,2026-07-04 16:42:00,C034,deposit,268.92,SELF,branch,US,normal
T02012,2026-07-04 16:53:00,C036,transfer,140.15,P5022,online,US,normal
T02013,2026-07-04 16:57:00,C001,deposit,549.83,SELF,branch,US,normal
T02014,2026-07-04 17:06:00,C038,payment,140.17,M814,card,US,normal
T02015,2026-07-04 17:16:00,C006,transfer,135.44,P5990,online,US,normal
T02016,2026-07-04 17:21:00,C023,payment,171.77,M815,card,US,normal
T02017,2026-07-04 17:21:00,C046,payment,100.79,M370,card,US,normal
T02018,2026-07-04 17:26:00,C007,deposit,835.78,SELF,branch,US,normal
T02019,2026-07-04 17:29:00,C038,deposit,460.99,SELF,branch,US,normal
T02020,2026-07-04 17:29:00,C020,transfer,202.46,P5239,online,US,normal
T02021,2026-07-04 17:35:00,C001,deposit,333.66,SELF,branch,US,normal
T02022,2026-07-04 17:40:00,C019,payment,104.03,M894,card,US,normal
T02023,2026-07-04 17:53:00,C011,deposit,1208.47,SELF,branch,US,normal
T02024,2026-07-04 17:54:00,C034,payment,93.23,M834,card,US,normal
T02025,2026-07-04 17:55:00,C043,payment,146.4,M556,card,US,normal
T02026,2026-07-04 17:55:00,C006,payment,135.27,M284,card,US,normal
T02027,2026-07-04 17:55:00,C006,deposit,394.62,SELF,branch,US,normal
T02028,2026-07-04 18:28:00,C049,deposit,444.48,SELF,branch,US,normal
T02029,2026-07-04 18:37:00,C023,payment,82.31,M671,card,US,normal
T02030,2026-07-04 18:45:00,C019,payment,109.13,M156,card,US,normal
T02031,2026-07-04 18:51:00,C048,transfer,238.44,P2449,online,US,normal
T02032,2026-07-04 18:54:00,C046,payment,38.71,M289,card,US,normal
T02033,2026-07-04 19:43:00,C022,payment,98.93,M539,card,US,normal
T02034,2026-07-04 19:45:00,C048,payment,368.72,M916,card,US,normal
T02035,2026-07-04 19:56:00,C047,withdrawal,199.72,SELF,atm,US,normal
T02036,2026-07-05 08:06:00,C043,payment,231.17,M775,card,US,normal
T02037,2026-07-05 08:06:00,C021,payment,43.21,M704,card,US,normal
T02038,2026-07-05 08:42:00,C024,transfer,261.58,P9932,online,US,normal
T02039,2026-07-05 08:51:00,C030,transfer,216.99,P5460,online,US,normal
T02040,2026-07-05 08:57:00,C049,transfer,135.65,P3983,online,US,normal
T02041,2026-07-05 09:06:00,C017,withdrawal,449.5,SELF,atm,US,normal
T02042,2026-07-05 09:22:00,C020,transfer,1270.84,P5239,online,US,normal
T02043,2026-07-05 09:34:00,C028,transfer,148.54,P1810,online,US,normal
T02044,2026-07-05 10:03:00,C006,withdrawal,51.48,SELF,atm,US,normal
T02045,2026-07-05 10:05:00,C011,deposit,1629.83,SELF,branch,US,normal
T02046,2026-07-05 10:13:00,C030,payment,134.27,M320,card,US,normal
T02047,2026-07-05 10:14:00,C036,payment,99.46,M968,card,US,normal
T02048,2026-07-05 10:44:00,C020,payment,243.12,M120,card,US,normal
T02049,2026-07-05 11:07:00,C029,payment,95.87,M292,card,US,normal
T02050,2026-07-05 11:09:00,C006,payment,82.79,M656,card,US,normal
T02051,2026-07-05 11:52:00,C017,payment,188.76,M141,card,US,normal
T02052,2026-07-05 11:59:00,C040,payment,138.16,M591,card,US,normal
T02053,2026-07-05 12:06:00,C037,payment,383.58,M616,card,US,normal
T02054,2026-07-05 12:51:00,C015,deposit,993.44,SELF,branch,US,normal
T02055,2026-07-05 12:58:00,C011,payment,408.2,M746,card,US,normal
T02056,2026-07-05 13:22:00,C033,transfer,64.18,P4296,online,US,normal
T02057,2026-07-05 13:25:00,C011,transfer,578.76,P3932,online,US,normal
T02058,2026-07-05 13:53:00,C037,payment,255.19,M945,card,US,normal
T02059,2026-07-05 13:56:00,C037,payment,329.88,M510,card,US,normal
T02060,2026-07-05 14:02:00,C016,transfer,193.24,P3155,online,US,normal
T02061,2026-07-05 14:13:00,C031,payment,227.21,M546,card,US,normal
T02062,2026-07-05 14:37:00,C036,payment,72.88,M183,card,US,normal
T02063,2026-07-05 14:38:00,C049,withdrawal,149.04,SELF,atm,US,normal
T02064,2026-07-05 15:17:00,C021,payment,56.21,M542,card,US,normal
T02065,2026-07-05 15:17:00,C026,withdrawal,167.34,SELF,atm,US,normal
T02066,2026-07-05 15:34:00,C044,payment,79.14,M597,card,US,normal
T02067,2026-07-05 15:38:00,C009,withdrawal,222.86,SELF,atm,US,normal
T02068,2026-07-05 15:43:00,C033,payment,142.34,M962,card,US,normal
T02069,2026-07-05 16:09:00,C038,transfer,286.89,P8708,online,US,normal
T02070,2026-07-05 16:26:00,C003,payment,183.33,M425,card,US,normal
T02071,2026-07-05 16:32:00,C044,transfer,104.41,P9906,online,US,normal
T02072,2026-07-05 16:35:00,C043,payment,185.04,M510,card,US,normal
T02073,2026-07-05 16:43:00,C038,payment,166.82,M274,card,US,normal
T02074,2026-07-05 17:08:00,C034,payment,124.58,M552,card,US,normal
T02075,2026-07-05 17:13:00,C021,payment,34.12,M808,card,US,normal
T02076,2026-07-05 17:14:00,C018,transfer,152.27,P6982,online,US,normal
T02077,2026-07-05 17:22:00,C011,withdrawal,458.83,SELF,atm,US,normal
T02078,2026-07-05 17:45:00,C004,payment,198.06,M235,card,US,normal
T02079,2026-07-05 17:57:00,C020,payment,401.91,M882,card,US,normal
T02080,2026-07-05 18:25:00,C021,deposit,252.04,SELF,branch,US,normal
T02081,2026-07-05 18:27:00,C008,payment,125.29,M825,card,US,normal
T02082,2026-07-05 18:44:00,C027,deposit,382.53,SELF,branch,US,normal
T02083,2026-07-05 19:17:00,C019,payment,99.85,M324,card,US,normal
T02084,2026-07-05 19:37:00,C038,transfer,287.35,P5168,online,US,normal
T02085,2026-07-06 08:24:00,C026,transfer,139.73,P6012,online,US,normal
T02086,2026-07-06 08:30:00,C031,deposit,268.02,SELF,branch,US,normal
T02087,2026-07-06 08:56:00,C006,transfer,137.15,P8990,online,US,normal
T02088,2026-07-06 09:04:00,C034,payment,63.97,M920,card,US,normal
T02089,2026-07-06 09:07:00,C035,deposit,168.21,SELF,branch,US,normal
T02090,2026-07-06 09:09:00,C006,payment,84.51,M690,card,US,normal
T02091,2026-07-06 09:43:00,C046,payment,116.9,M818,card,US,normal
T02092,2026-07-06 10:22:00,C017,payment,337.83,M350,card,US,normal
T02093,2026-07-06 11:08:00,C008,deposit,284.9,SELF,branch,US,normal
T02094,2026-07-06 11:12:00,C044,payment,66.3,M692,card,US,normal
T02095,2026-07-06 11:28:00,C037,payment,252.04,M959,card,US,normal
T02096,2026-07-06 11:32:00,C005,transfer,64.24,P8404,online,US,normal
T02097,2026-07-06 11:33:00,C009,payment,134.08,M428,card,US,normal
T02098,2026-07-06 11:36:00,C026,payment,126.57,M993,card,US,normal
T02099,2026-07-06 11:37:00,C031,payment,165.31,M806,card,US,normal
T02100,2026-07-06 12:17:00,C013,payment,113.56,M373,card,US,normal
T02101,2026-07-06 12:34:00,C035,payment,209.6,M384,card,US,normal
T02102,2026-07-06 13:00:00,C015,transfer,187.78,P8242,online,US,normal
T02103,2026-07-06 13:07:00,C017,payment,114.3,M878,card,US,normal
T02104,2026-07-06 13:15:00,C008,transfer,294.96,P9735,online,US,normal
T02105,2026-07-06 13:18:00,C024,transfer,329.26,P4676,online,US,normal
T02106,2026-07-06 13:32:00,C041,transfer,61.42,P7816,online,US,normal
T02107,2026-07-06 13:46:00,C044,payment,172.32,M617,card,US,normal
T02108,2026-07-06 14:19:00,C049,transfer,175.53,P9583,online,US,normal
T02109,2026-07-06 14:28:00,C034,withdrawal,71.98,SELF,atm,US,normal
T02110,2026-07-06 14:37:00,C009,payment,75.92,M164,card,US,normal
T02111,2026-07-06 14:40:00,C031,transfer,86.56,P3148,online,US,normal
T02112,2026-07-06 14:41:00,C048,deposit,623.17,SELF,branch,US,normal
T02113,2026-07-06 14:45:00,C016,payment,205.33,M877,card,US,normal
T02114,2026-07-06 14:49:00,C036,payment,147.52,M183,card,US,normal
T02115,2026-07-06 15:12:00,C009,payment,117.92,M312,card,US,normal
T02116,2026-07-06 15:17:00,C030,withdrawal,113.87,SELF,atm,US,normal
T02117,2026-07-06 15:23:00,C018,withdrawal,191.11,SELF,atm,US,normal
T02118,2026-07-06 15:24:00,C002,payment,131.99,M767,card,US,normal
T02119,2026-07-06 15:26:00,C018,payment,95.26,M388,card,US,normal
T02120,2026-07-06 15:27:00,C043,deposit,169.66,SELF,branch,US,normal
T02121,2026-07-06 15:56:00,C022,deposit,1129.7,SELF,branch,US,normal
T02122,2026-07-06 15:57:00,C001,withdrawal,173.48,SELF,atm,US,normal
T02123,2026-07-06 16:03:00,C029,deposit,117.16,SELF,branch,US,normal
T02124,2026-07-06 16:14:00,C030,deposit,1261.41,SELF,branch,US,normal
T02125,2026-07-06 16:20:00,C021,deposit,183.37,SELF,branch,US,normal
T02126,2026-07-06 16:26:00,C045,payment,76.64,M882,card,US,normal
T02127,2026-07-06 16:35:00,C006,payment,85.29,M437,card,US,normal
T02128,2026-07-06 16:49:00,C042,deposit,1097.99,SELF,branch,US,normal
T02129,2026-07-06 17:16:00,C035,transfer,131.41,P8100,online,US,normal
T02130,2026-07-06 17:30:00,C012,deposit,366.78,SELF,branch,US,normal
T02131,2026-07-06 17:38:00,C016,deposit,377.52,SELF,branch,US,normal
T02132,2026-07-06 18:34:00,C031,payment,153.22,M851,card,US,normal
T02133,2026-07-06 18:53:00,C036,deposit,378.69,SELF,branch,US,normal
T02134,2026-07-06 18:58:00,C003,transfer,201.73,P7456,online,US,normal
T02135,2026-07-06 19:09:00,C010,payment,169.18,M400,card,US,normal
T02136,2026-07-06 19:11:00,C008,deposit,340.13,SELF,branch,US,normal
T02137,2026-07-06 19:25:00,C048,withdrawal,102.51,SELF,atm,US,normal
T02138,2026-07-06 19:36:00,C024,payment,178.3,M781,card,US,normal
T02139,2026-07-06 19:49:00,C003,payment,75.81,M354,card,US,normal
T02140,2026-07-06 19:52:00,C033,payment,58.58,M164,card,US,normal
T02141,2026-07-07 08:01:00,C018,payment,168.45,M542,card,US,normal
T02142,2026-07-07 08:04:00,C030,payment,179.76,M121,card,US,normal
T02143,2026-07-07 08:17:00,C031,withdrawal,211.72,SELF,atm,US,normal
T02144,2026-07-07 08:25:00,C027,deposit,617.48,SELF,branch,US,normal
T02145,2026-07-07 08:31:00,C018,payment,129.98,M762,card,US,normal
T02146,2026-07-07 09:18:00,C014,withdrawal,107.35,SELF,atm,US,normal
T02147,2026-07-07 09:28:00,C048,payment,114.12,M387,card,US,normal
T02148,2026-07-07 09:33:00,C001,payment,201.87,M630,card,US,normal
T02149,2026-07-07 09:37:00,C048,payment,268.71,M317,card,US,normal
T02150,2026-07-07 09:44:00,C007,payment,211.72,M871,card,US,normal
T02151,2026-07-07 09:47:00,C012,withdrawal,89.53,SELF,atm,US,normal
T02152,2026-07-07 10:01:00,C015,payment,306.1,M610,card,US,normal
T02153,2026-07-07 10:21:00,C033,transfer,115.51,P4296,online,US,normal
T02154,2026-07-07 10:28:00,C040,transfer,153.64,P1852,online,US,normal
T02155,2026-07-07 10:50:00,C036,payment,110.74,M747,card,US,normal
T02156,2026-07-07 11:05:00,C026,transfer,218.07,P2136,online,US,normal
T02157,2026-07-07 11:28:00,C029,transfer,40.18,P5156,online,US,normal
T02158,2026-07-07 11:32:00,C036,payment,103.92,M406,card,US,normal
T02159,2026-07-07 11:41:00,C020,payment,413.44,M583,card,US,normal
T02160,2026-07-07 11:48:00,C006,payment,107.61,M925,card,US,normal
T02161,2026-07-07 11:51:00,C026,payment,147.73,M902,card,US,normal
T02162,2026-07-07 11:51:00,C043,deposit,673.76,SELF,branch,US,normal
T02163,2026-07-07 11:57:00,C029,payment,126.68,M416,card,US,normal
T02164,2026-07-07 12:00:00,C031,deposit,748.94,SELF,branch,US,normal
T02165,2026-07-07 12:01:00,C050,deposit,645.31,SELF,branch,US,normal
T02166,2026-07-07 12:02:00,C031,payment,70.17,M146,card,US,normal
T02167,2026-07-07 12:06:00,C045,payment,76.55,M283,card,US,normal
T02168,2026-07-07 12:11:00,C009,payment,130.1,M126,card,US,normal
T02169,2026-07-07 12:14:00,C034,transfer,87.63,P9721,online,US,normal
T02170,2026-07-07 12:25:00,C015,deposit,781.15,SELF,branch,US,normal
T02171,2026-07-07 13:43:00,C040,payment,215.02,M436,card,US,normal
T02172,2026-07-07 13:45:00,C026,withdrawal,205.2,SELF,atm,US,normal
T02173,2026-07-07 13:47:00,C022,payment,153.38,M981,card,US,normal
T02174,2026-07-07 13:48:00,C004,transfer,59.05,P4336,online,US,normal
T02175,2026-07-07 14:33:00,C048,payment,148.9,M104,card,US,normal
T02176,2026-07-07 14:37:00,C050,transfer,145.25,P3560,online,US,normal
T02177,2026-07-07 14:43:00,C001,transfer,71.26,P8726,online,US,normal
T02178,2026-07-07 15:15:00,C036,withdrawal,144.58,SELF,atm,US,normal
T02179,2026-07-07 15:34:00,C014,withdrawal,61.42,SELF,atm,US,normal
T02180,2026-07-07 16:01:00,C035,payment,126.63,M443,card,US,normal
T02181,2026-07-07 16:13:00,C030,payment,458.69,M372,card,US,normal
T02182,2026-07-07 16:23:00,C035,transfer,140.67,P8100,online,US,normal
T02183,2026-07-07 16:31:00,C024,payment,189.18,M881,card,US,normal
T02184,2026-07-07 16:33:00,C028,transfer,79.1,P4008,online,US,normal
T02185,2026-07-07 16:55:00,C038,payment,223.81,M147,card,US,normal
T02186,2026-07-07 17:45:00,C030,deposit,350.01,SELF,branch,US,normal
T02187,2026-07-07 17:48:00,C041,payment,61.43,M261,card,US,normal
T02188,2026-07-07 18:24:00,C043,payment,150.26,M444,card,US,normal
T02189,2026-07-07 18:52:00,C007,deposit,755.52,SELF,branch,US,normal
T02190,2026-07-07 18:54:00,C012,deposit,533.91,SELF,branch,US,normal
T02191,2026-07-07 19:43:00,C001,withdrawal,180.54,SELF,atm,US,normal
T02192,2026-07-08 08:08:00,C047,withdrawal,272.57,SELF,atm,US,normal
T02193,2026-07-08 08:10:00,C042,payment,213.12,M310,card,US,normal
T02194,2026-07-08 08:19:00,C010,withdrawal,208.75,SELF,atm,US,normal
T02195,2026-07-08 08:53:00,C013,payment,138.55,M946,card,US,normal
T02196,2026-07-08 09:01:00,C049,payment,137.81,M852,card,US,normal
T02197,2026-07-08 09:19:00,C028,deposit,310.12,SELF,branch,US,normal
T02198,2026-07-08 09:21:00,C013,transfer,81.58,P5280,online,US,normal
T02199,2026-07-08 09:28:00,C040,payment,175.81,M497,card,US,normal
T02200,2026-07-08 09:45:00,C029,payment,112.53,M982,card,US,normal
T02201,2026-07-08 09:47:00,C031,deposit,1129.72,SELF,branch,US,normal
T02202,2026-07-08 09:59:00,C007,withdrawal,315.43,SELF,atm,US,normal
T02203,2026-07-08 10:13:00,C050,payment,70.17,M255,card,US,normal
T02204,2026-07-08 10:14:00,C041,payment,73.24,M390,card,US,normal
T02205,2026-07-08 10:25:00,C034,payment,75.06,M953,card,US,normal
T02206,2026-07-08 10:37:00,C037,transfer,398.38,P3753,online,US,normal
T02207,2026-07-08 10:37:00,C022,payment,112.18,M552,card,US,normal
T02208,2026-07-08 11:07:00,C006,payment,61.74,M397,card,US,normal
T02209,2026-07-08 11:13:00,C011,payment,641.27,M887,card,US,normal
T02210,2026-07-08 11:16:00,C007,payment,265.55,M559,card,US,normal
T02211,2026-07-08 11:23:00,C033,withdrawal,102.08,SELF,atm,US,normal
T02212,2026-07-08 11:26:00,C008,withdrawal,121.37,SELF,atm,US,normal
T02213,2026-07-08 12:49:00,C027,payment,188.08,M272,card,US,normal
T02214,2026-07-08 13:10:00,C022,payment,135.88,M324,card,US,normal
T02215,2026-07-08 13:11:00,C046,withdrawal,49.37,SELF,atm,US,normal
T02216,2026-07-08 13:11:00,C028,transfer,93.68,P1955,online,US,normal
T02217,2026-07-08 13:46:00,C036,payment,87.45,M911,card,US,normal
T02218,2026-07-08 13:49:00,C024,deposit,528.23,SELF,branch,US,normal
T02219,2026-07-08 13:54:00,C009,withdrawal,89.8,SELF,atm,US,normal
T02220,2026-07-08 13:55:00,C009,transfer,112.85,P5200,online,US,normal
T02221,2026-07-08 14:41:00,C029,deposit,181.98,SELF,branch,US,normal
T02222,2026-07-08 15:01:00,C020,payment,313.27,M462,card,US,normal
T02223,2026-07-08 15:06:00,C048,payment,166.29,M633,card,US,normal
T02224,2026-07-08 15:23:00,C042,payment,297.83,M546,card,US,normal
T02225,2026-07-08 15:51:00,C016,payment,227.87,M732,card,US,normal
T02226,2026-07-08 16:00:00,C033,withdrawal,54.8,SELF,atm,US,normal
T02227,2026-07-08 16:23:00,C031,transfer,147.16,P7152,online,US,normal
T02228,2026-07-08 16:25:00,C001,payment,206.47,M205,card,US,normal
T02229,2026-07-08 16:50:00,C012,transfer,70.46,P5225,online,US,normal
T02230,2026-07-08 17:09:00,C011,payment,177.01,M832,card,US,normal
T02231,2026-07-08 17:28:00,C038,payment,342.71,M653,card,US,normal
T02232,2026-07-08 17:38:00,C030,payment,289.87,M964,card,US,normal
T02233,2026-07-08 17:46:00,C028,payment,158.36,M787,card,US,normal
T02234,2026-07-08 17:47:00,C001,withdrawal,225.7,SELF,atm,US,normal
T02235,2026-07-08 17:57:00,C034,payment,74.61,M530,card,US,normal
T02236,2026-07-08 18:09:00,C016,payment,144.62,M145,card,US,normal
T02237,2026-07-08 18:23:00,C019,deposit,474.71,SELF,branch,US,normal
T02238,2026-07-08 18:36:00,C011,payment,1155.46,M315,card,US,normal
T02239,2026-07-08 19:05:00,C014,payment,80.07,M682,card,US,normal
T02240,2026-07-08 19:16:00,C004,deposit,206.56,SELF,branch,US,normal
T02241,2026-07-08 19:29:00,C012,withdrawal,152.41,SELF,atm,US,normal
T02242,2026-07-08 19:55:00,C008,payment,77.98,M551,card,US,normal
T02243,2026-07-08 19:58:00,C034,payment,46.25,M546,card,US,normal
T02244,2026-07-09 08:07:00,C010,payment,167.03,M463,card,US,normal
T02245,2026-07-09 08:35:00,C041,transfer,44.43,P8081,online,US,normal
T02246,2026-07-09 08:35:00,C015,deposit,397.0,SELF,branch,US,normal
T02247,2026-07-09 09:00:00,C020,transfer,287.86,P6889,online,US,normal
T02248,2026-07-09 09:17:00,C035,transfer,110.58,P7451,online,US,normal
T02249,2026-07-09 09:19:00,C036,transfer,228.53,P1713,online,US,normal
T02250,2026-07-09 09:19:00,C012,deposit,237.12,SELF,branch,US,normal
T02251,2026-07-09 09:31:00,C048,payment,244.81,M777,card,US,normal
T02252,2026-07-09 09:33:00,C029,payment,72.76,M648,card,US,normal
T02253,2026-07-09 09:34:00,C029,payment,53.61,M640,card,US,normal
T02254,2026-07-09 09:44:00,C005,transfer,223.05,P4990,online,US,normal
T02255,2026-07-09 09:55:00,C022,deposit,509.84,SELF,branch,US,normal
T02256,2026-07-09 09:57:00,C001,payment,167.98,M381,card,US,normal
T02257,2026-07-09 10:23:00,C028,deposit,397.67,SELF,branch,US,normal
T02258,2026-07-09 11:14:00,C044,transfer,67.94,P6228,online,US,normal
T02259,2026-07-09 11:43:00,C030,withdrawal,181.45,SELF,atm,US,normal
T02260,2026-07-09 12:33:00,C020,payment,301.61,M431,card,US,normal
T02261,2026-07-09 12:38:00,C028,payment,252.84,M509,card,US,normal
T02262,2026-07-09 12:41:00,C043,payment,173.73,M517,card,US,normal
T02263,2026-07-09 13:01:00,C036,payment,102.02,M513,card,US,normal
T02264,2026-07-09 13:23:00,C013,payment,117.88,M395,card,US,normal
T02265,2026-07-09 13:44:00,C017,deposit,419.28,SELF,branch,US,normal
T02266,2026-07-09 13:52:00,C040,payment,120.47,M230,card,US,normal
T02267,2026-07-09 14:24:00,C018,deposit,836.57,SELF,branch,US,normal
T02268,2026-07-09 14:29:00,C047,payment,190.2,M290,card,US,normal
T02269,2026-07-09 14:44:00,C009,payment,104.43,M176,card,US,normal
T02270,2026-07-09 14:47:00,C008,payment,203.1,M354,card,US,normal
T02271,2026-07-09 14:50:00,C006,deposit,287.93,SELF,branch,US,normal
T02272,2026-07-09 15:16:00,C001,deposit,587.1,SELF,branch,US,normal
T02273,2026-07-09 15:34:00,C049,withdrawal,182.05,SELF,atm,US,normal
T02274,2026-07-09 15:35:00,C023,payment,107.43,M799,card,US,normal
T02275,2026-07-09 15:46:00,C034,withdrawal,59.46,SELF,atm,US,normal
T02276,2026-07-09 16:02:00,C006,withdrawal,67.74,SELF,atm,US,normal
T02277,2026-07-09 16:14:00,C047,transfer,128.62,P5379,online,US,normal
T02278,2026-07-09 16:21:00,C018,payment,91.35,M174,card,US,normal
T02279,2026-07-09 16:27:00,C017,deposit,594.62,SELF,branch,US,normal
T02280,2026-07-09 16:28:00,C020,transfer,303.77,P7014,online,US,normal
T02281,2026-07-09 16:34:00,C015,transfer,178.0,P8574,online,US,normal
T02282,2026-07-09 16:49:00,C014,withdrawal,93.17,SELF,atm,US,normal
T02283,2026-07-09 16:51:00,C008,deposit,295.66,SELF,branch,US,normal
T02284,2026-07-09 16:58:00,C041,transfer,86.72,P7816,online,US,normal
T02285,2026-07-09 16:59:00,C017,payment,253.77,M483,card,US,normal
T02286,2026-07-09 17:08:00,C041,payment,69.22,M531,card,US,normal
T02287,2026-07-09 17:10:00,C049,payment,85.29,M837,card,US,normal
T02288,2026-07-09 17:16:00,C044,payment,90.45,M161,card,US,normal
T02289,2026-07-09 17:19:00,C048,payment,146.15,M363,card,US,normal
T02290,2026-07-09 17:43:00,C050,transfer,120.57,P1194,online,US,normal
T02291,2026-07-09 17:50:00,C007,payment,320.99,M482,card,US,normal
T02292,2026-07-09 18:02:00,C028,payment,67.76,M886,card,US,normal
T02293,2026-07-09 18:08:00,C012,withdrawal,102.14,SELF,atm,US,normal
T02294,2026-07-09 18:44:00,C049,payment,91.22,M830,card,US,normal
T02295,2026-07-09 19:09:00,C044,payment,104.78,M248,card,US,normal
T02296,2026-07-09 19:10:00,C022,deposit,1604.73,SELF,branch,US,normal
T02297,2026-07-09 19:49:00,C020,transfer,400.66,P7014,online,US,normal
T02298,2026-07-09 19:54:00,C015,payment,206.7,M937,card,US,normal
T02299,2026-07-10 08:14:00,C019,withdrawal,99.58,SELF,atm,US,normal
T02300,2026-07-10 08:25:00,C028,transfer,217.66,P1955,online,US,normal
T02301,2026-07-10 08:32:00,C047,payment,179.06,M874,card,US,normal
T02302,2026-07-10 08:45:00,C009,payment,78.65,M520,card,US,normal
T02303,2026-07-10 08:51:00,C013,payment,216.09,M625,card,US,normal
T02304,2026-07-10 09:23:00,C002,payment,238.45,M753,card,US,normal
T02305,2026-07-10 09:32:00,C017,payment,90.97,M521,card,US,normal
T02306,2026-07-10 09:45:00,C002,payment,304.97,M587,card,US,normal
T02307,2026-07-10 09:56:00,C016,payment,117.37,M162,card,US,normal
T02308,2026-07-10 09:56:00,C001,deposit,397.03,SELF,branch,US,normal
T02309,2026-07-10 10:08:00,C044,payment,56.31,M347,card,US,normal
T02310,2026-07-10 10:09:00,C013,payment,79.27,M389,card,US,normal
T02311,2026-07-10 10:23:00,C022,payment,213.99,M572,card,US,normal
T02312,2026-07-10 10:26:00,C004,payment,85.86,M227,card,US,normal
T02313,2026-07-10 10:35:00,C018,transfer,164.11,P5243,online,US,normal
T02314,2026-07-10 11:02:00,C048,payment,183.52,M761,card,US,normal
T02315,2026-07-10 11:09:00,C035,withdrawal,159.35,SELF,atm,US,normal
T02316,2026-07-10 11:14:00,C017,payment,258.26,M537,card,US,normal
T02317,2026-07-10 11:26:00,C029,transfer,56.17,P2451,online,US,normal
T02318,2026-07-10 11:42:00,C017,payment,268.23,M671,card,US,normal
T02319,2026-07-10 11:59:00,C022,payment,179.42,M463,card,US,normal
T02320,2026-07-10 12:01:00,C047,payment,696.27,M843,card,US,normal
T02321,2026-07-10 12:41:00,C043,payment,99.86,M469,card,US,normal
T02322,2026-07-10 12:42:00,C030,payment,122.14,M505,card,US,normal
T02323,2026-07-10 12:45:00,C028,payment,56.75,M907,card,US,normal
T02324,2026-07-10 12:46:00,C038,withdrawal,203.7,SELF,atm,US,normal
T02325,2026-07-10 12:50:00,C031,payment,210.45,M362,card,US,normal
T02326,2026-07-10 12:57:00,C007,transfer,210.14,P6684,online,US,normal
T02327,2026-07-10 13:05:00,C011,deposit,1147.35,SELF,branch,US,normal
T02328,2026-07-10 13:13:00,C019,payment,137.58,M193,card,US,normal
T02329,2026-07-10 13:16:00,C048,payment,134.04,M798,card,US,normal
T02330,2026-07-10 13:17:00,C041,payment,76.36,M533,card,US,normal
T02331,2026-07-10 13:44:00,C030,withdrawal,248.94,SELF,atm,US,normal
T02332,2026-07-10 13:51:00,C023,withdrawal,72.27,SELF,atm,US,normal
T02333,2026-07-10 13:56:00,C015,transfer,200.76,P8574,online,US,normal
T02334,2026-07-10 14:36:00,C050,deposit,451.94,SELF,branch,US,normal
T02335,2026-07-10 14:50:00,C019,payment,89.97,M469,card,US,normal
T02336,2026-07-10 14:56:00,C027,payment,124.08,M927,card,US,normal
T02337,2026-07-10 15:04:00,C005,payment,305.61,M512,card,US,normal
T02338,2026-07-10 15:14:00,C018,payment,159.21,M437,card,US,normal
T02339,2026-07-10 15:22:00,C014,payment,107.1,M780,card,US,normal
T02340,2026-07-10 15:28:00,C013,transfer,136.06,P7177,online,US,normal
T02341,2026-07-10 15:45:00,C005,payment,122.12,M995,card,US,normal
T02342,2026-07-10 15:46:00,C013,withdrawal,200.11,SELF,atm,US,normal
T02343,2026-07-10 15:56:00,C002,deposit,1477.73,SELF,branch,US,normal
T02344,2026-07-10 16:06:00,C020,payment,433.79,M650,card,US,normal
T02345,2026-07-10 16:13:00,C018,transfer,149.52,P6982,online,US,normal
T02346,2026-07-10 16:30:00,C030,deposit,786.07,SELF,branch,US,normal
T02347,2026-07-10 16:38:00,C012,deposit,340.06,SELF,branch,US,normal
T02348,2026-07-10 16:41:00,C016,transfer,246.11,P7141,online,US,normal
T02349,2026-07-10 17:42:00,C023,transfer,86.56,P4930,online,US,normal
T02350,2026-07-10 18:14:00,C019,transfer,103.4,P5549,online,US,normal
T02351,2026-07-10 18:41:00,C038,payment,227.34,M499,card,US,normal
T02352,2026-07-10 18:45:00,C036,transfer,176.78,P5022,online,US,normal
T02353,2026-07-10 19:00:00,C009,payment,81.12,M292,card,US,normal
T02354,2026-07-10 19:08:00,C001,deposit,749.34,SELF,branch,US,normal
T02355,2026-07-10 19:10:00,C011,payment,1080.19,M874,card,US,normal
T02356,2026-07-10 19:15:00,C044,transfer,74.41,P9906,online,US,normal
T02357,2026-07-10 19:22:00,C020,payment,805.51,M554,card,US,normal
T02358,2026-07-10 19:29:00,C036,deposit,409.37,SELF,branch,US,normal
T02359,2026-07-10 19:35:00,C048,payment,140.74,M342,card,US,normal
T02360,2026-07-11 08:07:00,C050,payment,60.13,M753,card,US,normal
T02361,2026-07-11 08:14:00,C045,payment,57.75,M935,card,US,normal
T02362,2026-07-11 08:25:00,C034,withdrawal,111.28,SELF,atm,US,normal
T02363,2026-07-11 08:41:00,C045,payment,151.07,M445,card,US,normal
T02364,2026-07-11 08:50:00,C036,deposit,684.17,SELF,branch,US,normal
T02365,2026-07-11 08:50:00,C040,transfer,137.69,P6256,online,US,normal
T02366,2026-07-11 08:54:00,C022,payment,567.33,M451,card,US,normal
T02367,2026-07-11 09:05:00,C029,withdrawal,92.27,SELF,atm,US,normal
T02368,2026-07-11 09:08:00,C005,transfer,314.99,P4990,online,US,normal
T02369,2026-07-11 09:18:00,C044,transfer,69.87,P6228,online,US,normal
T02370,2026-07-11 09:37:00,C011,payment,469.7,M219,card,US,normal
T02371,2026-07-11 09:52:00,C045,withdrawal,58.77,SELF,atm,US,normal
T02372,2026-07-11 09:52:00,C031,payment,137.43,M723,card,US,normal
T02373,2026-07-11 10:14:00,C002,payment,325.89,M337,card,US,normal
T02374,2026-07-11 10:19:00,C046,payment,88.48,M258,card,US,normal
T02375,2026-07-11 11:13:00,C009,withdrawal,163.58,SELF,atm,US,normal
T02376,2026-07-11 11:20:00,C022,transfer,419.18,P8153,online,US,normal
T02377,2026-07-11 11:25:00,C014,payment,109.29,M432,card,US,normal
T02378,2026-07-11 11:37:00,C050,transfer,50.26,P1194,online,US,normal
T02379,2026-07-11 11:38:00,C037,payment,209.17,M481,card,US,normal
T02380,2026-07-11 11:44:00,C013,payment,181.65,M573,card,US,normal
T02381,2026-07-11 11:58:00,C001,payment,93.87,M487,card,US,normal
T02382,2026-07-11 12:04:00,C005,payment,75.15,M932,card,US,normal
T02383,2026-07-11 12:07:00,C001,deposit,492.44,SELF,branch,US,normal
T02384,2026-07-11 12:26:00,C026,payment,96.24,M144,card,US,normal
T02385,2026-07-11 12:29:00,C030,deposit,483.56,SELF,branch,US,normal
T02386,2026-07-11 12:31:00,C007,withdrawal,190.07,SELF,atm,US,normal
T02387,2026-07-11 12:35:00,C028,payment,242.64,M426,card,US,normal
T02388,2026-07-11 12:39:00,C045,payment,59.8,M502,card,US,normal
T02389,2026-07-11 12:49:00,C047,deposit,583.58,SELF,branch,US,normal
T02390,2026-07-11 13:06:00,C029,withdrawal,80.21,SELF,atm,US,normal
T02391,2026-07-11 13:12:00,C036,payment,96.92,M165,card,US,normal
T02392,2026-07-11 13:46:00,C037,payment,430.41,M195,card,US,normal
T02393,2026-07-11 13:50:00,C007,withdrawal,148.14,SELF,atm,US,normal
T02394,2026-07-11 13:56:00,C010,payment,351.34,M818,card,US,normal
T02395,2026-07-11 14:00:00,C001,transfer,148.38,P4949,online,US,normal
T02396,2026-07-11 14:20:00,C047,deposit,330.53,SELF,branch,US,normal
T02397,2026-07-11 14:56:00,C040,withdrawal,136.87,SELF,atm,US,normal
T02398,2026-07-11 14:58:00,C049,payment,134.91,M266,card,US,normal
T02399,2026-07-11 15:00:00,C034,transfer,77.7,P3392,online,US,normal
T02400,2026-07-11 15:10:00,C042,transfer,147.14,P2693,online,US,normal
T02401,2026-07-11 15:11:00,C050,payment,148.95,M931,card,US,normal
T02402,2026-07-11 15:18:00,C004,payment,92.76,M716,card,US,normal
T02403,2026-07-11 15:34:00,C011,transfer,624.24,P4697,online,US,normal
T02404,2026-07-11 15:34:00,C042,transfer,319.17,P2693,online,US,normal
T02405,2026-07-11 16:15:00,C034,deposit,519.61,SELF,branch,US,normal
T02406,2026-07-11 16:20:00,C011,deposit,1292.5,SELF,branch,US,normal
T02407,2026-07-11 16:21:00,C020,payment,541.57,M289,card,US,normal
T02408,2026-07-11 16:27:00,C048,withdrawal,85.89,SELF,atm,US,normal
T02409,2026-07-11 16:34:00,C049,transfer,300.01,P3983,online,US,normal
T02410,2026-07-11 16:35:00,C027,payment,82.83,M312,card,US,normal
T02411,2026-07-11 16:49:00,C036,payment,177.95,M526,card,US,normal
T02412,2026-07-11 16:55:00,C042,transfer,522.35,P2693,online,US,normal
T02413,2026-07-11 17:45:00,C007,deposit,1005.28,SELF,branch,US,normal
T02414,2026-07-11 17:48:00,C035,payment,147.08,M176,card,US,normal
T02415,2026-07-11 17:56:00,C027,payment,184.31,M632,card,US,normal
T02416,2026-07-11 18:12:00,C023,payment,124.57,M625,card,US,normal
T02417,2026-07-11 18:30:00,C022,deposit,499.43,SELF,branch,US,normal
T02418,2026-07-11 18:36:00,C019,transfer,58.56,P6118,online,US,normal
T02419,2026-07-11 19:04:00,C006,payment,105.48,M519,card,US,normal
T02420,2026-07-11 19:15:00,C020,deposit,1455.17,SELF,branch,US,normal
T02421,2026-07-11 19:37:00,C041,payment,113.98,M537,card,US,normal
T02422,2026-07-11 19:37:00,C017,payment,394.52,M965,card,US,normal
T02423,2026-07-11 19:39:00,C020,payment,224.45,M358,card,US,normal
T02424,2026-07-12 08:00:00,C045,payment,38.6,M565,card,US,normal
T02425,2026-07-12 08:02:00,C027,payment,349.76,M601,card,US,normal
T02426,2026-07-12 08:20:00,C006,deposit,188.7,SELF,branch,US,normal
T02427,2026-07-12 08:28:00,C041,deposit,185.01,SELF,branch,US,normal
T02428,2026-07-12 08:34:00,C037,payment,162.89,M860,card,US,normal
T02429,2026-07-12 08:35:00,C014,payment,143.5,M765,card,US,normal
T02430,2026-07-12 08:39:00,C013,deposit,513.0,SELF,branch,US,normal
T02431,2026-07-12 08:39:00,C047,transfer,307.55,P7039,online,US,normal
T02432,2026-07-12 08:51:00,C006,payment,56.88,M141,card,US,normal
T02433,2026-07-12 09:00:00,C002,withdrawal,273.7,SELF,atm,US,normal
T02434,2026-07-12 09:33:00,C007,payment,234.07,M391,card,US,normal
T02435,2026-07-12 09:37:00,C042,deposit,1416.93,SELF,branch,US,normal
T02436,2026-07-12 09:44:00,C046,deposit,258.13,SELF,branch,US,normal
T02437,2026-07-12 10:17:00,C002,transfer,450.21,P1847,online,US,normal
T02438,2026-07-12 10:22:00,C041,transfer,146.8,P8081,online,US,normal
T02439,2026-07-12 10:27:00,C012,transfer,100.43,P5225,online,US,normal
T02440,2026-07-12 10:30:00,C016,payment,272.7,M408,card,US,normal
T02441,2026-07-12 10:33:00,C045,payment,91.8,M702,card,US,normal
T02442,2026-07-12 10:41:00,C021,deposit,183.8,SELF,branch,US,normal
T02443,2026-07-12 10:41:00,C007,payment,186.92,M112,card,US,normal
T02444,2026-07-12 10:49:00,C048,payment,342.05,M308,card,US,normal
T02445,2026-07-12 11:12:00,C038,deposit,518.09,SELF,branch,US,normal
T02446,2026-07-12 11:46:00,C021,payment,37.35,M733,card,US,normal
T02447,2026-07-12 11:53:00,C020,payment,460.15,M641,card,US,normal
T02448,2026-07-12 12:00:00,C024,payment,327.11,M646,card,US,normal
T02449,2026-07-12 12:06:00,C037,transfer,382.93,P3753,online,US,normal
T02450,2026-07-12 12:16:00,C039,deposit,536.41,SELF,branch,US,normal
T02451,2026-07-12 12:27:00,C004,payment,167.04,M435,card,US,normal
T02452,2026-07-12 12:28:00,C029,transfer,47.66,P2451,online,US,normal
T02453,2026-07-12 12:34:00,C042,payment,637.83,M501,card,US,normal
T02454,2026-07-12 12:36:00,C011,deposit,1827.38,SELF,branch,US,normal
T02455,2026-07-12 12:39:00,C014,deposit,644.65,SELF,branch,US,normal
T02456,2026-07-12 12:41:00,C021,payment,65.14,M124,card,US,normal
T02457,2026-07-12 13:07:00,C040,deposit,712.86,SELF,branch,US,normal
T02458,2026-07-12 13:11:00,C050,deposit,501.42,SELF,branch,US,normal
T02459,2026-07-12 13:25:00,C019,payment,184.72,M215,card,US,normal
T02460,2026-07-12 13:31:00,C002,transfer,554.02,P5737,online,US,normal
T02461,2026-07-12 13:32:00,C001,withdrawal,199.01,SELF,atm,US,normal
T02462,2026-07-12 13:36:00,C020,withdrawal,437.2,SELF,atm,US,normal
T02463,2026-07-12 13:58:00,C036,transfer,163.84,P5022,online,US,normal
T02464,2026-07-12 14:00:00,C043,transfer,199.3,P6288,online,US,normal
T02465,2026-07-12 14:14:00,C039,payment,293.41,M132,card,US,normal
T02466,2026-07-12 14:28:00,C021,withdrawal,32.31,SELF,atm,US,normal
T02467,2026-07-12 14:34:00,C047,payment,433.2,M402,card,US,normal
T02468,2026-07-12 14:39:00,C013,deposit,749.6,SELF,branch,US,normal
T02469,2026-07-12 15:07:00,C003,deposit,796.07,SELF,branch,US,normal
T02470,2026-07-12 15:08:00,C009,deposit,330.53,SELF,branch,US,normal
T02471,2026-07-12 15:21:00,C040,deposit,340.24,SELF,branch,US,normal
T02472,2026-07-12 16:38:00,C047,payment,233.31,M417,card,US,normal
T02473,2026-07-12 16:44:00,C035,deposit,658.78,SELF,branch,US,normal
T02474,2026-07-12 16:54:00,C022,transfer,101.82,P6032,online,US,normal
T02475,2026-07-12 17:07:00,C006,transfer,53.57,P5990,online,US,normal
T02476,2026-07-12 17:16:00,C009,payment,121.95,M715,card,US,normal
T02477,2026-07-12 17:22:00,C017,deposit,1188.99,SELF,branch,US,normal
T02478,2026-07-12 17:32:00,C020,withdrawal,277.84,SELF,atm,US,normal
T02479,2026-07-12 17:41:00,C037,transfer,155.25,P7335,online,US,normal
T02480,2026-07-12 17:51:00,C003,transfer,196.76,P5618,online,US,normal
T02481,2026-07-12 17:59:00,C047,deposit,429.2,SELF,branch,US,normal
T02482,2026-07-12 18:40:00,C014,withdrawal,92.06,SELF,atm,US,normal
T02483,2026-07-12 18:50:00,C012,transfer,80.35,P8160,online,US,normal
T02484,2026-07-12 18:56:00,C008,transfer,131.3,P4190,online,US,normal
T02485,2026-07-12 18:57:00,C033,payment,84.69,M871,card,US,normal
T02486,2026-07-12 19:10:00,C040,withdrawal,232.04,SELF,atm,US,normal
T02487,2026-07-12 19:11:00,C020,withdrawal,571.76,SELF,atm,US,normal
T02488,2026-07-12 19:21:00,C008,deposit,411.32,SELF,branch,US,normal
T02489,2026-07-12 19:49:00,C020,payment,391.15,M609,card,US,normal
T02490,2026-07-13 08:09:00,C007,payment,300.38,M380,card,US,normal
T02491,2026-07-13 08:13:00,C033,payment,186.92,M967,card,US,normal
T02492,2026-07-13 08:19:00,C019,withdrawal,82.75,SELF,atm,US,normal
T02493,2026-07-13 08:30:00,C033,payment,97.85,M385,card,US,normal
T02494,2026-07-13 08:37:00,C034,payment,106.89,M414,card,US,normal
T02495,2026-07-13 08:37:00,C004,transfer,64.96,P4336,online,US,normal
T02496,2026-07-13 08:45:00,C019,payment,167.21,M548,card,US,normal
T02497,2026-07-13 08:50:00,C028,deposit,181.78,SELF,branch,US,normal
T02498,2026-07-13 08:56:00,C006,withdrawal,61.7,SELF,atm,US,normal
T02499,2026-07-13 09:09:00,C038,payment,140.84,M621,card,US,normal
T02500,2026-07-13 09:11:00,C008,withdrawal,198.42,SELF,atm,US,normal
T02501,2026-07-13 09:12:00,C033,deposit,334.26,SELF,branch,US,normal
T02502,2026-07-13 09:39:00,C001,deposit,707.84,SELF,branch,US,normal
T02503,2026-07-13 09:40:00,C049,payment,169.35,M801,card,US,normal
T02504,2026-07-13 10:04:00,C007,payment,259.64,M345,card,US,normal
T02505,2026-07-13 10:17:00,C019,deposit,311.07,SELF,branch,US,normal
T02506,2026-07-13 10:32:00,C015,withdrawal,174.4,SELF,atm,US,normal
T02507,2026-07-13 10:46:00,C047,payment,204.67,M398,card,US,normal
T02508,2026-07-13 10:47:00,C034,payment,151.08,M474,card,US,normal
T02509,2026-07-13 10:48:00,C040,transfer,95.99,P6256,online,US,normal
T02510,2026-07-13 10:57:00,C026,withdrawal,322.67,SELF,atm,US,normal
T02511,2026-07-13 11:07:00,C037,transfer,418.74,P7335,online,US,normal
T02512,2026-07-13 11:12:00,C035,payment,158.45,M687,card,US,normal
T02513,2026-07-13 11:31:00,C049,payment,130.15,M413,card,US,normal
T02514,2026-07-13 11:50:00,C043,payment,155.66,M681,card,US,normal
T02515,2026-07-13 11:52:00,C045,payment,40.44,M957,card,US,normal
T02516,2026-07-13 12:24:00,C034,deposit,238.0,SELF,branch,US,normal
T02517,2026-07-13 12:35:00,C026,payment,166.43,M800,card,US,normal
T02518,2026-07-13 12:37:00,C048,deposit,1127.79,SELF,branch,US,normal
T02519,2026-07-13 13:02:00,C009,payment,89.52,M781,card,US,normal
T02520,2026-07-13 13:12:00,C011,deposit,2260.79,SELF,branch,US,normal
T02521,2026-07-13 13:15:00,C026,payment,124.24,M233,card,US,normal
T02522,2026-07-13 13:15:00,C012,deposit,277.25,SELF,branch,US,normal
T02523,2026-07-13 13:23:00,C021,withdrawal,47.91,SELF,atm,US,normal
T02524,2026-07-13 13:31:00,C011,transfer,277.74,P9706,online,US,normal
T02525,2026-07-13 13:38:00,C016,transfer,337.17,P3155,online,US,normal
T02526,2026-07-13 14:09:00,C035,transfer,171.67,P8100,online,US,normal
T02527,2026-07-13 14:24:00,C045,payment,24.24,M518,card,US,normal
T02528,2026-07-13 14:46:00,C011,deposit,1425.14,SELF,branch,US,normal
T02529,2026-07-13 15:05:00,C001,transfer,188.32,P8726,online,US,normal
T02530,2026-07-13 15:22:00,C031,payment,78.23,M662,card,US,normal
T02531,2026-07-13 15:23:00,C034,payment,75.01,M544,card,US,normal
T02532,2026-07-13 15:25:00,C022,transfer,135.11,P6032,online,US,normal
T02533,2026-07-13 15:27:00,C037,deposit,306.23,SELF,branch,US,normal
T02534,2026-07-13 15:42:00,C012,payment,78.2,M484,card,US,normal
T02535,2026-07-13 16:06:00,C004,payment,64.44,M563,card,US,normal
T02536,2026-07-13 16:44:00,C033,withdrawal,41.54,SELF,atm,US,normal
T02537,2026-07-13 16:50:00,C024,payment,246.6,M836,card,US,normal
T02538,2026-07-13 16:50:00,C027,payment,112.05,M916,card,US,normal
T02539,2026-07-13 17:46:00,C046,transfer,105.99,P5340,online,US,normal
T02540,2026-07-13 18:03:00,C036,deposit,487.33,SELF,branch,US,normal
T02541,2026-07-13 18:33:00,C009,payment,74.06,M710,card,US,normal
T02542,2026-07-13 19:05:00,C002,payment,261.58,M264,card,US,normal
T02543,2026-07-13 19:15:00,C007,transfer,256.1,P6684,online,US,normal
T02544,2026-07-13 19:29:00,C030,payment,144.3,M125,card,US,normal
T02545,2026-07-14 08:03:00,C036,payment,149.09,M536,card,US,normal
T02546,2026-07-14 08:28:00,C014,payment,105.72,M514,card,US,normal
T02547,2026-07-14 08:40:00,C028,payment,128.33,M525,card,US,normal
T02548,2026-07-14 09:06:00,C040,deposit,221.36,SELF,branch,US,normal
T02549,2026-07-14 09:14:00,C034,payment,105.46,M844,card,US,normal
T02550,2026-07-14 09:15:00,C002,transfer,164.68,P1847,online,US,normal
T02551,2026-07-14 09:36:00,C035,payment,115.19,M758,card,US,normal
T02552,2026-07-14 10:20:00,C013,transfer,100.72,P7177,online,US,normal
T02553,2026-07-14 10:48:00,C014,deposit,552.36,SELF,branch,US,normal
T02554,2026-07-14 10:50:00,C046,withdrawal,44.28,SELF,atm,US,normal
T02555,2026-07-14 11:02:00,C013,withdrawal,115.59,SELF,atm,US,normal
T02556,2026-07-14 11:06:00,C044,transfer,92.53,P6228,online,US,normal
T02557,2026-07-14 11:19:00,C035,transfer,118.28,P8100,online,US,normal
T02558,2026-07-14 11:22:00,C033,payment,83.06,M344,card,US,normal
T02559,2026-07-14 11:36:00,C035,payment,125.25,M829,card,US,normal
T02560,2026-07-14 11:46:00,C004,transfer,92.14,P9339,online,US,normal
T02561,2026-07-14 12:14:00,C046,payment,50.2,M654,card,US,normal
T02562,2026-07-14 12:23:00,C023,withdrawal,109.3,SELF,atm,US,normal
T02563,2026-07-14 12:43:00,C035,payment,118.43,M571,card,US,normal
T02564,2026-07-14 12:51:00,C005,payment,244.43,M178,card,US,normal
T02565,2026-07-14 12:53:00,C020,transfer,247.36,P7014,online,US,normal
T02566,2026-07-14 13:24:00,C009,payment,90.54,M511,card,US,normal
T02567,2026-07-14 13:55:00,C044,payment,101.29,M616,card,US,normal
T02568,2026-07-14 14:03:00,C045,payment,68.25,M135,card,US,normal
T02569,2026-07-14 14:04:00,C006,payment,64.77,M228,card,US,normal
T02570,2026-07-14 14:59:00,C016,payment,191.52,M334,card,US,normal
T02571,2026-07-14 15:12:00,C047,payment,341.05,M493,card,US,normal
T02572,2026-07-14 15:36:00,C047,payment,352.99,M357,card,US,normal
T02573,2026-07-14 15:55:00,C012,transfer,83.38,P5225,online,US,normal
T02574,2026-07-14 15:58:00,C027,payment,115.53,M928,card,US,normal
T02575,2026-07-14 16:04:00,C039,deposit,481.5,SELF,branch,US,normal
T02576,2026-07-14 16:06:00,C011,transfer,360.51,P4697,online,US,normal
T02577,2026-07-14 16:10:00,C006,transfer,150.78,P8990,online,US,normal
T02578,2026-07-14 16:19:00,C034,payment,226.32,M303,card,US,normal
T02579,2026-07-14 16:22:00,C029,deposit,293.46,SELF,branch,US,normal
T02580,2026-07-14 16:24:00,C023,payment,82.91,M919,card,US,normal
T02581,2026-07-14 16:25:00,C007,transfer,275.46,P6684,online,US,normal
T02582,2026-07-14 16:29:00,C043,payment,120.7,M779,card,US,normal
T02583,2026-07-14 16:30:00,C012,transfer,128.22,P5225,online,US,normal
T02584,2026-07-14 16:51:00,C019,payment,130.94,M519,card,US,normal
T02585,2026-07-14 17:12:00,C027,deposit,478.03,SELF,branch,US,normal
T02586,2026-07-14 17:16:00,C012,deposit,383.64,SELF,branch,US,normal
T02587,2026-07-14 17:21:00,C031,transfer,96.53,P3148,online,US,normal
T02588,2026-07-14 17:48:00,C001,payment,165.83,M868,card,US,normal
T02589,2026-07-14 17:50:00,C047,transfer,240.56,P5379,online,US,normal
T02590,2026-07-14 18:13:00,C021,payment,26.09,M820,card,US,normal
T02591,2026-07-14 18:30:00,C009,transfer,85.26,P4274,online,US,normal
T02592,2026-07-14 18:33:00,C033,payment,144.13,M412,card,US,normal
T02593,2026-07-14 19:06:00,C012,payment,61.4,M478,card,US,normal
T02594,2026-07-14 19:30:00,C024,withdrawal,383.19,SELF,atm,US,normal
T02595,2026-07-14 19:34:00,C013,payment,257.31,M976,card,US,normal
T02596,2026-07-14 19:44:00,C029,transfer,159.95,P2451,online,US,normal
T02597,2026-07-14 19:58:00,C004,transfer,71.94,P9339,online,US,normal
T02598,2026-07-14 19:58:00,C044,payment,128.73,M174,card,US,normal
T02599,2026-07-15 08:04:00,C049,payment,136.72,M453,card,US,normal
T02600,2026-07-15 08:21:00,C029,withdrawal,127.1,SELF,atm,US,normal
T02601,2026-07-15 08:24:00,C047,transfer,371.03,P7039,online,US,normal
T02602,2026-07-15 09:26:00,C036,transfer,106.82,P5022,online,US,normal
T02603,2026-07-15 09:30:00,C019,deposit,226.16,SELF,branch,US,normal
T02604,2026-07-15 09:35:00,C049,payment,219.87,M793,card,US,normal
T02605,2026-07-15 09:57:00,C041,payment,68.63,M558,card,US,normal
T02606,2026-07-15 09:58:00,C045,payment,49.92,M876,card,US,normal
T02607,2026-07-15 10:12:00,C029,transfer,27.93,P7452,online,US,normal
T02608,2026-07-15 10:17:00,C034,payment,127.83,M189,card,US,normal
T02609,2026-07-15 10:17:00,C050,transfer,80.17,P4272,online,US,normal
T02610,2026-07-15 10:39:00,C028,payment,118.14,M270,card,US,normal
T02611,2026-07-15 10:40:00,C003,payment,172.3,M264,card,US,normal
T02612,2026-07-15 11:04:00,C015,payment,118.16,M989,card,US,normal
T02613,2026-07-15 11:07:00,C033,transfer,82.3,P9176,online,US,normal
T02614,2026-07-15 11:15:00,C013,transfer,293.1,P5280,online,US,normal
T02615,2026-07-15 11:29:00,C037,payment,202.37,M502,card,US,normal
T02616,2026-07-15 11:35:00,C013,payment,170.53,M736,card,US,normal
T02617,2026-07-15 11:40:00,C039,payment,68.77,M695,card,US,normal
T02618,2026-07-15 11:42:00,C031,payment,252.83,M697,card,US,normal
T02619,2026-07-15 11:44:00,C049,payment,170.39,M809,card,US,normal
T02620,2026-07-15 11:47:00,C044,payment,115.13,M610,card,US,normal
T02621,2026-07-15 11:49:00,C021,deposit,200.19,SELF,branch,US,normal
T02622,2026-07-15 11:50:00,C001,deposit,295.47,SELF,branch,US,normal
T02623,2026-07-15 12:06:00,C027,payment,222.51,M578,card,US,normal
T02624,2026-07-15 12:19:00,C018,payment,258.74,M260,card,US,normal
T02625,2026-07-15 12:23:00,C034,transfer,103.3,P7877,online,US,normal
T02626,2026-07-15 12:25:00,C003,deposit,442.11,SELF,branch,US,normal
T02627,2026-07-15 12:31:00,C011,transfer,1107.1,P9706,online,US,normal
T02628,2026-07-15 12:45:00,C041,transfer,96.59,P7816,online,US,normal
T02629,2026-07-15 13:05:00,C005,payment,109.23,M790,card,US,normal
T02630,2026-07-15 13:07:00,C012,transfer,84.31,P8160,online,US,normal
T02631,2026-07-15 13:33:00,C044,payment,94.49,M696,card,US,normal
T02632,2026-07-15 13:38:00,C010,payment,357.05,M733,card,US,normal
T02633,2026-07-15 13:39:00,C031,payment,112.76,M666,card,US,normal
T02634,2026-07-15 13:44:00,C045,transfer,39.52,P6317,online,US,normal
T02635,2026-07-15 14:01:00,C028,payment,113.53,M846,card,US,normal
T02636,2026-07-15 14:02:00,C026,withdrawal,161.74,SELF,atm,US,normal
T02637,2026-07-15 14:13:00,C033,payment,93.85,M445,card,US,normal
T02638,2026-07-15 14:28:00,C009,deposit,383.35,SELF,branch,US,normal
T02639,2026-07-15 14:30:00,C045,payment,86.19,M735,card,US,normal
T02640,2026-07-15 14:36:00,C027,deposit,727.64,SELF,branch,US,normal
T02641,2026-07-15 14:38:00,C046,transfer,161.61,P8043,online,US,normal
T02642,2026-07-15 14:54:00,C009,payment,115.15,M998,card,US,normal
T02643,2026-07-15 15:01:00,C045,withdrawal,89.7,SELF,atm,US,normal
T02644,2026-07-15 15:04:00,C049,transfer,191.34,P5904,online,US,normal
T02645,2026-07-15 15:12:00,C048,payment,105.13,M157,card,US,normal
T02646,2026-07-15 15:23:00,C038,deposit,614.67,SELF,branch,US,normal
T02647,2026-07-15 15:37:00,C010,payment,168.22,M223,card,US,normal
T02648,2026-07-15 15:39:00,C049,payment,201.86,M992,card,US,normal
T02649,2026-07-15 15:45:00,C026,deposit,565.15,SELF,branch,US,normal
T02650,2026-07-15 15:56:00,C035,transfer,112.25,P7451,online,US,normal
T02651,2026-07-15 16:00:00,C031,payment,117.64,M587,card,US,normal
T02652,2026-07-15 16:21:00,C030,payment,137.53,M162,card,US,normal
T02653,2026-07-15 16:24:00,C034,withdrawal,99.22,SELF,atm,US,normal
T02654,2026-07-15 16:25:00,C048,payment,355.24,M699,card,US,normal
T02655,2026-07-15 16:31:00,C046,payment,88.1,M636,card,US,normal
T02656,2026-07-15 16:32:00,C037,payment,204.3,M365,card,US,normal
T02657,2026-07-15 16:34:00,C026,deposit,353.33,SELF,branch,US,normal
T02658,2026-07-15 16:41:00,C006,deposit,405.08,SELF,branch,US,normal
T02659,2026-07-15 16:43:00,C022,transfer,251.68,P8153,online,US,normal
T02660,2026-07-15 16:55:00,C013,payment,124.71,M864,card,US,normal
T02661,2026-07-15 16:59:00,C027,payment,291.67,M285,card,US,normal
T02662,2026-07-15 17:15:00,C006,transfer,120.03,P5990,online,US,normal
T02663,2026-07-15 17:36:00,C001,payment,248.3,M278,card,US,normal
T02664,2026-07-15 17:39:00,C037,payment,607.78,M446,card,US,normal
T02665,2026-07-15 18:00:00,C033,payment,86.48,M689,card,US,normal
T02666,2026-07-15 18:13:00,C033,transfer,81.66,P4296,online,US,normal
T02667,2026-07-15 18:37:00,C007,payment,332.82,M819,card,US,normal
T02668,2026-07-15 18:50:00,C038,transfer,276.03,P8708,online,US,normal
T02669,2026-07-15 19:01:00,C049,payment,122.33,M177,card,US,normal
T02670,2026-07-15 19:26:00,C005,payment,198.76,M611,card,US,normal
T02671,2026-07-15 19:27:00,C027,transfer,303.66,P6978,online,US,normal
T02672,2026-07-15 19:32:00,C019,transfer,78.15,P6118,online,US,normal
T02673,2026-07-15 19:38:00,C015,payment,377.77,M566,card,US,normal
T02674,2026-07-16 08:00:00,C030,withdrawal,259.19,SELF,atm,US,normal
T02675,2026-07-16 08:01:00,C033,payment,97.75,M794,card,US,normal
T02676,2026-07-16 08:12:00,C018,deposit,715.64,SELF,branch,US,normal
T02677,2026-07-16 08:17:00,C030,payment,212.62,M725,card,US,normal
T02678,2026-07-16 08:19:00,C023,deposit,354.29,SELF,branch,US,normal
T02679,2026-07-16 08:20:00,C018,payment,180.53,M685,card,US,normal
T02680,2026-07-16 08:20:00,C017,withdrawal,113.7,SELF,atm,US,normal
T02681,2026-07-16 08:21:00,C036,payment,98.46,M461,card,US,normal
T02682,2026-07-16 08:28:00,C013,transfer,87.35,P5280,online,US,normal
T02683,2026-07-16 08:33:00,C028,deposit,387.86,SELF,branch,US,normal
T02684,2026-07-16 08:33:00,C044,payment,35.77,M901,card,US,normal
T02685,2026-07-16 08:46:00,C040,transfer,130.37,P6256,online,US,normal
T02686,2026-07-16 09:01:00,C024,deposit,709.94,SELF,branch,US,normal
T02687,2026-07-16 09:03:00,C035,payment,171.35,M995,card,US,normal
T02688,2026-07-16 09:32:00,C033,payment,142.87,M960,card,US,normal
T02689,2026-07-16 09:38:00,C036,payment,303.34,M694,card,US,normal
T02690,2026-07-16 09:53:00,C011,deposit,1439.66,SELF,branch,US,normal
T02691,2026-07-16 09:59:00,C035,deposit,236.53,SELF,branch,US,normal
T02692,2026-07-16 10:10:00,C015,deposit,528.33,SELF,branch,US,normal
T02693,2026-07-16 10:24:00,C016,payment,114.02,M216,card,US,normal
T02694,2026-07-16 10:35:00,C043,deposit,236.25,SELF,branch,US,normal
T02695,2026-07-16 10:46:00,C014,withdrawal,70.74,SELF,atm,US,normal
T02696,2026-07-16 10:54:00,C030,payment,114.16,M130,card,US,normal
T02697,2026-07-16 11:03:00,C022,deposit,460.09,SELF,branch,US,normal
T02698,2026-07-16 11:05:00,C043,payment,256.46,M802,card,US,normal
T02699,2026-07-16 11:18:00,C034,withdrawal,105.61,SELF,atm,US,normal
T02700,2026-07-16 11:30:00,C038,withdrawal,133.25,SELF,atm,US,normal
T02701,2026-07-16 11:31:00,C038,payment,239.42,M166,card,US,normal
T02702,2026-07-16 11:42:00,C012,payment,147.97,M892,card,US,normal
T02703,2026-07-16 11:50:00,C014,payment,72.48,M456,card,US,normal
T02704,2026-07-16 11:53:00,C041,payment,147.68,M475,card,US,normal
T02705,2026-07-16 11:53:00,C041,deposit,340.11,SELF,branch,US,normal
T02706,2026-07-16 12:13:00,C041,payment,63.47,M883,card,US,normal
T02707,2026-07-16 12:14:00,C013,payment,89.08,M226,card,US,normal
T02708,2026-07-16 12:18:00,C005,payment,188.58,M146,card,US,normal
T02709,2026-07-16 12:35:00,C027,deposit,428.55,SELF,branch,US,normal
T02710,2026-07-16 12:55:00,C049,payment,235.9,M534,card,US,normal
T02711,2026-07-16 13:03:00,C024,withdrawal,172.84,SELF,atm,US,normal
T02712,2026-07-16 13:08:00,C040,payment,151.4,M470,card,US,normal
T02713,2026-07-16 13:11:00,C039,payment,270.86,M257,card,US,normal
T02714,2026-07-16 13:36:00,C005,payment,136.3,M469,card,US,normal
T02715,2026-07-16 13:59:00,C021,payment,39.13,M343,card,US,normal
T02716,2026-07-16 14:05:00,C021,payment,66.88,M600,card,US,normal
T02717,2026-07-16 14:13:00,C011,payment,592.58,M658,card,US,normal
T02718,2026-07-16 14:13:00,C013,payment,159.8,M937,card,US,normal
T02719,2026-07-16 14:16:00,C024,transfer,228.43,P4676,online,US,normal
T02720,2026-07-16 14:26:00,C029,payment,72.91,M554,card,US,normal
T02721,2026-07-16 14:56:00,C033,transfer,83.23,P4296,online,US,normal
T02722,2026-07-16 15:37:00,C007,payment,185.68,M343,card,US,normal
T02723,2026-07-16 15:45:00,C034,payment,61.28,M249,card,US,normal
T02724,2026-07-16 16:08:00,C006,payment,144.12,M944,card,US,normal
T02725,2026-07-16 16:11:00,C008,transfer,59.94,P1611,online,US,normal
T02726,2026-07-16 16:26:00,C045,payment,113.46,M328,card,US,normal
T02727,2026-07-16 16:27:00,C012,payment,71.04,M209,card,US,normal
T02728,2026-07-16 16:56:00,C003,deposit,647.76,SELF,branch,US,normal
T02729,2026-07-16 16:59:00,C049,payment,197.65,M354,card,US,normal
T02730,2026-07-16 17:01:00,C024,payment,119.97,M444,card,US,normal
T02731,2026-07-16 17:02:00,C050,transfer,71.03,P3560,online,US,normal
T02732,2026-07-16 17:10:00,C044,payment,98.43,M316,card,US,normal
T02733,2026-07-16 17:16:00,C046,payment,98.99,M447,card,US,normal
T02734,2026-07-16 17:17:00,C007,deposit,576.22,SELF,branch,US,normal
T02735,2026-07-16 17:18:00,C018,payment,183.83,M150,card,US,normal
T02736,2026-07-16 17:34:00,C013,payment,108.04,M917,card,US,normal
T02737,2026-07-16 17:35:00,C017,payment,177.3,M450,card,US,normal
T02738,2026-07-16 17:54:00,C017,transfer,192.29,P1066,online,US,normal
T02739,2026-07-16 17:57:00,C029,payment,72.85,M426,card,US,normal
T02740,2026-07-16 18:28:00,C043,payment,140.64,M356,card,US,normal
T02741,2026-07-16 18:42:00,C029,deposit,197.67,SELF,branch,US,normal
T02742,2026-07-16 19:11:00,C004,payment,50.72,M182,card,US,normal
T02743,2026-07-16 19:12:00,C023,transfer,124.6,P4930,online,US,normal
T02744,2026-07-16 19:15:00,C017,deposit,569.12,SELF,branch,US,normal
T02745,2026-07-16 19:24:00,C009,payment,83.12,M697,card,US,normal
T02746,2026-07-16 19:31:00,C008,payment,58.72,M175,card,US,normal
T02747,2026-07-17 08:02:00,C001,payment,117.52,M649,card,US,normal
T02748,2026-07-17 08:11:00,C001,payment,98.56,M865,card,US,normal
T02749,2026-07-17 08:20:00,C026,payment,174.12,M217,card,US,normal
T02750,2026-07-17 08:35:00,C043,transfer,283.07,P2576,online,US,normal
T02751,2026-07-17 09:13:00,C034,transfer,108.47,P9721,online,US,normal
T02752,2026-07-17 10:00:00,C024,transfer,592.21,P4676,online,US,normal
T02753,2026-07-17 10:20:00,C008,payment,189.46,M996,card,US,normal
T02754,2026-07-17 10:24:00,C039,payment,114.5,M680,card,US,normal
T02755,2026-07-17 11:00:00,C028,deposit,238.97,SELF,branch,US,normal
T02756,2026-07-17 11:04:00,C007,payment,129.07,M356,card,US,normal
T02757,2026-07-17 11:28:00,C004,payment,181.1,M114,card,US,normal
T02758,2026-07-17 11:31:00,C045,transfer,52.14,P1205,online,US,normal
T02759,2026-07-17 11:38:00,C038,payment,150.16,M750,card,US,normal
T02760,2026-07-17 11:40:00,C009,transfer,220.87,P7838,online,US,normal
T02761,2026-07-17 11:51:00,C034,transfer,160.35,P3392,online,US,normal
T02762,2026-07-17 11:52:00,C015,payment,282.68,M194,card,US,normal
T02763,2026-07-17 11:55:00,C034,withdrawal,54.14,SELF,atm,US,normal
T02764,2026-07-17 12:10:00,C001,deposit,257.0,SELF,branch,US,normal
T02765,2026-07-17 12:31:00,C002,transfer,421.77,P5737,online,US,normal
T02766,2026-07-17 12:51:00,C005,payment,216.04,M897,card,US,normal
T02767,2026-07-17 12:52:00,C005,deposit,534.76,SELF,branch,US,normal
T02768,2026-07-17 12:53:00,C020,payment,104.5,M344,card,US,normal
T02769,2026-07-17 13:10:00,C028,payment,218.07,M186,card,US,normal
T02770,2026-07-17 13:24:00,C016,withdrawal,295.75,SELF,atm,US,normal
T02771,2026-07-17 13:38:00,C009,payment,112.47,M494,card,US,normal
T02772,2026-07-17 14:02:00,C004,payment,94.81,M809,card,US,normal
T02773,2026-07-17 14:13:00,C050,payment,129.97,M337,card,US,normal
T02774,2026-07-17 14:29:00,C027,payment,365.15,M208,card,US,normal
T02775,2026-07-17 14:30:00,C039,payment,148.91,M656,card,US,normal
T02776,2026-07-17 14:32:00,C019,payment,55.55,M661,card,US,normal
T02777,2026-07-17 14:32:00,C045,transfer,115.95,P3652,online,US,normal
T02778,2026-07-17 14:41:00,C040,transfer,136.9,P1852,online,US,normal
T02779,2026-07-17 15:05:00,C001,payment,306.21,M592,card,US,normal
T02780,2026-07-17 15:16:00,C027,transfer,163.83,P4761,online,US,normal
T02781,2026-07-17 15:53:00,C024,payment,247.77,M108,card,US,normal
T02782,2026-07-17 15:54:00,C038,payment,268.31,M735,card,US,normal
T02783,2026-07-17 15:55:00,C005,withdrawal,302.65,SELF,atm,US,normal
T02784,2026-07-17 16:06:00,C017,payment,353.47,M297,card,US,normal
T02785,2026-07-17 16:24:00,C049,transfer,245.39,P3983,online,US,normal
T02786,2026-07-17 16:41:00,C034,payment,104.59,M393,card,US,normal
T02787,2026-07-17 16:49:00,C024,payment,273.89,M373,card,US,normal
T02788,2026-07-17 16:52:00,C033,payment,98.35,M957,card,US,normal
T02789,2026-07-17 17:03:00,C026,payment,110.05,M287,card,US,normal
T02790,2026-07-17 17:07:00,C009,payment,122.11,M843,card,US,normal
T02791,2026-07-17 17:11:00,C049,payment,139.23,M353,card,US,normal
T02792,2026-07-17 17:16:00,C027,withdrawal,135.56,SELF,atm,US,normal
T02793,2026-07-17 17:25:00,C038,payment,111.31,M532,card,US,normal
T02794,2026-07-17 17:27:00,C049,transfer,333.03,P3983,online,US,normal
T02795,2026-07-17 17:29:00,C040,payment,364.26,M217,card,US,normal
T02796,2026-07-17 18:12:00,C034,deposit,260.79,SELF,branch,US,normal
T02797,2026-07-17 18:17:00,C048,payment,317.84,M524,card,US,normal
T02798,2026-07-17 18:49:00,C049,transfer,140.81,P9583,online,US,normal
T02799,2026-07-17 19:04:00,C029,transfer,125.3,P7452,online,US,normal
T02800,2026-07-17 19:38:00,C037,transfer,179.53,P7493,online,US,normal
T02801,2026-07-17 19:43:00,C034,deposit,235.09,SELF,branch,US,normal
T02802,2026-07-17 19:44:00,C001,payment,245.74,M569,card,US,normal
T02803,2026-07-18 08:05:00,C040,deposit,262.76,SELF,branch,US,normal
T02804,2026-07-18 08:21:00,C030,payment,324.22,M453,card,US,normal
T02805,2026-07-18 08:30:00,C010,payment,162.07,M607,card,US,normal
T02806,2026-07-18 08:33:00,C016,payment,138.02,M207,card,US,normal
T02807,2026-07-18 09:00:00,C049,payment,227.87,M276,card,US,normal
T02808,2026-07-18 09:07:00,C030,transfer,202.07,P5460,online,US,normal
T02809,2026-07-18 09:13:00,C023,transfer,102.58,P4127,online,US,normal
T02810,2026-07-18 09:25:00,C043,withdrawal,153.01,SELF,atm,US,normal
T02811,2026-07-18 09:27:00,C011,payment,804.41,M525,card,US,normal
T02812,2026-07-18 09:39:00,C009,payment,130.71,M347,card,US,normal
T02813,2026-07-18 09:42:00,C037,payment,195.75,M698,card,US,normal
T02814,2026-07-18 09:52:00,C004,withdrawal,93.7,SELF,atm,US,normal
T02815,2026-07-18 10:19:00,C049,payment,198.95,M361,card,US,normal
T02816,2026-07-18 10:25:00,C019,transfer,60.17,P2258,online,US,normal
T02817,2026-07-18 10:27:00,C050,payment,105.62,M625,card,US,normal
T02818,2026-07-18 10:35:00,C046,payment,72.12,M542,card,US,normal
T02819,2026-07-18 10:58:00,C049,deposit,600.65,SELF,branch,US,normal
T02820,2026-07-18 11:10:00,C043,transfer,162.22,P1930,online,US,normal
T02821,2026-07-18 11:23:00,C026,transfer,107.04,P6012,online,US,normal
T02822,2026-07-18 11:40:00,C005,transfer,74.87,P8404,online,US,normal
T02823,2026-07-18 11:59:00,C036,payment,182.26,M709,card,US,normal
T02824,2026-07-18 12:02:00,C008,deposit,495.07,SELF,branch,US,normal
T02825,2026-07-18 12:07:00,C039,payment,184.26,M834,card,US,normal
T02826,2026-07-18 12:09:00,C020,deposit,1014.95,SELF,branch,US,normal
T02827,2026-07-18 12:25:00,C024,withdrawal,202.89,SELF,atm,US,normal
T02828,2026-07-18 12:30:00,C040,payment,171.8,M212,card,US,normal
T02829,2026-07-18 12:49:00,C038,payment,217.77,M801,card,US,normal
T02830,2026-07-18 12:50:00,C021,deposit,264.64,SELF,branch,US,normal
T02831,2026-07-18 13:00:00,C033,deposit,513.65,SELF,branch,US,normal
T02832,2026-07-18 13:11:00,C024,payment,248.6,M155,card,US,normal
T02833,2026-07-18 13:14:00,C043,deposit,682.71,SELF,branch,US,normal
T02834,2026-07-18 13:17:00,C027,withdrawal,123.37,SELF,atm,US,normal
T02835,2026-07-18 13:21:00,C007,deposit,702.4,SELF,branch,US,normal
T02836,2026-07-18 13:38:00,C037,payment,237.79,M285,card,US,normal
T02837,2026-07-18 13:51:00,C033,withdrawal,135.03,SELF,atm,US,normal
T02838,2026-07-18 14:07:00,C004,deposit,148.13,SELF,branch,US,normal
T02839,2026-07-18 14:19:00,C048,deposit,563.11,SELF,branch,US,normal
T02840,2026-07-18 14:35:00,C022,transfer,154.12,P6032,online,US,normal
T02841,2026-07-18 14:44:00,C040,transfer,134.27,P6256,online,US,normal
T02842,2026-07-18 14:50:00,C042,payment,529.78,M808,card,US,normal
T02843,2026-07-18 14:56:00,C023,payment,179.06,M282,card,US,normal
T02844,2026-07-18 15:26:00,C008,payment,126.6,M499,card,US,normal
T02845,2026-07-18 16:05:00,C046,withdrawal,64.34,SELF,atm,US,normal
T02846,2026-07-18 16:17:00,C028,payment,99.39,M252,card,US,normal
T02847,2026-07-18 16:55:00,C047,deposit,881.27,SELF,branch,US,normal
T02848,2026-07-18 17:12:00,C027,payment,193.42,M316,card,US,normal
T02849,2026-07-18 17:16:00,C047,transfer,116.14,P5379,online,US,normal
T02850,2026-07-18 17:21:00,C034,deposit,564.62,SELF,branch,US,normal
T02851,2026-07-18 17:33:00,C020,payment,202.58,M135,card,US,normal
T02852,2026-07-18 17:43:00,C039,transfer,151.11,P7474,online,US,normal
T02853,2026-07-18 17:51:00,C024,payment,255.9,M755,card,US,normal
T02854,2026-07-18 17:52:00,C013,transfer,131.94,P5280,online,US,normal
T02855,2026-07-18 17:52:00,C028,deposit,157.44,SELF,branch,US,normal
T02856,2026-07-18 18:13:00,C019,deposit,353.88,SELF,branch,US,normal
T02857,2026-07-18 18:35:00,C043,withdrawal,174.54,SELF,atm,US,normal
T02858,2026-07-18 18:35:00,C038,payment,157.18,M653,card,US,normal
T02859,2026-07-18 18:46:00,C040,payment,85.41,M930,card,US,normal
T02860,2026-07-18 18:57:00,C013,payment,254.59,M583,card,US,normal
T02861,2026-07-18 19:01:00,C045,deposit,93.89,SELF,branch,US,normal
T02862,2026-07-18 19:22:00,C017,payment,227.53,M808,card,US,normal
T02863,2026-07-18 19:34:00,C040,payment,129.35,M419,card,US,normal
T02864,2026-07-18 19:45:00,C008,deposit,792.62,SELF,branch,US,normal
T02865,2026-07-18 19:55:00,C022,payment,165.19,M226,card,US,normal
T02866,2026-07-19 08:00:00,C013,transfer,153.03,P5280,online,US,normal
T02867,2026-07-19 08:01:00,C044,payment,121.53,M167,card,US,normal
T02868,2026-07-19 08:55:00,C014,deposit,192.77,SELF,branch,US,normal
T02869,2026-07-19 08:59:00,C048,transfer,131.26,P6144,online,US,normal
T02870,2026-07-19 09:50:00,C013,transfer,92.7,P5280,online,US,normal
T02871,2026-07-19 09:54:00,C021,deposit,232.21,SELF,branch,US,normal
T02872,2026-07-19 10:22:00,C014,transfer,55.66,P9461,online,US,normal
T02873,2026-07-19 10:27:00,C019,payment,55.43,M449,card,US,normal
T02874,2026-07-19 10:55:00,C015,transfer,152.74,P8574,online,US,normal
T02875,2026-07-19 10:58:00,C026,transfer,67.65,P2136,online,US,normal
T02876,2026-07-19 10:59:00,C013,deposit,345.66,SELF,branch,US,normal
T02877,2026-07-19 11:10:00,C048,deposit,602.86,SELF,branch,US,normal
T02878,2026-07-19 11:34:00,C050,payment,126.55,M105,card,US,normal
T02879,2026-07-19 11:42:00,C004,withdrawal,73.02,SELF,atm,US,normal
T02880,2026-07-19 11:44:00,C041,payment,80.06,M391,card,US,normal
T02881,2026-07-19 11:45:00,C013,payment,135.59,M164,card,US,normal
T02882,2026-07-19 12:08:00,C031,withdrawal,212.41,SELF,atm,US,normal
T02883,2026-07-19 12:24:00,C034,transfer,62.77,P7877,online,US,normal
T02884,2026-07-19 12:24:00,C045,withdrawal,160.37,SELF,atm,US,normal
T02885,2026-07-19 12:41:00,C033,payment,46.41,M936,card,US,normal
T02886,2026-07-19 13:01:00,C014,transfer,97.13,P7027,online,US,normal
T02887,2026-07-19 13:02:00,C011,payment,534.76,M876,card,US,normal
T02888,2026-07-19 13:21:00,C021,payment,21.69,M566,card,US,normal
T02889,2026-07-19 13:30:00,C022,withdrawal,199.87,SELF,atm,US,normal
T02890,2026-07-19 13:33:00,C046,payment,40.31,M658,card,US,normal
T02891,2026-07-19 14:06:00,C029,deposit,217.29,SELF,branch,US,normal
T02892,2026-07-19 14:12:00,C004,payment,93.1,M370,card,US,normal
T02893,2026-07-19 14:16:00,C049,payment,267.21,M436,card,US,normal
T02894,2026-07-19 14:35:00,C039,payment,135.81,M415,card,US,normal
T02895,2026-07-19 14:49:00,C045,transfer,92.03,P3652,online,US,normal
T02896,2026-07-19 14:55:00,C050,payment,100.32,M745,card,US,normal
T02897,2026-07-19 15:07:00,C027,payment,272.09,M759,card,US,normal
T02898,2026-07-19 15:13:00,C048,payment,413.98,M886,card,US,normal
T02899,2026-07-19 15:25:00,C045,payment,60.67,M968,card,US,normal
T02900,2026-07-19 15:47:00,C030,payment,178.7,M264,card,US,normal
T02901,2026-07-19 15:49:00,C002,deposit,921.65,SELF,branch,US,normal
T02902,2026-07-19 16:04:00,C007,deposit,369.07,SELF,branch,US,normal
T02903,2026-07-19 16:09:00,C046,payment,105.11,M100,card,US,normal
T02904,2026-07-19 16:13:00,C046,transfer,73.99,P5203,online,US,normal
T02905,2026-07-19 16:20:00,C002,payment,315.88,M578,card,US,normal
T02906,2026-07-19 16:22:00,C007,withdrawal,232.19,SELF,atm,US,normal
T02907,2026-07-19 16:29:00,C046,deposit,155.42,SELF,branch,US,normal
T02908,2026-07-19 16:47:00,C030,withdrawal,173.6,SELF,atm,US,normal
T02909,2026-07-19 16:57:00,C030,deposit,619.6,SELF,branch,US,normal
T02910,2026-07-19 17:04:00,C034,payment,74.9,M876,card,US,normal
T02911,2026-07-19 17:13:00,C017,payment,451.55,M253,card,US,normal
T02912,2026-07-19 17:14:00,C034,payment,145.44,M303,card,US,normal
T02913,2026-07-19 17:31:00,C024,transfer,447.82,P4676,online,US,normal
T02914,2026-07-19 17:39:00,C002,payment,451.49,M151,card,US,normal
T02915,2026-07-19 17:43:00,C021,payment,75.29,M168,card,US,normal
T02916,2026-07-19 17:51:00,C027,transfer,191.43,P4657,online,US,normal
T02917,2026-07-19 18:47:00,C020,deposit,704.9,SELF,branch,US,normal
T02918,2026-07-19 18:55:00,C030,payment,102.29,M470,card,US,normal
T02919,2026-07-19 19:05:00,C003,transfer,134.39,P8073,online,US,normal
T02920,2026-07-19 19:44:00,C037,deposit,900.48,SELF,branch,US,normal
T02921,2026-07-19 19:50:00,C011,payment,625.23,M711,card,US,normal
T02922,2026-07-19 19:51:00,C016,payment,227.82,M408,card,US,normal
T02923,2026-07-20 08:15:00,C035,payment,47.89,M534,card,US,normal
T02924,2026-07-20 08:55:00,C034,transfer,193.39,P7877,online,US,normal
T02925,2026-07-20 09:03:00,C026,payment,75.1,M271,card,US,normal
T02926,2026-07-20 09:26:00,C002,payment,377.69,M817,card,US,normal
T02927,2026-07-20 09:51:00,C041,withdrawal,58.82,SELF,atm,US,normal
T02928,2026-07-20 10:07:00,C045,payment,76.01,M361,card,US,normal
T02929,2026-07-20 10:11:00,C017,deposit,1095.81,SELF,branch,US,normal
T02930,2026-07-20 10:13:00,C003,payment,91.88,M537,card,US,normal
T02931,2026-07-20 10:22:00,C024,payment,299.84,M450,card,US,normal
T02932,2026-07-20 10:27:00,C005,transfer,111.42,P8404,online,US,normal
T02933,2026-07-20 10:42:00,C005,payment,267.35,M439,card,US,normal
T02934,2026-07-20 10:53:00,C016,transfer,98.88,P3155,online,US,normal
T02935,2026-07-20 11:07:00,C009,deposit,294.8,SELF,branch,US,normal
T02936,2026-07-20 11:16:00,C002,payment,151.18,M290,card,US,normal
T02937,2026-07-20 11:21:00,C038,payment,211.91,M353,card,US,normal
T02938,2026-07-20 11:38:00,C001,transfer,273.07,P4949,online,US,normal
T02939,2026-07-20 11:47:00,C040,transfer,138.77,P1852,online,US,normal
T02940,2026-07-20 12:12:00,C045,withdrawal,103.42,SELF,atm,US,normal
T02941,2026-07-20 12:24:00,C004,transfer,100.08,P2642,online,US,normal
T02942,2026-07-20 12:27:00,C042,payment,672.57,M831,card,US,normal
T02943,2026-07-20 12:44:00,C013,deposit,188.4,SELF,branch,US,normal
T02944,2026-07-20 12:53:00,C038,transfer,132.24,P5168,online,US,normal
T02945,2026-07-20 13:01:00,C030,payment,147.72,M812,card,US,normal
T02946,2026-07-20 13:11:00,C019,transfer,115.5,P6118,online,US,normal
T02947,2026-07-20 13:13:00,C034,payment,133.49,M698,card,US,normal
T02948,2026-07-20 13:30:00,C001,withdrawal,207.72,SELF,atm,US,normal
T02949,2026-07-20 13:36:00,C007,payment,244.95,M354,card,US,normal
T02950,2026-07-20 13:38:00,C045,payment,95.23,M276,card,US,normal
T02951,2026-07-20 14:07:00,C034,transfer,110.95,P9721,online,US,normal
T02952,2026-07-20 14:21:00,C014,payment,154.43,M426,card,US,normal
T02953,2026-07-20 14:34:00,C033,transfer,72.22,P4296,online,US,normal
T02954,2026-07-20 14:54:00,C014,deposit,234.6,SELF,branch,US,normal
T02955,2026-07-20 15:34:00,C011,transfer,540.06,P4697,online,US,normal
T02956,2026-07-20 16:06:00,C031,payment,380.01,M199,card,US,normal
T02957,2026-07-20 16:13:00,C049,payment,74.67,M991,card,US,normal
T02958,2026-07-20 16:32:00,C014,transfer,157.65,P9461,online,US,normal
T02959,2026-07-20 16:39:00,C023,deposit,382.83,SELF,branch,US,normal
T02960,2026-07-20 16:46:00,C014,payment,59.76,M529,card,US,normal
T02961,2026-07-20 16:55:00,C019,withdrawal,378.38,SELF,atm,US,normal
T02962,2026-07-20 17:02:00,C033,payment,135.85,M406,card,US,normal
T02963,2026-07-20 17:03:00,C046,payment,80.4,M606,card,US,normal
T02964,2026-07-20 18:21:00,C012,payment,69.02,M223,card,US,normal
T02965,2026-07-20 18:48:00,C033,payment,131.12,M911,card,US,normal
T02966,2026-07-20 18:54:00,C018,payment,229.57,M503,card,US,normal
T02967,2026-07-20 19:09:00,C038,transfer,168.08,P2590,online,US,normal
T02968,2026-07-20 19:09:00,C048,payment,298.1,M771,card,US,normal
T02969,2026-07-20 19:26:00,C041,payment,30.33,M888,card,US,normal
T02970,2026-07-20 19:32:00,C001,transfer,205.94,P4949,online,US,normal
T02971,2026-07-20 19:40:00,C011,transfer,270.64,P9706,online,US,normal
T02972,2026-07-20 19:41:00,C018,withdrawal,146.15,SELF,atm,US,normal
T02973,2026-07-21 08:59:00,C005,transfer,110.64,P4990,online,US,normal
T02974,2026-07-21 09:01:00,C026,payment,174.86,M811,card,US,normal
T02975,2026-07-21 09:02:00,C021,payment,46.24,M444,card,US,normal
T02976,2026-07-21 09:04:00,C044,withdrawal,96.52,SELF,atm,US,normal
T02977,2026-07-21 09:24:00,C002,withdrawal,174.94,SELF,atm,US,normal
T02978,2026-07-21 10:11:00,C011,deposit,1630.31,SELF,branch,US,normal
T02979,2026-07-21 10:18:00,C049,transfer,194.87,P9583,online,US,normal
T02980,2026-07-21 10:41:00,C018,transfer,258.74,P6982,online,US,normal
T02981,2026-07-21 10:44:00,C004,withdrawal,56.77,SELF,atm,US,normal
T02982,2026-07-21 10:54:00,C045,transfer,48.27,P3652,online,US,normal
T02983,2026-07-21 11:04:00,C050,deposit,146.43,SELF,branch,US,normal
T02984,2026-07-21 11:05:00,C001,payment,183.2,M952,card,US,normal
T02985,2026-07-21 12:07:00,C049,deposit,794.73,SELF,branch,US,normal
T02986,2026-07-21 12:09:00,C017,deposit,398.36,SELF,branch,US,normal
T02987,2026-07-21 12:15:00,C004,deposit,347.57,SELF,branch,US,normal
T02988,2026-07-21 13:01:00,C039,transfer,136.05,P6969,online,US,normal
T02989,2026-07-21 13:06:00,C017,payment,881.58,M288,card,US,normal
T02990,2026-07-21 13:10:00,C041,payment,85.68,M739,card,US,normal
T02991,2026-07-21 13:53:00,C003,withdrawal,293.91,SELF,atm,US,normal
T02992,2026-07-21 13:55:00,C040,transfer,206.31,P6256,online,US,normal
T02993,2026-07-21 14:03:00,C046,transfer,56.72,P5340,online,US,normal
T02994,2026-07-21 14:05:00,C006,payment,116.69,M876,card,US,normal
T02995,2026-07-21 14:09:00,C042,withdrawal,352.73,SELF,atm,US,normal
T02996,2026-07-21 14:32:00,C013,payment,139.41,M615,card,US,normal
T02997,2026-07-21 14:33:00,C044,deposit,246.18,SELF,branch,US,normal
T02998,2026-07-21 14:50:00,C037,deposit,955.75,SELF,branch,US,normal
T02999,2026-07-21 14:58:00,C022,payment,186.08,M116,card,US,normal
T03000,2026-07-21 15:08:00,C012,deposit,242.54,SELF,branch,US,normal
T03001,2026-07-21 15:13:00,C008,deposit,305.01,SELF,branch,US,normal
T03002,2026-07-21 15:20:00,C021,transfer,61.72,P6170,online,US,normal
T03003,2026-07-21 15:29:00,C047,deposit,876.81,SELF,branch,US,normal
T03004,2026-07-21 15:33:00,C034,payment,63.47,M585,card,US,normal
T03005,2026-07-21 15:48:00,C044,payment,69.15,M764,card,US,normal
T03006,2026-07-21 16:00:00,C049,payment,132.59,M740,card,US,normal
T03007,2026-07-21 16:04:00,C030,payment,233.06,M933,card,US,normal
T03008,2026-07-21 16:04:00,C005,payment,205.37,M453,card,US,normal
T03009,2026-07-21 16:09:00,C022,transfer,149.25,P1815,online,US,normal
T03010,2026-07-21 16:21:00,C037,payment,242.53,M148,card,US,normal
T03011,2026-07-21 16:34:00,C020,deposit,662.52,SELF,branch,US,normal
T03012,2026-07-21 16:36:00,C050,payment,109.68,M522,card,US,normal
T03013,2026-07-21 16:45:00,C036,payment,120.18,M622,card,US,normal
T03014,2026-07-21 16:47:00,C050,withdrawal,221.87,SELF,atm,US,normal
T03015,2026-07-21 16:55:00,C005,deposit,814.27,SELF,branch,US,normal
T03016,2026-07-21 16:58:00,C020,transfer,477.98,P5239,online,US,normal
T03017,2026-07-21 17:01:00,C019,deposit,168.78,SELF,branch,US,normal
T03018,2026-07-21 17:18:00,C006,payment,110.73,M582,card,US,normal
T03019,2026-07-21 17:25:00,C010,transfer,148.93,P7146,online,US,normal
T03020,2026-07-21 17:35:00,C010,payment,127.06,M499,card,US,normal
T03021,2026-07-21 17:41:00,C014,payment,55.33,M614,card,US,normal
T03022,2026-07-21 17:47:00,C038,deposit,580.84,SELF,branch,US,normal
T03023,2026-07-21 18:04:00,C027,payment,420.81,M382,card,US,normal
T03024,2026-07-21 18:38:00,C034,transfer,87.67,P7877,online,US,normal
T03025,2026-07-21 18:48:00,C013,deposit,600.89,SELF,branch,US,normal
T03026,2026-07-21 19:02:00,C022,payment,240.52,M699,card,US,normal
T03027,2026-07-21 19:31:00,C040,payment,181.15,M142,card,US,normal
T03028,2026-07-21 19:36:00,C047,payment,232.67,M262,card,US,normal
T03029,2026-07-21 19:43:00,C042,payment,264.57,M793,card,US,normal
T03030,2026-07-21 19:57:00,C031,payment,346.88,M676,card,US,normal
T03031,2026-07-22 08:01:00,C044,payment,53.03,M592,card,US,normal
T03032,2026-07-22 08:14:00,C049,payment,224.14,M221,card,US,normal
T03033,2026-07-22 08:41:00,C029,payment,147.42,M131,card,US,normal
T03034,2026-07-22 08:47:00,C036,withdrawal,138.93,SELF,atm,US,normal
T03035,2026-07-22 08:49:00,C013,deposit,303.11,SELF,branch,US,normal
T03036,2026-07-22 08:51:00,C018,payment,230.2,M738,card,US,normal
T03037,2026-07-22 08:53:00,C007,payment,146.86,M828,card,US,normal
T03038,2026-07-22 09:06:00,C011,payment,642.84,M168,card,US,normal
T03039,2026-07-22 09:23:00,C047,payment,224.23,M244,card,US,normal
T03040,2026-07-22 09:24:00,C001,transfer,202.03,P4949,online,US,normal
T03041,2026-07-22 09:37:00,C017,deposit,864.05,SELF,branch,US,normal
T03042,2026-07-22 10:00:00,C037,payment,301.95,M611,card,US,normal
T03043,2026-07-22 10:06:00,C006,payment,69.06,M929,card,US,normal
T03044,2026-07-22 10:10:00,C005,payment,167.59,M608,card,US,normal
T03045,2026-07-22 10:23:00,C014,payment,151.41,M793,card,US,normal
T03046,2026-07-22 10:28:00,C048,payment,128.53,M778,card,US,normal
T03047,2026-07-22 10:42:00,C036,payment,98.25,M851,card,US,normal
T03048,2026-07-22 11:03:00,C017,withdrawal,493.4,SELF,atm,US,normal
T03049,2026-07-22 11:06:00,C045,deposit,222.34,SELF,branch,US,normal
T03050,2026-07-22 11:48:00,C004,payment,103.0,M135,card,US,normal
T03051,2026-07-22 11:50:00,C005,payment,124.23,M507,card,US,normal
T03052,2026-07-22 11:52:00,C046,payment,99.6,M265,card,US,normal
T03053,2026-07-22 11:52:00,C022,payment,251.07,M994,card,US,normal
T03054,2026-07-22 12:20:00,C041,payment,118.91,M672,card,US,normal
T03055,2026-07-22 12:25:00,C036,deposit,865.86,SELF,branch,US,normal
T03056,2026-07-22 13:15:00,C035,payment,159.98,M163,card,US,normal
T03057,2026-07-22 13:18:00,C019,payment,92.07,M780,card,US,normal
T03058,2026-07-22 14:07:00,C009,payment,109.75,M826,card,US,normal
T03059,2026-07-22 14:16:00,C037,payment,361.49,M629,card,US,normal
T03060,2026-07-22 14:19:00,C007,payment,172.87,M707,card,US,normal
T03061,2026-07-22 14:20:00,C002,payment,314.09,M752,card,US,normal
T03062,2026-07-22 14:24:00,C039,deposit,480.53,SELF,branch,US,normal
T03063,2026-07-22 15:04:00,C049,withdrawal,159.98,SELF,atm,US,normal
T03064,2026-07-22 15:21:00,C015,payment,104.51,M273,card,US,normal
T03065,2026-07-22 15:38:00,C041,payment,60.12,M696,card,US,normal
T03066,2026-07-22 15:46:00,C029,transfer,191.77,P2451,online,US,normal
T03067,2026-07-22 16:11:00,C016,deposit,925.9,SELF,branch,US,normal
T03068,2026-07-22 16:20:00,C045,transfer,52.25,P1205,online,US,normal
T03069,2026-07-22 16:33:00,C028,payment,171.26,M856,card,US,normal
T03070,2026-07-22 16:34:00,C020,payment,381.15,M863,card,US,normal
T03071,2026-07-22 16:46:00,C003,deposit,460.92,SELF,branch,US,normal
T03072,2026-07-22 16:48:00,C028,deposit,380.73,SELF,branch,US,normal
T03073,2026-07-22 16:56:00,C015,deposit,611.86,SELF,branch,US,normal
T03074,2026-07-22 16:58:00,C006,payment,147.04,M256,card,US,normal
T03075,2026-07-22 17:12:00,C018,withdrawal,294.71,SELF,atm,US,normal
T03076,2026-07-22 17:13:00,C016,payment,211.8,M131,card,US,normal
T03077,2026-07-22 17:26:00,C019,transfer,281.29,P6118,online,US,normal
T03078,2026-07-22 18:08:00,C049,transfer,199.81,P3983,online,US,normal
T03079,2026-07-22 18:10:00,C022,payment,162.5,M871,card,US,normal
T03080,2026-07-22 18:18:00,C037,payment,294.16,M664,card,US,normal
T03081,2026-07-22 18:29:00,C038,payment,381.52,M645,card,US,normal
T03082,2026-07-22 18:35:00,C002,payment,350.22,M986,card,US,normal
T03083,2026-07-22 18:39:00,C009,payment,126.97,M896,card,US,normal
T03084,2026-07-22 18:42:00,C021,deposit,201.62,SELF,branch,US,normal
T03085,2026-07-22 18:44:00,C006,transfer,82.16,P8990,online,US,normal
T03086,2026-07-22 18:44:00,C019,payment,79.03,M337,card,US,normal
T03087,2026-07-22 18:56:00,C015,payment,215.51,M641,card,US,normal
T03088,2026-07-22 19:12:00,C028,payment,89.23,M462,card,US,normal
T03089,2026-07-22 19:19:00,C012,payment,91.46,M215,card,US,normal
T03090,2026-07-22 19:43:00,C041,transfer,138.63,P7816,online,US,normal
T03091,2026-07-23 08:12:00,C044,withdrawal,86.26,SELF,atm,US,normal
T03092,2026-07-23 08:35:00,C029,payment,52.19,M998,card,US,normal
T03093,2026-07-23 08:45:00,C002,withdrawal,231.2,SELF,atm,US,normal
T03094,2026-07-23 09:07:00,C026,payment,198.78,M342,card,US,normal
T03095,2026-07-23 09:08:00,C036,transfer,112.64,P5022,online,US,normal
T03096,2026-07-23 09:30:00,C022,payment,275.29,M789,card,US,normal
T03097,2026-07-23 09:40:00,C031,payment,128.75,M984,card,US,normal
T03098,2026-07-23 09:44:00,C031,transfer,90.25,P3148,online,US,normal
T03099,2026-07-23 09:47:00,C016,payment,147.11,M393,card,US,normal
T03100,2026-07-23 10:00:00,C046,payment,87.72,M606,card,US,normal
T03101,2026-07-23 10:04:00,C048,payment,252.53,M528,card,US,normal
T03102,2026-07-23 10:06:00,C041,payment,117.87,M476,card,US,normal
T03103,2026-07-23 10:22:00,C020,payment,661.93,M842,card,US,normal
T03104,2026-07-23 10:26:00,C004,transfer,78.62,P9339,online,US,normal
T03105,2026-07-23 10:32:00,C038,payment,136.38,M946,card,US,normal
T03106,2026-07-23 10:59:00,C021,transfer,63.37,P7884,online,US,normal
T03107,2026-07-23 11:02:00,C010,deposit,175.92,SELF,branch,US,normal
T03108,2026-07-23 11:20:00,C003,deposit,498.5,SELF,branch,US,normal
T03109,2026-07-23 11:32:00,C050,payment,68.86,M553,card,US,normal
T03110,2026-07-23 11:32:00,C006,payment,75.59,M851,card,US,normal
T03111,2026-07-23 11:36:00,C005,transfer,79.23,P5908,online,US,normal
T03112,2026-07-23 12:09:00,C021,payment,59.18,M283,card,US,normal
T03113,2026-07-23 12:17:00,C044,payment,118.52,M737,card,US,normal
T03114,2026-07-23 12:18:00,C017,deposit,512.82,SELF,branch,US,normal
T03115,2026-07-23 12:23:00,C050,withdrawal,62.34,SELF,atm,US,normal
T03116,2026-07-23 12:50:00,C007,transfer,292.11,P3490,online,US,normal
T03117,2026-07-23 12:56:00,C015,payment,108.51,M433,card,US,normal
T03118,2026-07-23 12:58:00,C026,payment,235.39,M795,card,US,normal
T03119,2026-07-23 13:01:00,C019,payment,88.34,M426,card,US,normal
T03120,2026-07-23 13:12:00,C011,deposit,2032.48,SELF,branch,US,normal
T03121,2026-07-23 13:18:00,C005,payment,131.99,M547,card,US,normal
T03122,2026-07-23 13:48:00,C019,withdrawal,138.34,SELF,atm,US,normal
T03123,2026-07-23 13:57:00,C020,deposit,1255.22,SELF,branch,US,normal
T03124,2026-07-23 14:04:00,C019,payment,154.13,M692,card,US,normal
T03125,2026-07-23 14:07:00,C020,payment,528.37,M868,card,US,normal
T03126,2026-07-23 14:09:00,C004,withdrawal,177.17,SELF,atm,US,normal
T03127,2026-07-23 14:12:00,C031,deposit,518.55,SELF,branch,US,normal
T03128,2026-07-23 14:34:00,C016,payment,266.99,M804,card,US,normal
T03129,2026-07-23 14:59:00,C013,payment,122.97,M969,card,US,normal
T03130,2026-07-23 15:15:00,C004,payment,110.0,M651,card,US,normal
T03131,2026-07-23 15:23:00,C039,payment,267.65,M823,card,US,normal
T03132,2026-07-23 15:32:00,C034,payment,102.0,M292,card,US,normal
T03133,2026-07-23 16:04:00,C008,payment,217.2,M927,card,US,normal
T03134,2026-07-23 16:09:00,C021,payment,31.18,M741,card,US,normal
T03135,2026-07-23 16:21:00,C002,payment,471.56,M693,card,US,normal
T03136,2026-07-23 16:51:00,C028,deposit,234.58,SELF,branch,US,normal
T03137,2026-07-23 17:15:00,C016,payment,154.57,M222,card,US,normal
T03138,2026-07-23 17:34:00,C039,payment,423.2,M829,card,US,normal
T03139,2026-07-23 17:38:00,C028,deposit,398.29,SELF,branch,US,normal
T03140,2026-07-23 17:38:00,C036,payment,211.83,M225,card,US,normal
T03141,2026-07-23 17:49:00,C021,payment,65.12,M570,card,US,normal
T03142,2026-07-23 18:16:00,C036,transfer,173.68,P1867,online,US,normal
T03143,2026-07-23 18:28:00,C024,payment,833.34,M476,card,US,normal
T03144,2026-07-23 19:08:00,C010,payment,94.31,M215,card,US,normal
T03145,2026-07-23 19:11:00,C041,deposit,222.9,SELF,branch,US,normal
T03146,2026-07-23 19:14:00,C023,payment,109.83,M583,card,US,normal
T03147,2026-07-23 19:26:00,C048,payment,201.26,M577,card,US,normal
T03148,2026-07-23 19:43:00,C033,payment,45.85,M541,card,US,normal
T03149,2026-07-23 19:53:00,C036,transfer,267.72,P1713,online,US,normal
T03150,2026-07-23 19:57:00,C043,payment,123.36,M793,card,US,normal
T03151,2026-07-24 08:08:00,C028,deposit,361.79,SELF,branch,US,normal
T03152,2026-07-24 08:42:00,C039,withdrawal,130.63,SELF,atm,US,normal
T03153,2026-07-24 09:04:00,C017,deposit,509.19,SELF,branch,US,normal
T03154,2026-07-24 09:11:00,C012,payment,75.03,M286,card,US,normal
T03155,2026-07-24 09:12:00,C012,deposit,451.47,SELF,branch,US,normal
T03156,2026-07-24 09:18:00,C012,transfer,60.16,P8160,online,US,normal
T03157,2026-07-24 09:25:00,C016,payment,203.26,M308,card,US,normal
T03158,2026-07-24 09:43:00,C017,payment,199.16,M788,card,US,normal
T03159,2026-07-24 09:44:00,C033,deposit,180.14,SELF,branch,US,normal
T03160,2026-07-24 09:58:00,C035,deposit,491.47,SELF,branch,US,normal
T03161,2026-07-24 10:16:00,C014,deposit,277.76,SELF,branch,US,normal
T03162,2026-07-24 10:26:00,C006,transfer,69.49,P5990,online,US,normal
T03163,2026-07-24 10:36:00,C030,payment,236.04,M112,card,US,normal
T03164,2026-07-24 10:38:00,C014,withdrawal,96.0,SELF,atm,US,normal
T03165,2026-07-24 11:03:00,C049,payment,181.64,M331,card,US,normal
T03166,2026-07-24 11:29:00,C021,transfer,66.07,P7884,online,US,normal
T03167,2026-07-24 11:33:00,C029,transfer,40.49,P2451,online,US,normal
T03168,2026-07-24 11:41:00,C035,withdrawal,94.24,SELF,atm,US,normal
T03169,2026-07-24 11:54:00,C020,payment,131.91,M166,card,US,normal
T03170,2026-07-24 12:23:00,C018,transfer,141.52,P5243,online,US,normal
T03171,2026-07-24 12:32:00,C023,payment,103.8,M279,card,US,normal
T03172,2026-07-24 12:56:00,C010,payment,79.23,M261,card,US,normal
T03173,2026-07-24 13:03:00,C033,payment,77.9,M124,card,US,normal
T03174,2026-07-24 13:05:00,C050,withdrawal,171.47,SELF,atm,US,normal
T03175,2026-07-24 13:08:00,C001,payment,158.47,M529,card,US,normal
T03176,2026-07-24 13:30:00,C049,payment,207.68,M651,card,US,normal
T03177,2026-07-24 13:55:00,C010,deposit,952.98,SELF,branch,US,normal
T03178,2026-07-24 13:57:00,C020,transfer,645.11,P5239,online,US,normal
T03179,2026-07-24 14:02:00,C003,payment,237.97,M432,card,US,normal
T03180,2026-07-24 14:03:00,C005,deposit,898.91,SELF,branch,US,normal
T03181,2026-07-24 14:24:00,C015,withdrawal,106.79,SELF,atm,US,normal
T03182,2026-07-24 14:31:00,C034,withdrawal,74.1,SELF,atm,US,normal
T03183,2026-07-24 14:32:00,C023,transfer,167.3,P4127,online,US,normal
T03184,2026-07-24 14:43:00,C002,transfer,354.63,P5737,online,US,normal
T03185,2026-07-24 14:49:00,C042,transfer,398.85,P2693,online,US,normal
T03186,2026-07-24 15:04:00,C013,payment,122.83,M343,card,US,normal
T03187,2026-07-24 15:06:00,C003,payment,251.32,M436,card,US,normal
T03188,2026-07-24 15:33:00,C010,payment,198.34,M279,card,US,normal
T03189,2026-07-24 15:44:00,C003,payment,90.55,M762,card,US,normal
T03190,2026-07-24 15:54:00,C039,payment,175.94,M959,card,US,normal
T03191,2026-07-24 16:35:00,C050,payment,58.26,M444,card,US,normal
T03192,2026-07-24 16:48:00,C043,payment,300.53,M413,card,US,normal
T03193,2026-07-24 17:00:00,C013,transfer,117.19,P7177,online,US,normal
T03194,2026-07-24 17:27:00,C006,deposit,184.83,SELF,branch,US,normal
T03195,2026-07-24 17:57:00,C010,payment,142.64,M746,card,US,normal
T03196,2026-07-24 18:04:00,C040,deposit,488.52,SELF,branch,US,normal
T03197,2026-07-24 18:04:00,C017,payment,271.55,M643,card,US,normal
T03198,2026-07-24 18:13:00,C023,payment,117.0,M501,card,US,normal
T03199,2026-07-24 18:43:00,C030,payment,109.98,M882,card,US,normal
T03200,2026-07-24 19:03:00,C024,payment,146.93,M406,card,US,normal
T03201,2026-07-24 19:22:00,C039,deposit,386.58,SELF,branch,US,normal
T03202,2026-07-24 19:24:00,C017,payment,145.14,M603,card,US,normal
T03203,2026-07-25 08:15:00,C020,deposit,1713.92,SELF,branch,US,normal
T03204,2026-07-25 08:21:00,C020,payment,373.4,M649,card,US,normal
T03205,2026-07-25 08:25:00,C015,deposit,595.03,SELF,branch,US,normal
T03206,2026-07-25 08:28:00,C050,payment,117.0,M830,card,US,normal
T03207,2026-07-25 08:40:00,C014,deposit,227.62,SELF,branch,US,normal
T03208,2026-07-25 08:48:00,C015,transfer,236.0,P4916,online,US,normal
T03209,2026-07-25 08:55:00,C033,payment,85.86,M588,card,US,normal
T03210,2026-07-25 09:25:00,C016,payment,306.86,M348,card,US,normal
T03211,2026-07-25 09:40:00,C014,transfer,75.21,P7027,online,US,normal
T03212,2026-07-25 09:55:00,C041,deposit,181.14,SELF,branch,US,normal
T03213,2026-07-25 10:00:00,C046,deposit,171.65,SELF,branch,US,normal
T03214,2026-07-25 10:07:00,C050,deposit,170.67,SELF,branch,US,normal
T03215,2026-07-25 10:25:00,C001,deposit,818.1,SELF,branch,US,normal
T03216,2026-07-25 10:28:00,C048,payment,276.02,M752,card,US,normal
T03217,2026-07-25 10:40:00,C026,transfer,72.96,P2136,online,US,normal
T03218,2026-07-25 11:04:00,C043,withdrawal,156.29,SELF,atm,US,normal
T03219,2026-07-25 11:06:00,C040,deposit,250.06,SELF,branch,US,normal
T03220,2026-07-25 11:29:00,C005,payment,111.37,M253,card,US,normal
T03221,2026-07-25 11:35:00,C027,payment,108.97,M749,card,US,normal
T03222,2026-07-25 11:55:00,C031,payment,150.12,M200,card,US,normal
T03223,2026-07-25 12:19:00,C020,deposit,937.26,SELF,branch,US,normal
T03224,2026-07-25 12:55:00,C023,transfer,85.44,P4930,online,US,normal
T03225,2026-07-25 13:26:00,C002,payment,221.09,M915,card,US,normal
T03226,2026-07-25 13:29:00,C012,payment,81.83,M573,card,US,normal
T03227,2026-07-25 14:01:00,C048,payment,296.36,M104,card,US,normal
T03228,2026-07-25 14:02:00,C048,deposit,413.88,SELF,branch,US,normal
T03229,2026-07-25 14:17:00,C041,deposit,359.09,SELF,branch,US,normal
T03230,2026-07-25 14:19:00,C036,payment,166.41,M616,card,US,normal
T03231,2026-07-25 14:31:00,C035,deposit,494.26,SELF,branch,US,normal
T03232,2026-07-25 14:41:00,C011,deposit,1492.64,SELF,branch,US,normal
T03233,2026-07-25 14:43:00,C033,payment,72.7,M414,card,US,normal
T03234,2026-07-25 15:15:00,C044,payment,44.19,M816,card,US,normal
T03235,2026-07-25 15:18:00,C001,transfer,191.9,P4949,online,US,normal
T03236,2026-07-25 15:19:00,C011,payment,849.28,M862,card,US,normal
T03237,2026-07-25 15:58:00,C035,payment,115.67,M390,card,US,normal
T03238,2026-07-25 16:06:00,C041,withdrawal,114.92,SELF,atm,US,normal
T03239,2026-07-25 16:50:00,C011,payment,626.56,M380,card,US,normal
T03240,2026-07-25 17:09:00,C003,payment,89.47,M771,card,US,normal
T03241,2026-07-25 17:40:00,C042,payment,308.95,M931,card,US,normal
T03242,2026-07-25 17:41:00,C036,deposit,406.3,SELF,branch,US,normal
T03243,2026-07-25 17:44:00,C005,transfer,145.12,P5908,online,US,normal
T03244,2026-07-25 17:56:00,C041,transfer,64.94,P7816,online,US,normal
T03245,2026-07-25 18:05:00,C043,deposit,852.81,SELF,branch,US,normal
T03246,2026-07-25 18:11:00,C038,payment,199.79,M972,card,US,normal
T03247,2026-07-25 18:23:00,C027,payment,182.26,M488,card,US,normal
T03248,2026-07-25 18:23:00,C010,payment,277.49,M587,card,US,normal
T03249,2026-07-25 18:43:00,C031,transfer,89.05,P3148,online,US,normal
T03250,2026-07-25 18:47:00,C050,deposit,311.66,SELF,branch,US,normal
T03251,2026-07-25 19:06:00,C017,deposit,338.39,SELF,branch,US,normal
T03252,2026-07-25 19:36:00,C021,payment,19.67,M248,card,US,normal
T03253,2026-07-25 19:55:00,C050,deposit,219.23,SELF,branch,US,normal
T03254,2026-07-26 08:26:00,C044,payment,57.64,M188,card,US,normal
T03255,2026-07-26 09:08:00,C022,payment,205.34,M690,card,US,normal
T03256,2026-07-26 09:16:00,C015,deposit,345.98,SELF,branch,US,normal
T03257,2026-07-26 09:52:00,C012,payment,57.26,M951,card,US,normal
T03258,2026-07-26 09:57:00,C040,deposit,445.6,SELF,branch,US,normal
T03259,2026-07-26 10:17:00,C039,deposit,513.92,SELF,branch,US,normal
T03260,2026-07-26 10:21:00,C005,payment,145.05,M379,card,US,normal
T03261,2026-07-26 10:21:00,C043,payment,316.85,M656,card,US,normal
T03262,2026-07-26 10:26:00,C044,transfer,88.38,P6228,online,US,normal
T03263,2026-07-26 10:32:00,C008,payment,84.83,M175,card,US,normal
T03264,2026-07-26 10:33:00,C020,payment,301.1,M206,card,US,normal
T03265,2026-07-26 10:48:00,C007,withdrawal,206.42,SELF,atm,US,normal
T03266,2026-07-26 11:02:00,C050,withdrawal,115.41,SELF,atm,US,normal
T03267,2026-07-26 12:09:00,C010,transfer,141.58,P7689,online,US,normal
T03268,2026-07-26 12:35:00,C037,withdrawal,367.63,SELF,atm,US,normal
T03269,2026-07-26 12:51:00,C037,payment,127.09,M553,card,US,normal
T03270,2026-07-26 13:20:00,C023,payment,109.9,M174,card,US,normal
T03271,2026-07-26 13:23:00,C046,payment,28.11,M114,card,US,normal
T03272,2026-07-26 13:28:00,C007,deposit,649.22,SELF,branch,US,normal
T03273,2026-07-26 13:33:00,C050,deposit,505.65,SELF,branch,US,normal
T03274,2026-07-26 13:40:00,C019,transfer,123.6,P5549,online,US,normal
T03275,2026-07-26 14:01:00,C005,payment,250.28,M559,card,US,normal
T03276,2026-07-26 14:42:00,C005,payment,104.78,M578,card,US,normal
T03277,2026-07-26 14:55:00,C017,payment,109.15,M320,card,US,normal
T03278,2026-07-26 15:31:00,C031,payment,121.71,M222,card,US,normal
T03279,2026-07-26 15:45:00,C026,payment,187.92,M653,card,US,normal
T03280,2026-07-26 16:14:00,C009,payment,64.79,M568,card,US,normal
T03281,2026-07-26 16:27:00,C008,withdrawal,145.17,SELF,atm,US,normal
T03282,2026-07-26 16:30:00,C026,deposit,713.44,SELF,branch,US,normal
T03283,2026-07-26 16:31:00,C042,payment,128.21,M741,card,US,normal
T03284,2026-07-26 16:33:00,C010,payment,430.75,M700,card,US,normal
T03285,2026-07-26 16:40:00,C005,payment,201.41,M865,card,US,normal
T03286,2026-07-26 17:21:00,C049,payment,257.48,M514,card,US,normal
T03287,2026-07-26 17:25:00,C019,transfer,121.0,P2258,online,US,normal
T03288,2026-07-26 17:35:00,C042,deposit,1101.54,SELF,branch,US,normal
T03289,2026-07-26 17:45:00,C036,transfer,141.46,P1713,online,US,normal
T03290,2026-07-26 17:50:00,C029,payment,144.71,M334,card,US,normal
T03291,2026-07-26 18:07:00,C001,transfer,316.12,P4896,online,US,normal
T03292,2026-07-26 18:36:00,C019,payment,103.46,M786,card,US,normal
T03293,2026-07-26 18:46:00,C026,transfer,147.9,P6956,online,US,normal
T03294,2026-07-26 18:47:00,C031,transfer,165.89,P3713,online,US,normal
T03295,2026-07-26 18:58:00,C043,withdrawal,207.45,SELF,atm,US,normal
T03296,2026-07-26 19:02:00,C048,payment,133.69,M666,card,US,normal
T03297,2026-07-26 19:06:00,C028,deposit,380.66,SELF,branch,US,normal
T03298,2026-07-26 19:11:00,C010,transfer,612.63,P2388,online,US,normal
T03299,2026-07-26 19:14:00,C006,payment,86.82,M503,card,US,normal
T03300,2026-07-27 08:25:00,C043,payment,141.71,M863,card,US,normal
T03301,2026-07-27 08:33:00,C046,deposit,328.0,SELF,branch,US,normal
T03302,2026-07-27 08:36:00,C039,deposit,733.54,SELF,branch,US,normal
T03303,2026-07-27 08:40:00,C041,payment,52.85,M563,card,US,normal
T03304,2026-07-27 08:47:00,C046,payment,28.28,M681,card,US,normal
T03305,2026-07-27 08:51:00,C005,payment,164.78,M253,card,US,normal
T03306,2026-07-27 09:07:00,C014,withdrawal,59.12,SELF,atm,US,normal
T03307,2026-07-27 09:15:00,C045,payment,41.94,M816,card,US,normal
T03308,2026-07-27 09:16:00,C011,deposit,3116.29,SELF,branch,US,normal
T03309,2026-07-27 09:25:00,C043,deposit,481.12,SELF,branch,US,normal
T03310,2026-07-27 09:33:00,C024,transfer,237.2,P4676,online,US,normal
T03311,2026-07-27 09:40:00,C031,transfer,92.3,P7152,online,US,normal
T03312,2026-07-27 09:53:00,C040,deposit,598.09,SELF,branch,US,normal
T03313,2026-07-27 10:21:00,C044,payment,102.36,M921,card,US,normal
T03314,2026-07-27 10:51:00,C026,transfer,161.47,P6012,online,US,normal
T03315,2026-07-27 11:00:00,C046,transfer,66.02,P8043,online,US,normal
T03316,2026-07-27 11:10:00,C034,deposit,400.46,SELF,branch,US,normal
T03317,2026-07-27 11:23:00,C009,payment,92.25,M625,card,US,normal
T03318,2026-07-27 11:36:00,C042,payment,417.24,M859,card,US,normal
T03319,2026-07-27 11:36:00,C028,payment,202.06,M197,card,US,normal
T03320,2026-07-27 11:42:00,C006,deposit,187.28,SELF,branch,US,normal
T03321,2026-07-27 11:53:00,C014,payment,63.74,M368,card,US,normal
T03322,2026-07-27 11:53:00,C034,transfer,57.93,P7877,online,US,normal
T03323,2026-07-27 11:54:00,C017,payment,186.53,M194,card,US,normal
T03324,2026-07-27 12:23:00,C023,payment,95.16,M803,card,US,normal
T03325,2026-07-27 12:27:00,C027,withdrawal,164.47,SELF,atm,US,normal
T03326,2026-07-27 12:36:00,C022,payment,195.59,M878,card,US,normal
T03327,2026-07-27 12:39:00,C050,payment,120.91,M743,card,US,normal
T03328,2026-07-27 12:40:00,C038,payment,234.48,M326,card,US,normal
T03329,2026-07-27 12:59:00,C024,withdrawal,199.22,SELF,atm,US,normal
T03330,2026-07-27 13:15:00,C046,withdrawal,43.18,SELF,atm,US,normal
T03331,2026-07-27 13:35:00,C045,deposit,332.06,SELF,branch,US,normal
T03332,2026-07-27 14:05:00,C018,payment,285.56,M440,card,US,normal
T03333,2026-07-27 14:08:00,C027,withdrawal,194.73,SELF,atm,US,normal
T03334,2026-07-27 14:10:00,C024,transfer,291.64,P4676,online,US,normal
T03335,2026-07-27 15:03:00,C008,payment,119.34,M888,card,US,normal
T03336,2026-07-27 15:41:00,C049,deposit,1523.05,SELF,branch,US,normal
T03337,2026-07-27 15:54:00,C026,transfer,106.02,P2136,online,US,normal
T03338,2026-07-27 16:17:00,C045,payment,54.99,M290,card,US,normal
T03339,2026-07-27 16:49:00,C007,withdrawal,164.83,SELF,atm,US,normal
T03340,2026-07-27 16:53:00,C041,transfer,135.28,P8081,online,US,normal
T03341,2026-07-27 16:54:00,C023,payment,110.2,M990,card,US,normal
T03342,2026-07-27 17:09:00,C045,payment,50.94,M243,card,US,normal
T03343,2026-07-27 17:15:00,C012,transfer,110.23,P5225,online,US,normal
T03344,2026-07-27 17:42:00,C011,deposit,1400.56,SELF,branch,US,normal
T03345,2026-07-27 18:02:00,C050,payment,238.01,M472,card,US,normal
T03346,2026-07-27 18:05:00,C027,deposit,542.44,SELF,branch,US,normal
T03347,2026-07-27 18:07:00,C050,deposit,460.05,SELF,branch,US,normal
T03348,2026-07-27 18:13:00,C035,payment,105.42,M833,card,US,normal
T03349,2026-07-27 18:23:00,C034,payment,48.95,M206,card,US,normal
T03350,2026-07-27 18:39:00,C007,payment,221.28,M935,card,US,normal
T03351,2026-07-27 18:57:00,C008,deposit,191.16,SELF,branch,US,normal
T03352,2026-07-27 19:24:00,C005,payment,153.14,M572,card,US,normal
T03353,2026-07-27 19:31:00,C001,deposit,634.96,SELF,branch,US,normal
T03354,2026-07-27 19:43:00,C045,transfer,54.67,P3652,online,US,normal
T03355,2026-07-27 19:46:00,C040,transfer,182.16,P1852,online,US,normal
T03356,2026-07-27 19:52:00,C041,payment,128.69,M650,card,US,normal
T03357,2026-07-28 08:16:00,C041,payment,53.4,M165,card,US,normal
T03358,2026-07-28 08:25:00,C003,transfer,104.38,P7456,online,US,normal
T03359,2026-07-28 08:35:00,C044,payment,76.47,M139,card,US,normal
T03360,2026-07-28 08:40:00,C005,deposit,309.48,SELF,branch,US,normal
T03361,2026-07-28 08:47:00,C046,payment,36.9,M851,card,US,normal
T03362,2026-07-28 08:47:00,C022,payment,172.45,M103,card,US,normal
T03363,2026-07-28 08:56:00,C018,withdrawal,113.14,SELF,atm,US,normal
T03364,2026-07-28 10:09:00,C046,transfer,40.39,P5340,online,US,normal
T03365,2026-07-28 10:09:00,C002,payment,159.24,M823,card,US,normal
T03366,2026-07-28 11:03:00,C040,payment,149.33,M404,card,US,normal
T03367,2026-07-28 11:10:00,C022,payment,87.63,M508,card,US,normal
T03368,2026-07-28 11:33:00,C011,transfer,562.11,P4697,online,US,normal
T03369,2026-07-28 11:37:00,C020,payment,238.73,M474,card,US,normal
T03370,2026-07-28 12:07:00,C003,payment,125.23,M232,card,US,normal
T03371,2026-07-28 12:08:00,C010,payment,193.13,M723,card,US,normal
T03372,2026-07-28 12:42:00,C009,transfer,185.91,P2751,online,US,normal
T03373,2026-07-28 12:50:00,C039,payment,192.7,M204,card,US,normal
T03374,2026-07-28 13:09:00,C023,transfer,140.0,P4930,online,US,normal
T03375,2026-07-28 13:11:00,C037,deposit,803.33,SELF,branch,US,normal
T03376,2026-07-28 13:26:00,C034,payment,118.91,M742,card,US,normal
T03377,2026-07-28 13:26:00,C040,transfer,70.63,P1852,online,US,normal
T03378,2026-07-28 13:48:00,C003,payment,227.68,M808,card,US,normal
T03379,2026-07-28 14:02:00,C050,deposit,352.46,SELF,branch,US,normal
T03380,2026-07-28 14:06:00,C011,payment,836.43,M892,card,US,normal
T03381,2026-07-28 14:17:00,C018,transfer,218.16,P7345,online,US,normal
T03382,2026-07-28 14:33:00,C026,transfer,278.49,P2136,online,US,normal
T03383,2026-07-28 14:43:00,C043,withdrawal,191.02,SELF,atm,US,normal
T03384,2026-07-28 15:15:00,C030,payment,138.13,M322,card,US,normal
T03385,2026-07-28 15:25:00,C028,payment,90.03,M825,card,US,normal
T03386,2026-07-28 15:38:00,C014,deposit,197.69,SELF,branch,US,normal
T03387,2026-07-28 16:15:00,C047,payment,377.97,M415,card,US,normal
T03388,2026-07-28 16:18:00,C007,withdrawal,87.97,SELF,atm,US,normal
T03389,2026-07-28 16:21:00,C036,payment,133.37,M352,card,US,normal
T03390,2026-07-28 17:03:00,C001,payment,275.05,M852,card,US,normal
T03391,2026-07-28 17:32:00,C008,deposit,729.35,SELF,branch,US,normal
T03392,2026-07-28 17:35:00,C031,deposit,320.4,SELF,branch,US,normal
T03393,2026-07-28 17:40:00,C042,transfer,569.08,P2693,online,US,normal
T03394,2026-07-28 17:54:00,C002,deposit,515.4,SELF,branch,US,normal
T03395,2026-07-28 17:57:00,C020,payment,343.54,M352,card,US,normal
T03396,2026-07-28 18:04:00,C050,withdrawal,76.5,SELF,atm,US,normal
T03397,2026-07-28 18:14:00,C040,transfer,326.06,P1852,online,US,normal
T03398,2026-07-28 18:15:00,C040,transfer,97.73,P1852,online,US,normal
T03399,2026-07-28 18:51:00,C023,payment,900.0,M227,card,US,spending_spree
T03400,2026-07-28 19:14:00,C037,payment,160.33,M730,card,US,normal
T03401,2026-07-28 19:34:00,C050,deposit,474.9,SELF,branch,US,normal
T03402,2026-07-28 19:35:00,C036,deposit,358.76,SELF,branch,US,normal
T03403,2026-07-28 19:45:00,C034,payment,119.57,M864,card,US,normal
T03404,2026-07-29 08:05:00,C047,payment,291.03,M709,card,US,normal
T03405,2026-07-29 08:08:00,C014,transfer,91.14,P4933,online,US,normal
T03406,2026-07-29 08:25:00,C019,transfer,169.26,P5549,online,US,normal
T03407,2026-07-29 08:28:00,C037,transfer,647.91,P7335,online,US,normal
T03408,2026-07-29 08:35:00,C022,payment,110.8,M743,card,US,normal
T03409,2026-07-29 08:44:00,C039,deposit,602.17,SELF,branch,US,normal
T03410,2026-07-29 09:01:00,C041,payment,44.14,M511,card,US,normal
T03411,2026-07-29 09:02:00,C035,deposit,201.61,SELF,branch,US,normal
T03412,2026-07-29 09:37:00,C045,transfer,56.64,P6317,online,US,normal
T03413,2026-07-29 09:38:00,C030,payment,72.12,M905,card,US,normal
T03414,2026-07-29 09:42:00,C008,payment,101.56,M494,card,US,normal
T03415,2026-07-29 09:44:00,C011,payment,524.59,M634,card,US,normal
T03416,2026-07-29 09:54:00,C014,payment,34.09,M613,card,US,normal
T03417,2026-07-29 10:02:00,C048,transfer,243.36,P2449,online,US,normal
T03418,2026-07-29 10:08:00,C015,transfer,203.77,P8574,online,US,normal
T03419,2026-07-29 10:08:00,C050,transfer,183.93,P1194,online,US,normal
T03420,2026-07-29 10:11:00,C043,transfer,179.46,P2576,online,US,normal
T03421,2026-07-29 10:25:00,C008,payment,86.14,M289,card,US,normal
T03422,2026-07-29 10:30:00,C011,payment,372.47,M528,card,US,normal
T03423,2026-07-29 10:44:00,C036,payment,238.6,M530,card,US,normal
T03424,2026-07-29 10:55:00,C013,deposit,428.7,SELF,branch,US,normal
T03425,2026-07-29 11:11:00,C003,payment,157.5,M257,card,US,normal
T03426,2026-07-29 11:21:00,C033,deposit,90.31,SELF,branch,US,normal
T03427,2026-07-29 11:40:00,C017,payment,212.79,M765,card,US,normal
T03428,2026-07-29 12:23:00,C003,payment,147.23,M424,card,US,normal
T03429,2026-07-29 12:29:00,C039,payment,357.05,M545,card,US,normal
T03430,2026-07-29 12:30:00,C008,payment,211.09,M488,card,US,normal
T03431,2026-07-29 12:34:00,C019,withdrawal,160.07,SELF,atm,US,normal
T03432,2026-07-29 12:46:00,C023,payment,700.0,M918,card,US,spending_spree
T03433,2026-07-29 13:18:00,C050,payment,142.94,M590,card,US,normal
T03434,2026-07-29 13:20:00,C003,deposit,374.46,SELF,branch,US,normal
T03435,2026-07-29 13:25:00,C034,payment,96.46,M902,card,US,normal
T03436,2026-07-29 13:43:00,C048,payment,196.42,M342,card,US,normal
T03437,2026-07-29 14:07:00,C017,deposit,822.29,SELF,branch,US,normal
T03438,2026-07-29 14:07:00,C034,payment,102.62,M409,card,US,normal
T03439,2026-07-29 14:12:00,C036,deposit,543.88,SELF,branch,US,normal
T03440,2026-07-29 14:30:00,C045,deposit,185.48,SELF,branch,US,normal
T03441,2026-07-29 14:43:00,C046,transfer,88.49,P5340,online,US,normal
T03442,2026-07-29 15:28:00,C034,payment,88.35,M331,card,US,normal
T03443,2026-07-29 15:44:00,C029,payment,66.56,M959,card,US,normal
T03444,2026-07-29 15:49:00,C024,payment,184.14,M198,card,US,normal
T03445,2026-07-29 15:59:00,C009,transfer,124.34,P5200,online,US,normal
T03446,2026-07-29 16:23:00,C016,payment,150.57,M181,card,US,normal
T03447,2026-07-29 16:37:00,C037,transfer,500.93,P3753,online,US,normal
T03448,2026-07-29 16:45:00,C020,transfer,808.96,P5239,online,US,normal
T03449,2026-07-29 16:48:00,C030,payment,57.24,M176,card,US,normal
T03450,2026-07-29 17:04:00,C034,payment,77.28,M244,card,US,normal
T03451,2026-07-29 17:14:00,C011,deposit,1627.6,SELF,branch,US,normal
T03452,2026-07-29 17:18:00,C049,payment,54.61,M162,card,US,normal
T03453,2026-07-29 17:22:00,C014,payment,105.44,M911,card,US,normal
T03454,2026-07-29 17:24:00,C043,payment,138.91,M848,card,US,normal
T03455,2026-07-29 17:37:00,C021,withdrawal,71.6,SELF,atm,US,normal
T03456,2026-07-29 17:45:00,C007,payment,279.8,M760,card,US,normal
T03457,2026-07-29 17:46:00,C030,payment,153.67,M969,card,US,normal
T03458,2026-07-29 17:54:00,C028,payment,71.99,M289,card,US,normal
T03459,2026-07-29 18:10:00,C043,deposit,914.29,SELF,branch,US,normal
T03460,2026-07-29 18:27:00,C042,payment,369.42,M597,card,US,normal
T03461,2026-07-29 18:52:00,C041,payment,95.7,M780,card,US,normal
T03462,2026-07-29 19:02:00,C024,transfer,479.75,P9932,online,US,normal
T03463,2026-07-29 19:11:00,C041,payment,65.47,M362,card,US,normal
T03464,2026-07-29 19:32:00,C014,payment,87.27,M932,card,US,normal
T03465,2026-07-29 19:35:00,C019,payment,109.56,M933,card,US,normal
T03466,2026-07-30 08:06:00,C030,withdrawal,131.75,SELF,atm,US,normal
T03467,2026-07-30 08:26:00,C001,payment,85.65,M911,card,US,normal
T03468,2026-07-30 08:52:00,C017,transfer,323.98,P1066,online,US,normal
T03469,2026-07-30 09:36:00,C035,deposit,447.03,SELF,branch,US,normal
T03470,2026-07-30 09:38:00,C048,deposit,1317.33,SELF,branch,US,normal
T03471,2026-07-30 09:55:00,C010,payment,169.26,M579,card,US,normal
T03472,2026-07-30 10:12:00,C039,transfer,307.03,P4888,online,US,normal
T03473,2026-07-30 10:33:00,C011,payment,1331.49,M141,card,US,normal
T03474,2026-07-30 10:35:00,C037,payment,168.97,M820,card,US,normal
T03475,2026-07-30 10:48:00,C041,withdrawal,81.49,SELF,atm,US,normal
T03476,2026-07-30 10:49:00,C048,deposit,1106.46,SELF,branch,US,normal
T03477,2026-07-30 10:51:00,C040,payment,72.63,M149,card,US,normal
T03478,2026-07-30 10:55:00,C027,deposit,490.01,SELF,branch,US,normal
T03479,2026-07-30 11:40:00,C028,withdrawal,94.67,SELF,atm,US,normal
T03480,2026-07-30 11:45:00,C023,payment,194.46,M980,card,US,normal
T03481,2026-07-30 11:45:00,C048,transfer,278.84,P6144,online,US,normal
T03482,2026-07-30 12:33:00,C005,payment,203.58,M130,card,US,normal
T03483,2026-07-30 12:39:00,C024,payment,248.65,M859,card,US,normal
T03484,2026-07-30 12:46:00,C047,deposit,434.7,SELF,branch,US,normal
T03485,2026-07-30 12:48:00,C050,payment,146.76,M191,card,US,normal
T03486,2026-07-30 12:57:00,C031,payment,117.95,M414,card,US,normal
T03487,2026-07-30 13:35:00,C044,deposit,338.2,SELF,branch,US,normal
T03488,2026-07-30 13:41:00,C044,payment,98.93,M621,card,US,normal
T03489,2026-07-30 13:52:00,C007,transfer,187.59,P6684,online,US,normal
T03490,2026-07-30 13:53:00,C042,deposit,1600.3,SELF,branch,US,normal
T03491,2026-07-30 13:55:00,C018,withdrawal,140.72,SELF,atm,US,normal
T03492,2026-07-30 13:59:00,C022,payment,324.2,M408,card,US,normal
T03493,2026-07-30 14:12:00,C034,payment,88.55,M476,card,US,normal
T03494,2026-07-30 14:18:00,C047,payment,454.32,M715,card,US,normal
T03495,2026-07-30 14:43:00,C038,payment,297.07,M595,card,US,normal
T03496,2026-07-30 14:52:00,C020,deposit,901.8,SELF,branch,US,normal
T03497,2026-07-30 14:56:00,C049,withdrawal,265.28,SELF,atm,US,normal
T03498,2026-07-30 15:05:00,C038,deposit,643.2,SELF,branch,US,normal
T03499,2026-07-30 15:15:00,C047,deposit,1107.1,SELF,branch,US,normal
T03500,2026-07-30 15:17:00,C014,transfer,99.65,P4933,online,US,normal
T03501,2026-07-30 15:26:00,C012,payment,83.99,M172,card,US,normal
T03502,2026-07-30 15:45:00,C036,transfer,183.03,P1713,online,US,normal
T03503,2026-07-30 15:46:00,C035,payment,146.43,M227,card,US,normal
T03504,2026-07-30 16:04:00,C035,withdrawal,102.69,SELF,atm,US,normal
T03505,2026-07-30 16:06:00,C048,payment,416.27,M923,card,US,normal
T03506,2026-07-30 17:01:00,C014,payment,81.13,M929,card,US,normal
T03507,2026-07-30 17:06:00,C047,deposit,596.6,SELF,branch,US,normal
T03508,2026-07-30 17:25:00,C047,transfer,215.76,P5379,online,US,normal
T03509,2026-07-30 17:35:00,C023,payment,900.0,M170,card,US,spending_spree
T03510,2026-07-30 18:00:00,C005,payment,138.53,M468,card,US,normal
T03511,2026-07-30 18:20:00,C035,payment,59.64,M847,card,US,normal
T03512,2026-07-30 18:38:00,C027,withdrawal,184.14,SELF,atm,US,normal
T03513,2026-07-30 18:51:00,C010,payment,190.14,M456,card,US,normal
T03514,2026-07-30 18:52:00,C039,payment,284.95,M552,card,US,normal
T03515,2026-07-30 18:56:00,C037,payment,280.31,M357,card,US,normal
T03516,2026-07-30 18:59:00,C020,deposit,777.2,SELF,branch,US,normal
T03517,2026-07-30 19:18:00,C006,deposit,270.09,SELF,branch,US,normal
T03518,2026-07-30 19:39:00,C031,payment,76.52,M258,card,US,normal
T03519,2026-07-30 19:51:00,C028,payment,42.63,M491,card,US,normal
T03520,2026-07-30 19:58:00,C013,payment,179.84,M188,card,US,normal
T03521,2026-07-31 09:34:00,C005,transfer,288.86,P8404,online,US,normal
T03522,2026-07-31 09:36:00,C004,payment,61.69,M393,card,US,normal
T03523,2026-07-31 09:49:00,C018,payment,105.47,M837,card,US,normal
T03524,2026-07-31 10:31:00,C026,payment,80.58,M900,card,US,normal
T03525,2026-07-31 10:37:00,C015,transfer,189.93,P8574,online,US,normal
T03526,2026-07-31 10:44:00,C024,transfer,130.08,P4676,online,US,normal
T03527,2026-07-31 11:09:00,C027,payment,103.97,M843,card,US,normal
T03528,2026-07-31 11:10:00,C037,payment,357.15,M973,card,US,normal
T03529,2026-07-31 11:13:00,C008,transfer,114.18,P9735,online,US,normal
T03530,2026-07-31 11:34:00,C029,transfer,58.14,P7452,online,US,normal
T03531,2026-07-31 11:43:00,C050,payment,29.16,M360,card,US,normal
T03532,2026-07-31 11:46:00,C010,payment,108.3,M321,card,US,normal
T03533,2026-07-31 11:48:00,C006,payment,103.18,M524,card,US,normal
T03534,2026-07-31 12:31:00,C036,deposit,465.59,SELF,branch,US,normal
T03535,2026-07-31 12:33:00,C007,payment,411.52,M354,card,US,normal
T03536,2026-07-31 12:39:00,C017,payment,160.57,M640,card,US,normal
T03537,2026-07-31 13:09:00,C021,deposit,85.32,SELF,branch,US,normal
T03538,2026-07-31 13:14:00,C023,payment,950.0,M771,card,US,spending_spree
T03539,2026-07-31 13:36:00,C046,payment,44.47,M444,card,US,normal
T03540,2026-07-31 13:46:00,C001,withdrawal,469.18,SELF,atm,US,normal
T03541,2026-07-31 14:11:00,C006,payment,66.66,M346,card,US,normal
T03542,2026-07-31 14:21:00,C001,transfer,97.69,P8726,online,US,normal
T03543,2026-07-31 14:45:00,C003,payment,81.76,M345,card,US,normal
T03544,2026-07-31 14:47:00,C023,payment,173.05,M463,card,US,normal
T03545,2026-07-31 14:55:00,C031,payment,164.99,M880,card,US,normal
T03546,2026-07-31 15:13:00,C050,payment,75.0,M945,card,US,normal
T03547,2026-07-31 15:16:00,C010,deposit,307.97,SELF,branch,US,normal
T03548,2026-07-31 15:21:00,C028,payment,113.74,M389,card,US,normal
T03549,2026-07-31 15:22:00,C026,payment,186.95,M363,card,US,normal
T03550,2026-07-31 15:32:00,C031,payment,91.86,M518,card,US,normal
T03551,2026-07-31 15:56:00,C027,withdrawal,89.75,SELF,atm,US,normal
T03552,2026-07-31 16:01:00,C030,withdrawal,244.84,SELF,atm,US,normal
T03553,2026-07-31 16:17:00,C042,deposit,960.58,SELF,branch,US,normal
T03554,2026-07-31 16:49:00,C035,deposit,193.9,SELF,branch,US,normal
T03555,2026-07-31 16:53:00,C045,payment,165.96,M930,card,US,normal
T03556,2026-07-31 17:03:00,C045,payment,93.68,M782,card,US,normal
T03557,2026-07-31 17:17:00,C020,transfer,297.01,P5239,online,US,normal
T03558,2026-07-31 18:01:00,C022,transfer,135.4,P6032,online,US,normal
T03559,2026-07-31 18:09:00,C040,withdrawal,160.66,SELF,atm,US,normal
T03560,2026-07-31 18:20:00,C026,transfer,163.14,P2136,online,US,normal
T03561,2026-07-31 18:31:00,C034,payment,156.87,M675,card,US,normal
T03562,2026-07-31 18:42:00,C033,payment,143.6,M484,card,US,normal
T03563,2026-07-31 18:57:00,C046,payment,44.73,M712,card,US,normal
T03564,2026-07-31 19:02:00,C014,transfer,44.94,P7027,online,US,normal
T03565,2026-07-31 19:12:00,C028,payment,67.12,M895,card,US,normal
T03566,2026-07-31 19:25:00,C020,transfer,302.94,P7014,online,US,normal
T03567,2026-07-31 19:32:00,C007,payment,226.95,M455,card,US,normal
T03568,2026-07-31 19:42:00,C040,transfer,66.51,P6256,online,US,normal
T03569,2026-07-31 19:58:00,C013,transfer,131.26,P5280,online,US,normal
T03570,2026-08-01 08:03:00,C024,payment,260.85,M732,card,US,normal
T03571,2026-08-01 08:37:00,C048,payment,192.78,M563,card,US,normal
T03572,2026-08-01 08:42:00,C017,deposit,979.54,SELF,branch,US,normal
T03573,2026-08-01 08:50:00,C017,transfer,262.71,P8243,online,US,normal
T03574,2026-08-01 09:37:00,C042,payment,545.48,M269,card,US,normal
T03575,2026-08-01 09:40:00,C019,transfer,97.55,P5549,online,US,normal
T03576,2026-08-01 09:50:00,C045,payment,72.46,M912,card,US,normal
T03577,2026-08-01 09:56:00,C038,payment,499.55,M839,card,US,normal
T03578,2026-08-01 09:57:00,C018,payment,337.37,M723,card,US,normal
T03579,2026-08-01 10:11:00,C038,payment,198.49,M634,card,US,normal
T03580,2026-08-01 10:14:00,C008,deposit,470.24,SELF,branch,US,normal
T03581,2026-08-01 10:58:00,C038,withdrawal,186.35,SELF,atm,US,normal
T03582,2026-08-01 10:59:00,C009,transfer,81.7,P7838,online,US,normal
T03583,2026-08-01 11:09:00,C026,payment,256.57,M431,card,US,normal
T03584,2026-08-01 11:30:00,C014,payment,137.64,M405,card,US,normal
T03585,2026-08-01 11:43:00,C041,payment,46.76,M683,card,US,normal
T03586,2026-08-01 12:16:00,C007,payment,170.73,M257,card,US,normal
T03587,2026-08-01 12:18:00,C049,payment,188.18,M138,card,US,normal
T03588,2026-08-01 12:18:00,C023,payment,102.85,M870,card,US,normal
T03589,2026-08-01 12:24:00,C014,deposit,330.62,SELF,branch,US,normal
T03590,2026-08-01 12:24:00,C044,payment,82.23,M354,card,US,normal
T03591,2026-08-01 12:34:00,C015,payment,141.49,M712,card,US,normal
T03592,2026-08-01 12:38:00,C027,payment,202.32,M597,card,US,normal
T03593,2026-08-01 12:42:00,C033,payment,127.12,M342,card,US,normal
T03594,2026-08-01 12:57:00,C045,withdrawal,42.54,SELF,atm,US,normal
T03595,2026-08-01 13:24:00,C024,withdrawal,395.78,SELF,atm,US,normal
T03596,2026-08-01 13:27:00,C045,deposit,187.85,SELF,branch,US,normal
T03597,2026-08-01 13:36:00,C003,deposit,289.49,SELF,branch,US,normal
T03598,2026-08-01 13:42:00,C049,payment,225.99,M577,card,US,normal
T03599,2026-08-01 13:46:00,C014,payment,98.05,M560,card,US,normal
T03600,2026-08-01 14:03:00,C038,payment,184.33,M618,card,US,normal
T03601,2026-08-01 14:16:00,C034,payment,63.33,M751,card,US,normal
T03602,2026-08-01 14:32:00,C008,payment,261.39,M232,card,US,normal
T03603,2026-08-01 14:35:00,C030,payment,216.16,M764,card,US,normal
T03604,2026-08-01 14:47:00,C003,deposit,445.84,SELF,branch,US,normal
T03605,2026-08-01 15:01:00,C041,transfer,86.0,P7816,online,US,normal
T03606,2026-08-01 15:10:00,C008,payment,93.95,M687,card,US,normal
T03607,2026-08-01 15:23:00,C028,deposit,349.01,SELF,branch,US,normal
T03608,2026-08-01 15:29:00,C023,payment,750.0,M643,card,US,spending_spree
T03609,2026-08-01 15:32:00,C040,payment,212.2,M857,card,US,normal
T03610,2026-08-01 15:35:00,C011,deposit,2130.29,SELF,branch,US,normal
T03611,2026-08-01 15:44:00,C029,deposit,220.51,SELF,branch,US,normal
T03612,2026-08-01 15:47:00,C015,deposit,9528.43,SELF,branch,US,structuring
T03613,2026-08-01 15:50:00,C012,payment,114.1,M616,card,US,normal
T03614,2026-08-01 16:03:00,C033,payment,65.1,M394,card,US,normal
T03615,2026-08-01 16:32:00,C014,deposit,366.88,SELF,branch,US,normal
T03616,2026-08-01 16:38:00,C037,payment,559.98,M623,card,US,normal
T03617,2026-08-01 16:42:00,C034,payment,180.46,M976,card,US,normal
T03618,2026-08-01 16:43:00,C010,payment,267.61,M623,card,US,normal
T03619,2026-08-01 16:47:00,C023,withdrawal,196.16,SELF,atm,US,normal
T03620,2026-08-01 16:51:00,C039,payment,69.72,M987,card,US,normal
T03621,2026-08-01 16:58:00,C019,payment,103.08,M407,card,US,normal
T03622,2026-08-01 17:07:00,C041,payment,43.6,M310,card,US,normal
T03623,2026-08-01 17:12:00,C010,deposit,648.53,SELF,branch,US,normal
T03624,2026-08-01 17:23:00,C031,payment,155.23,M347,card,US,normal
T03625,2026-08-01 17:57:00,C023,transfer,237.09,P4930,online,US,normal
T03626,2026-08-01 18:12:00,C020,transfer,231.72,P5239,online,US,normal
T03627,2026-08-01 18:14:00,C012,transfer,122.63,P8160,online,US,normal
T03628,2026-08-01 18:42:00,C010,payment,135.12,M652,card,US,normal
T03629,2026-08-01 18:45:00,C026,transfer,179.09,P6012,online,US,normal
T03630,2026-08-01 19:03:00,C036,withdrawal,80.51,SELF,atm,US,normal
T03631,2026-08-01 19:22:00,C015,payment,388.69,M597,card,US,normal
T03632,2026-08-01 19:28:00,C019,payment,82.15,M565,card,US,normal
T03633,2026-08-01 19:38:00,C001,deposit,474.62,SELF,branch,US,normal
T03634,2026-08-01 19:49:00,C039,withdrawal,164.2,SELF,atm,US,normal
T03635,2026-08-02 08:13:00,C006,payment,51.4,M138,card,US,normal
T03636,2026-08-02 08:14:00,C047,payment,181.64,M618,card,US,normal
T03637,2026-08-02 08:45:00,C004,payment,107.26,M122,card,US,normal
T03638,2026-08-02 08:50:00,C016,deposit,237.14,SELF,branch,US,normal
T03639,2026-08-02 08:56:00,C041,payment,78.5,M213,card,US,normal
T03640,2026-08-02 09:02:00,C029,payment,67.6,M928,card,US,normal
T03641,2026-08-02 09:14:00,C009,transfer,115.33,P4274,online,US,normal
T03642,2026-08-02 09:33:00,C039,payment,210.82,M798,card,US,normal
T03643,2026-08-02 09:37:00,C023,payment,900.0,M856,card,US,spending_spree
T03644,2026-08-02 09:42:00,C009,payment,117.94,M555,card,US,normal
T03645,2026-08-02 09:50:00,C049,payment,207.75,M993,card,US,normal
T03646,2026-08-02 10:26:00,C004,deposit,281.33,SELF,branch,US,normal
T03647,2026-08-02 10:27:00,C009,payment,33.08,M713,card,US,normal
T03648,2026-08-02 10:52:00,C049,payment,153.09,M425,card,US,normal
T03649,2026-08-02 11:13:00,C037,payment,248.04,M767,card,US,normal
T03650,2026-08-02 11:33:00,C030,payment,131.2,M802,card,US,normal
T03651,2026-08-02 11:39:00,C028,payment,82.72,M900,card,US,normal
T03652,2026-08-02 11:55:00,C039,deposit,780.4,SELF,branch,US,normal
T03653,2026-08-02 12:03:00,C014,payment,67.17,M387,card,US,normal
T03654,2026-08-02 13:00:00,C012,payment,54.57,M558,card,US,normal
T03655,2026-08-02 13:01:00,C044,deposit,150.86,SELF,branch,US,normal
T03656,2026-08-02 13:29:00,C003,payment,68.23,M521,card,US,normal
T03657,2026-08-02 13:41:00,C042,transfer,385.63,P2693,online,US,normal
T03658,2026-08-02 13:46:00,C005,deposit,689.86,SELF,branch,US,normal
T03659,2026-08-02 13:47:00,C046,transfer,59.33,P8043,online,US,normal
T03660,2026-08-02 14:00:00,C026,withdrawal,203.67,SELF,atm,US,normal
T03661,2026-08-02 14:03:00,C035,transfer,267.29,P7451,online,US,normal
T03662,2026-08-02 14:08:00,C036,transfer,195.39,P1867,online,US,normal
T03663,2026-08-02 14:10:00,C028,payment,110.15,M167,card,US,normal
T03664,2026-08-02 14:16:00,C015,transfer,146.15,P8242,online,US,normal
T03665,2026-08-02 14:43:00,C022,deposit,694.92,SELF,branch,US,normal
T03666,2026-08-02 14:48:00,C046,transfer,62.09,P5203,online,US,normal
T03667,2026-08-02 15:03:00,C002,transfer,264.74,P1847,online,US,normal
T03668,2026-08-02 15:06:00,C036,payment,85.48,M143,card,US,normal
T03669,2026-08-02 15:07:00,C042,payment,360.46,M263,card,US,normal
T03670,2026-08-02 15:08:00,C020,payment,480.87,M358,card,US,normal
T03671,2026-08-02 15:17:00,C015,deposit,9282.83,SELF,branch,US,structuring
T03672,2026-08-02 15:33:00,C018,deposit,208.16,SELF,branch,US,normal
T03673,2026-08-02 15:35:00,C010,withdrawal,261.5,SELF,atm,US,normal
T03674,2026-08-02 15:40:00,C042,payment,351.68,M975,card,US,normal
T03675,2026-08-02 15:44:00,C017,deposit,444.73,SELF,branch,US,normal
T03676,2026-08-02 16:14:00,C015,payment,410.66,M731,card,US,normal
T03677,2026-08-02 16:30:00,C034,payment,84.69,M722,card,US,normal
T03678,2026-08-02 16:31:00,C020,payment,353.33,M255,card,US,normal
T03679,2026-08-02 16:40:00,C027,payment,198.13,M692,card,US,normal
T03680,2026-08-02 17:18:00,C004,deposit,365.28,SELF,branch,US,normal
T03681,2026-08-02 17:24:00,C010,payment,418.72,M358,card,US,normal
T03682,2026-08-02 17:44:00,C008,deposit,306.1,SELF,branch,US,normal
T03683,2026-08-02 17:54:00,C010,payment,211.37,M679,card,US,normal
T03684,2026-08-02 17:57:00,C002,transfer,112.3,P5737,online,US,normal
T03685,2026-08-02 18:20:00,C036,payment,168.25,M917,card,US,normal
T03686,2026-08-02 18:36:00,C040,payment,301.72,M295,card,US,normal
T03687,2026-08-02 18:40:00,C047,payment,172.71,M719,card,US,normal
T03688,2026-08-02 18:53:00,C013,payment,145.49,M384,card,US,normal
T03689,2026-08-02 18:56:00,C037,deposit,706.04,SELF,branch,US,normal
T03690,2026-08-02 19:09:00,C030,payment,155.56,M958,card,US,normal
T03691,2026-08-02 19:53:00,C015,transfer,134.08,P8242,online,US,normal
T03692,2026-08-02 19:59:00,C004,withdrawal,43.16,SELF,atm,US,normal
T03693,2026-08-03 08:09:00,C022,transfer,107.18,P6032,online,US,normal
T03694,2026-08-03 08:10:00,C017,deposit,824.07,SELF,branch,US,normal
T03695,2026-08-03 08:16:00,C013,payment,147.91,M226,card,US,normal
T03696,2026-08-03 08:23:00,C021,payment,49.74,M863,card,US,normal
T03697,2026-08-03 08:26:00,C039,deposit,602.4,SELF,branch,US,normal
T03698,2026-08-03 09:13:00,C016,payment,141.82,M754,card,US,normal
T03699,2026-08-03 09:22:00,C015,deposit,9531.97,SELF,branch,US,structuring
T03700,2026-08-03 09:24:00,C040,deposit,287.06,SELF,branch,US,normal
T03701,2026-08-03 09:34:00,C041,transfer,101.86,P7816,online,US,normal
T03702,2026-08-03 09:40:00,C027,payment,107.79,M336,card,US,normal
T03703,2026-08-03 09:46:00,C029,payment,87.73,M225,card,US,normal
T03704,2026-08-03 09:47:00,C049,transfer,108.06,P9583,online,US,normal
T03705,2026-08-03 09:48:00,C028,deposit,610.48,SELF,branch,US,normal
T03706,2026-08-03 09:55:00,C023,deposit,312.39,SELF,branch,US,normal
T03707,2026-08-03 09:57:00,C041,payment,53.59,M216,card,US,normal
T03708,2026-08-03 10:20:00,C043,deposit,415.0,SELF,branch,US,normal
T03709,2026-08-03 10:25:00,C050,payment,73.98,M117,card,US,normal
T03710,2026-08-03 10:47:00,C003,payment,109.17,M466,card,US,normal
T03711,2026-08-03 11:05:00,C042,deposit,1252.81,SELF,branch,US,normal
T03712,2026-08-03 11:10:00,C048,deposit,853.03,SELF,branch,US,normal
T03713,2026-08-03 11:14:00,C026,payment,150.68,M874,card,US,normal
T03714,2026-08-03 11:17:00,C037,deposit,709.49,SELF,branch,US,normal
T03715,2026-08-03 11:18:00,C023,payment,750.0,M614,card,US,spending_spree
T03716,2026-08-03 11:34:00,C017,withdrawal,258.51,SELF,atm,US,normal
T03717,2026-08-03 11:34:00,C009,payment,115.94,M754,card,US,normal
T03718,2026-08-03 11:35:00,C035,payment,84.09,M698,card,US,normal
T03719,2026-08-03 11:44:00,C010,transfer,130.18,P2388,online,US,normal
T03720,2026-08-03 11:58:00,C033,payment,91.86,M427,card,US,normal
T03721,2026-08-03 12:00:00,C016,deposit,548.6,SELF,branch,US,normal
T03722,2026-08-03 12:06:00,C014,deposit,447.15,SELF,branch,US,normal
T03723,2026-08-03 12:19:00,C031,withdrawal,125.01,SELF,atm,US,normal
T03724,2026-08-03 12:37:00,C026,transfer,135.51,P6012,online,US,normal
T03725,2026-08-03 12:43:00,C022,payment,301.54,M194,card,US,normal
T03726,2026-08-03 13:06:00,C019,transfer,127.82,P5549,online,US,normal
T03727,2026-08-03 13:16:00,C012,payment,165.04,M714,card,US,normal
T03728,2026-08-03 13:24:00,C031,transfer,161.47,P3148,online,US,normal
T03729,2026-08-03 13:33:00,C034,withdrawal,100.85,SELF,atm,US,normal
T03730,2026-08-03 13:36:00,C026,payment,159.36,M934,card,US,normal
T03731,2026-08-03 13:53:00,C050,transfer,69.62,P1194,online,US,normal
T03732,2026-08-03 13:57:00,C016,transfer,165.66,P6730,online,US,normal
T03733,2026-08-03 14:02:00,C022,payment,187.67,M794,card,US,normal
T03734,2026-08-03 14:42:00,C014,deposit,259.86,SELF,branch,US,normal
T03735,2026-08-03 14:48:00,C028,payment,60.18,M716,card,US,normal
T03736,2026-08-03 15:02:00,C049,deposit,9398.02,SELF,branch,US,structuring
T03737,2026-08-03 15:08:00,C010,deposit,845.44,SELF,branch,US,normal
T03738,2026-08-03 15:11:00,C037,payment,653.87,M866,card,US,normal
T03739,2026-08-03 15:30:00,C044,payment,78.19,M900,card,US,normal
T03740,2026-08-03 15:35:00,C010,withdrawal,168.52,SELF,atm,US,normal
T03741,2026-08-03 15:40:00,C036,withdrawal,161.17,SELF,atm,US,normal
T03742,2026-08-03 15:53:00,C036,payment,152.46,M766,card,US,normal
T03743,2026-08-03 15:55:00,C009,deposit,483.03,SELF,branch,US,normal
T03744,2026-08-03 16:05:00,C037,deposit,697.81,SELF,branch,US,normal
T03745,2026-08-03 16:07:00,C027,payment,189.07,M478,card,US,normal
T03746,2026-08-03 16:11:00,C024,payment,243.44,M120,card,US,normal
T03747,2026-08-03 16:31:00,C011,payment,428.39,M583,card,US,normal
T03748,2026-08-03 16:35:00,C036,deposit,310.04,SELF,branch,US,normal
T03749,2026-08-03 16:52:00,C003,deposit,331.36,SELF,branch,US,normal
T03750,2026-08-03 16:52:00,C002,payment,211.28,M388,card,US,normal
T03751,2026-08-03 17:01:00,C041,withdrawal,65.94,SELF,atm,US,normal
T03752,2026-08-03 17:09:00,C023,payment,156.04,M275,card,US,normal
T03753,2026-08-03 17:20:00,C016,payment,219.15,M786,card,US,normal
T03754,2026-08-03 17:20:00,C033,payment,178.51,M284,card,US,normal
T03755,2026-08-03 17:28:00,C023,deposit,418.32,SELF,branch,US,normal
T03756,2026-08-03 17:42:00,C037,payment,419.11,M737,card,US,normal
T03757,2026-08-03 17:43:00,C044,withdrawal,52.04,SELF,atm,US,normal
T03758,2026-08-03 17:44:00,C004,transfer,121.14,P9339,online,US,normal
T03759,2026-08-03 18:06:00,C028,deposit,306.41,SELF,branch,US,normal
T03760,2026-08-03 18:32:00,C033,payment,81.67,M959,card,US,normal
T03761,2026-08-03 18:45:00,C040,deposit,469.55,SELF,branch,US,normal
T03762,2026-08-03 18:49:00,C028,transfer,90.41,P4008,online,US,normal
T03763,2026-08-03 19:05:00,C007,deposit,713.7,SELF,branch,US,normal
T03764,2026-08-03 19:06:00,C031,deposit,613.4,SELF,branch,US,normal
T03765,2026-08-03 19:50:00,C002,transfer,208.77,P1847,online,US,normal
T03766,2026-08-03 19:57:00,C048,deposit,646.41,SELF,branch,US,normal
T03767,2026-08-04 08:04:00,C035,transfer,214.72,P8100,online,US,normal
T03768,2026-08-04 08:15:00,C007,payment,527.03,M918,card,US,normal
T03769,2026-08-04 09:01:00,C022,withdrawal,185.51,SELF,atm,US,normal
T03770,2026-08-04 09:17:00,C024,payment,549.47,M150,card,US,normal
T03771,2026-08-04 09:33:00,C020,transfer,384.74,P6889,online,US,normal
T03772,2026-08-04 09:42:00,C012,deposit,285.75,SELF,branch,US,normal
T03773,2026-08-04 09:43:00,C045,payment,64.09,M862,card,US,normal
T03774,2026-08-04 09:45:00,C045,payment,63.93,M647,card,US,normal
T03775,2026-08-04 09:56:00,C027,payment,164.75,M106,card,US,normal
T03776,2026-08-04 10:01:00,C026,deposit,357.11,SELF,branch,US,normal
T03777,2026-08-04 10:04:00,C022,payment,109.39,M665,card,US,normal
T03778,2026-08-04 10:38:00,C006,withdrawal,52.65,SELF,atm,US,normal
T03779,2026-08-04 10:41:00,C027,transfer,166.2,P4682,online,US,normal
T03780,2026-08-04 10:54:00,C019,payment,133.98,M544,card,US,normal
T03781,2026-08-04 10:59:00,C044,deposit,526.5,SELF,branch,US,normal
T03782,2026-08-04 11:10:00,C042,payment,179.68,M775,card,US,normal
T03783,2026-08-04 11:11:00,C019,payment,111.51,M662,card,US,normal
T03784,2026-08-04 11:20:00,C031,payment,125.55,M599,card,US,normal
T03785,2026-08-04 11:23:00,C023,payment,650.0,M952,card,US,spending_spree
T03786,2026-08-04 11:42:00,C009,payment,253.1,M890,card,US,normal
T03787,2026-08-04 11:50:00,C044,payment,111.64,M569,card,US,normal
T03788,2026-08-04 11:58:00,C043,payment,321.24,M175,card,US,normal
T03789,2026-08-04 12:07:00,C049,deposit,441.32,SELF,branch,US,normal
T03790,2026-08-04 12:09:00,C050,transfer,52.37,P1194,online,US,normal
T03791,2026-08-04 12:16:00,C041,withdrawal,136.8,SELF,atm,US,normal
T03792,2026-08-04 12:32:00,C018,payment,158.16,M795,card,US,normal
T03793,2026-08-04 12:51:00,C004,payment,96.31,M973,card,US,normal
T03794,2026-08-04 13:05:00,C042,withdrawal,776.25,SELF,atm,US,normal
T03795,2026-08-04 13:12:00,C027,deposit,553.99,SELF,branch,US,normal
T03796,2026-08-04 13:33:00,C031,transfer,107.32,P3148,online,US,normal
T03797,2026-08-04 13:47:00,C007,payment,242.13,M463,card,US,normal
T03798,2026-08-04 14:36:00,C045,payment,76.3,M749,card,US,normal
T03799,2026-08-04 14:49:00,C006,deposit,224.92,SELF,branch,US,normal
T03800,2026-08-04 15:24:00,C031,payment,176.55,M722,card,US,normal
T03801,2026-08-04 15:32:00,C029,payment,93.93,M400,card,US,normal
T03802,2026-08-04 15:37:00,C003,payment,153.66,M839,card,US,normal
T03803,2026-08-04 15:51:00,C029,transfer,69.85,P2451,online,US,normal
T03804,2026-08-04 16:24:00,C016,deposit,823.94,SELF,branch,US,normal
T03805,2026-08-04 16:31:00,C022,payment,299.26,M136,card,US,normal
T03806,2026-08-04 16:42:00,C012,payment,170.71,M398,card,US,normal
T03807,2026-08-04 17:02:00,C011,payment,730.26,M431,card,US,normal
T03808,2026-08-04 17:11:00,C015,payment,117.0,M474,card,US,normal
T03809,2026-08-04 17:20:00,C002,payment,271.81,M867,card,US,normal
T03810,2026-08-04 17:28:00,C033,transfer,222.12,P4296,online,US,normal
T03811,2026-08-04 17:51:00,C027,payment,82.49,M793,card,US,normal
T03812,2026-08-04 17:58:00,C015,deposit,9286.45,SELF,branch,US,structuring
T03813,2026-08-04 18:02:00,C004,payment,104.0,M818,card,US,normal
T03814,2026-08-04 18:22:00,C049,deposit,9491.17,SELF,branch,US,structuring
T03815,2026-08-04 18:38:00,C035,payment,97.5,M663,card,US,normal
T03816,2026-08-04 18:42:00,C036,payment,107.97,M798,card,US,normal
T03817,2026-08-04 18:55:00,C028,payment,87.58,M898,card,US,normal
T03818,2026-08-04 19:01:00,C035,withdrawal,91.14,SELF,atm,US,normal
T03819,2026-08-04 19:22:00,C015,payment,158.91,M452,card,US,normal
T03820,2026-08-04 19:34:00,C031,transfer,105.02,P7152,online,US,normal
T03821,2026-08-04 19:42:00,C039,payment,121.42,M236,card,US,normal
T03822,2026-08-04 19:47:00,C018,deposit,590.25,SELF,branch,US,normal
T03823,2026-08-04 19:57:00,C001,payment,255.18,M927,card,US,normal
T03824,2026-08-05 08:34:00,C042,payment,336.37,M444,card,US,normal
T03825,2026-08-05 08:36:00,C026,payment,183.76,M600,card,US,normal
T03826,2026-08-05 08:42:00,C013,withdrawal,79.76,SELF,atm,US,normal
T03827,2026-08-05 08:48:00,C033,transfer,103.52,P9176,online,US,normal
T03828,2026-08-05 08:49:00,C046,payment,44.43,M802,card,US,normal
T03829,2026-08-05 09:13:00,C039,deposit,758.72,SELF,branch,US,normal
T03830,2026-08-05 09:21:00,C020,withdrawal,485.48,SELF,atm,US,normal
T03831,2026-08-05 10:06:00,C038,payment,179.55,M645,card,US,normal
T03832,2026-08-05 10:07:00,C048,deposit,404.67,SELF,branch,US,normal
T03833,2026-08-05 10:09:00,C029,withdrawal,64.18,SELF,atm,US,normal
T03834,2026-08-05 10:11:00,C003,payment,187.71,M943,card,US,normal
T03835,2026-08-05 10:14:00,C041,transfer,95.84,P4741,online,US,normal
T03836,2026-08-05 10:30:00,C043,transfer,138.55,P6288,online,US,normal
T03837,2026-08-05 10:34:00,C029,deposit,349.82,SELF,branch,US,normal
T03838,2026-08-05 10:40:00,C035,payment,74.33,M142,card,US,normal
T03839,2026-08-05 10:49:00,C029,payment,117.36,M979,card,US,normal
T03840,2026-08-05 10:56:00,C038,payment,192.32,M596,card,US,normal
T03841,2026-08-05 11:01:00,C033,transfer,52.36,P4296,online,US,normal
T03842,2026-08-05 11:04:00,C001,payment,149.28,M599,card,US,normal
T03843,2026-08-05 11:05:00,C014,deposit,209.88,SELF,branch,US,normal
T03844,2026-08-05 11:21:00,C049,payment,397.29,M172,card,US,normal
T03845,2026-08-05 11:23:00,C013,transfer,98.65,P5280,online,US,normal
T03846,2026-08-05 11:24:00,C031,deposit,457.89,SELF,branch,US,normal
T03847,2026-08-05 11:38:00,C046,transfer,49.9,P5203,online,US,normal
T03848,2026-08-05 11:40:00,C047,payment,284.58,M279,card,US,normal
T03849,2026-08-05 11:46:00,C049,payment,205.05,M309,card,US,normal
T03850,2026-08-05 11:46:00,C012,deposit,632.29,SELF,branch,US,normal
T03851,2026-08-05 12:13:00,C016,payment,186.73,M243,card,US,normal
T03852,2026-08-05 12:21:00,C040,payment,272.84,M996,card,US,normal
T03853,2026-08-05 12:43:00,C027,payment,245.58,M958,card,US,normal
T03854,2026-08-05 12:51:00,C023,deposit,496.54,SELF,branch,US,normal
T03855,2026-08-05 12:52:00,C008,withdrawal,133.38,SELF,atm,US,normal
T03856,2026-08-05 13:28:00,C001,deposit,592.73,SELF,branch,US,normal
T03857,2026-08-05 13:31:00,C023,withdrawal,70.1,SELF,atm,US,normal
T03858,2026-08-05 13:45:00,C004,deposit,363.51,SELF,branch,US,normal
T03859,2026-08-05 14:08:00,C035,payment,69.4,M966,card,US,normal
T03860,2026-08-05 14:14:00,C029,payment,69.27,M350,card,US,normal
T03861,2026-08-05 14:21:00,C045,transfer,118.62,P6317,online,US,normal
T03862,2026-08-05 14:37:00,C018,payment,89.45,M900,card,US,normal
T03863,2026-08-05 14:40:00,C033,transfer,81.25,P9176,online,US,normal
T03864,2026-08-05 14:58:00,C028,payment,37.3,M592,card,US,normal
T03865,2026-08-05 15:28:00,C006,payment,105.22,M671,card,US,normal
T03866,2026-08-05 15:56:00,C019,payment,78.23,M372,card,US,normal
T03867,2026-08-05 15:59:00,C018,deposit,424.24,SELF,branch,US,normal
T03868,2026-08-05 16:00:00,C023,payment,173.14,M494,card,US,normal
T03869,2026-08-05 16:08:00,C015,withdrawal,227.07,SELF,atm,US,normal
T03870,2026-08-05 16:18:00,C011,transfer,615.03,P4697,online,US,normal
T03871,2026-08-05 16:23:00,C038,deposit,654.2,SELF,branch,US,normal
T03872,2026-08-05 16:37:00,C037,payment,1600.0,M307,card,US,spending_spree
T03873,2026-08-05 16:42:00,C023,payment,102.94,M227,card,US,normal
T03874,2026-08-05 17:02:00,C043,payment,161.6,M876,card,US,normal
T03875,2026-08-05 17:07:00,C040,payment,277.81,M225,card,US,normal
T03876,2026-08-05 17:26:00,C027,withdrawal,92.74,SELF,atm,US,normal
T03877,2026-08-05 17:28:00,C048,payment,159.46,M311,card,US,normal
T03878,2026-08-05 17:37:00,C028,transfer,171.16,P4008,online,US,normal
T03879,2026-08-05 17:42:00,C048,transfer,333.5,P5879,online,US,normal
T03880,2026-08-05 17:47:00,C016,deposit,372.96,SELF,branch,US,normal
T03881,2026-08-05 17:52:00,C039,deposit,313.51,SELF,branch,US,normal
T03882,2026-08-05 17:55:00,C042,transfer,359.74,P2693,online,US,normal
T03883,2026-08-05 17:57:00,C044,payment,67.74,M662,card,US,normal
T03884,2026-08-05 17:59:00,C012,payment,151.06,M878,card,US,normal
T03885,2026-08-05 18:03:00,C014,payment,79.41,M749,card,US,normal
T03886,2026-08-05 18:06:00,C005,payment,71.93,M578,card,US,normal
T03887,2026-08-05 18:13:00,C050,deposit,504.59,SELF,branch,US,normal
T03888,2026-08-05 18:14:00,C016,deposit,527.6,SELF,branch,US,normal
T03889,2026-08-05 19:05:00,C019,payment,42.62,M589,card,US,normal
T03890,2026-08-05 19:11:00,C010,transfer,224.56,P7146,online,US,normal
T03891,2026-08-05 19:21:00,C024,payment,248.8,M864,card,US,normal
T03892,2026-08-05 19:42:00,C049,deposit,9278.83,SELF,branch,US,structuring
T03893,2026-08-06 08:06:00,C037,deposit,456.58,SELF,branch,US,normal
T03894,2026-08-06 08:09:00,C004,payment,87.97,M394,card,US,normal
T03895,2026-08-06 08:14:00,C033,deposit,517.86,SELF,branch,US,normal
T03896,2026-08-06 08:15:00,C017,transfer,231.75,P1066,online,US,normal
T03897,2026-08-06 08:35:00,C005,payment,98.97,M124,card,US,normal
T03898,2026-08-06 08:50:00,C005,payment,143.9,M949,card,US,normal
T03899,2026-08-06 09:09:00,C045,payment,71.71,M686,card,US,normal
T03900,2026-08-06 09:42:00,C046,transfer,48.52,P5340,online,US,normal
T03901,2026-08-06 09:55:00,C033,payment,59.56,M143,card,US,normal
T03902,2026-08-06 10:28:00,C042,transfer,162.53,P3968,online,US,normal
T03903,2026-08-06 10:40:00,C035,deposit,381.82,SELF,branch,US,normal
T03904,2026-08-06 10:51:00,C038,transfer,128.19,P8708,online,US,normal
T03905,2026-08-06 10:51:00,C036,transfer,151.18,P1867,online,US,normal
T03906,2026-08-06 10:57:00,C034,transfer,51.76,P3392,online,US,normal
T03907,2026-08-06 11:01:00,C015,payment,171.66,M566,card,US,normal
T03908,2026-08-06 11:09:00,C046,transfer,138.08,P8043,online,US,normal
T03909,2026-08-06 11:12:00,C027,payment,291.5,M727,card,US,normal
T03910,2026-08-06 11:23:00,C028,deposit,323.51,SELF,branch,US,normal
T03911,2026-08-06 11:36:00,C023,transfer,107.97,P4930,online,US,normal
T03912,2026-08-06 11:38:00,C037,deposit,640.44,SELF,branch,US,normal
T03913,2026-08-06 11:47:00,C005,withdrawal,174.26,SELF,atm,US,normal
T03914,2026-08-06 11:50:00,C038,deposit,880.34,SELF,branch,US,normal
T03915,2026-08-06 11:55:00,C033,transfer,70.4,P9176,online,US,normal
T03916,2026-08-06 12:24:00,C040,deposit,518.76,SELF,branch,US,normal
T03917,2026-08-06 12:24:00,C002,payment,311.76,M360,card,US,normal
T03918,2026-08-06 12:34:00,C037,transfer,235.18,P3753,online,US,normal
T03919,2026-08-06 12:37:00,C002,payment,442.28,M273,card,US,normal
T03920,2026-08-06 12:40:00,C026,deposit,791.33,SELF,branch,US,normal
T03921,2026-08-06 12:51:00,C009,transfer,144.79,P4274,online,US,normal
T03922,2026-08-06 12:52:00,C009,transfer,123.09,P5200,online,US,normal
T03923,2026-08-06 13:00:00,C044,deposit,224.28,SELF,branch,US,normal
T03924,2026-08-06 13:11:00,C049,deposit,9739.91,SELF,branch,US,structuring
T03925,2026-08-06 13:26:00,C034,payment,116.37,M689,card,US,normal
T03926,2026-08-06 13:29:00,C012,payment,102.54,M333,card,US,normal
T03927,2026-08-06 13:43:00,C047,deposit,801.15,SELF,branch,US,normal
T03928,2026-08-06 13:47:00,C002,payment,169.96,M250,card,US,normal
T03929,2026-08-06 14:04:00,C046,deposit,244.45,SELF,branch,US,normal
T03930,2026-08-06 14:17:00,C013,withdrawal,238.55,SELF,atm,US,normal
T03931,2026-08-06 15:08:00,C023,payment,129.64,M353,card,US,normal
T03932,2026-08-06 15:38:00,C002,payment,470.19,M644,card,US,normal
T03933,2026-08-06 16:45:00,C027,deposit,414.51,SELF,branch,US,normal
T03934,2026-08-06 16:46:00,C002,deposit,759.01,SELF,branch,US,normal
T03935,2026-08-06 16:58:00,C037,payment,1800.0,M944,card,US,spending_spree
T03936,2026-08-06 17:05:00,C031,withdrawal,351.33,SELF,atm,US,normal
T03937,2026-08-06 17:29:00,C048,payment,255.05,M333,card,US,normal
T03938,2026-08-06 17:48:00,C049,payment,144.66,M902,card,US,normal
T03939,2026-08-06 17:55:00,C005,transfer,180.71,P8404,online,US,normal
T03940,2026-08-06 18:02:00,C046,transfer,50.74,P8043,online,US,normal
T03941,2026-08-06 18:03:00,C022,transfer,217.18,P8153,online,US,normal
T03942,2026-08-06 18:07:00,C037,deposit,453.04,SELF,branch,US,normal
T03943,2026-08-06 18:23:00,C016,payment,244.02,M273,card,US,normal
T03944,2026-08-06 18:34:00,C002,payment,217.4,M361,card,US,normal
T03945,2026-08-06 19:17:00,C002,payment,238.08,M505,card,US,normal
T03946,2026-08-06 19:17:00,C048,withdrawal,141.54,SELF,atm,US,normal
T03947,2026-08-06 19:19:00,C022,transfer,328.54,P1815,online,US,normal
T03948,2026-08-06 19:23:00,C013,deposit,297.59,SELF,branch,US,normal
T03949,2026-08-06 19:53:00,C018,payment,165.09,M808,card,US,normal
T03950,2026-08-06 19:56:00,C009,payment,87.71,M665,card,US,normal
T03951,2026-08-07 08:00:00,C046,payment,79.03,M977,card,US,normal
T03952,2026-08-07 08:07:00,C050,transfer,240.01,P1194,online,US,normal
T03953,2026-08-07 08:10:00,C017,payment,365.29,M615,card,US,normal
T03954,2026-08-07 08:28:00,C017,payment,322.65,M476,card,US,normal
T03955,2026-08-07 08:31:00,C036,withdrawal,198.3,SELF,atm,US,normal
T03956,2026-08-07 08:48:00,C026,deposit,522.69,SELF,branch,US,normal
T03957,2026-08-07 10:01:00,C024,payment,175.86,M755,card,US,normal
T03958,2026-08-07 10:04:00,C009,deposit,153.81,SELF,branch,US,normal
T03959,2026-08-07 10:22:00,C029,deposit,347.24,SELF,branch,US,normal
T03960,2026-08-07 10:47:00,C033,transfer,45.43,P9176,online,US,normal
T03961,2026-08-07 10:56:00,C009,payment,74.29,M662,card,US,normal
T03962,2026-08-07 11:17:00,C003,withdrawal,169.47,SELF,atm,US,normal
T03963,2026-08-07 11:25:00,C014,deposit,284.86,SELF,branch,US,normal
T03964,2026-08-07 11:28:00,C002,payment,310.25,M324,card,US,normal
T03965,2026-08-07 11:31:00,C030,deposit,335.16,SELF,branch,US,normal
T03966,2026-08-07 11:33:00,C042,payment,187.21,M852,card,US,normal
T03967,2026-08-07 11:38:00,C024,payment,476.98,M123,card,US,normal
T03968,2026-08-07 11:40:00,C004,payment,136.4,M967,card,US,normal
T03969,2026-08-07 11:44:00,C009,transfer,53.9,P4274,online,US,normal
T03970,2026-08-07 11:51:00,C016,payment,203.01,M261,card,US,normal
T03971,2026-08-07 12:00:00,C037,payment,1850.0,M876,card,US,spending_spree
T03972,2026-08-07 12:05:00,C050,deposit,341.74,SELF,branch,US,normal
T03973,2026-08-07 12:11:00,C039,transfer,154.43,P4888,online,US,normal
T03974,2026-08-07 12:21:00,C040,transfer,92.34,P6256,online,US,normal
T03975,2026-08-07 12:39:00,C027,payment,81.79,M876,card,US,normal
T03976,2026-08-07 12:43:00,C015,transfer,190.82,P8574,online,US,normal
T03977,2026-08-07 12:48:00,C039,payment,143.47,M659,card,US,normal
T03978,2026-08-07 13:08:00,C021,deposit,113.01,SELF,branch,US,normal
T03979,2026-08-07 13:21:00,C017,payment,269.07,M866,card,US,normal
T03980,2026-08-07 13:40:00,C049,withdrawal,153.18,SELF,atm,US,normal
T03981,2026-08-07 13:59:00,C043,transfer,124.13,P6288,online,US,normal
T03982,2026-08-07 15:15:00,C008,deposit,454.05,SELF,branch,US,normal
T03983,2026-08-07 15:38:00,C005,deposit,293.58,SELF,branch,US,normal
T03984,2026-08-07 15:45:00,C045,payment,67.49,M135,card,US,normal
T03985,2026-08-07 15:55:00,C031,payment,257.51,M214,card,US,normal
T03986,2026-08-07 16:03:00,C016,deposit,344.84,SELF,branch,US,normal
T03987,2026-08-07 16:18:00,C026,withdrawal,199.6,SELF,atm,US,normal
T03988,2026-08-07 16:45:00,C024,payment,167.9,M266,card,US,normal
T03989,2026-08-07 16:49:00,C002,transfer,149.17,P5737,online,US,normal
T03990,2026-08-07 16:57:00,C003,deposit,330.04,SELF,branch,US,normal
T03991,2026-08-07 17:01:00,C045,deposit,137.49,SELF,branch,US,normal
T03992,2026-08-07 17:21:00,C023,payment,129.59,M684,card,US,normal
T03993,2026-08-07 17:39:00,C022,payment,328.06,M196,card,US,normal
T03994,2026-08-07 17:44:00,C012,payment,63.04,M321,card,US,normal
T03995,2026-08-07 17:58:00,C003,payment,218.18,M302,card,US,normal
T03996,2026-08-07 17:58:00,C048,transfer,245.53,P2449,online,US,normal
T03997,2026-08-07 18:07:00,C050,payment,84.79,M545,card,US,normal
T03998,2026-08-07 18:17:00,C046,deposit,230.05,SELF,branch,US,normal
T03999,2026-08-07 18:33:00,C046,payment,81.84,M285,card,US,normal
T04000,2026-08-07 18:40:00,C038,payment,171.52,M146,card,US,normal
T04001,2026-08-07 19:12:00,C010,payment,225.46,M359,card,US,normal
T04002,2026-08-07 19:23:00,C022,transfer,534.97,P8153,online,US,normal
T04003,2026-08-07 19:26:00,C035,transfer,132.31,P8100,online,US,normal
T04004,2026-08-07 19:32:00,C017,payment,173.75,M228,card,US,normal
T04005,2026-08-07 19:33:00,C016,payment,104.36,M341,card,US,normal
T04006,2026-08-08 08:26:00,C036,payment,111.47,M869,card,US,normal
T04007,2026-08-08 08:31:00,C010,payment,144.25,M186,card,US,normal
T04008,2026-08-08 08:46:00,C011,transfer,1474.88,P9706,online,US,normal
T04009,2026-08-08 08:57:00,C036,payment,100.01,M560,card,US,normal
T04010,2026-08-08 09:05:00,C005,payment,234.01,M807,card,US,normal
T04011,2026-08-08 09:16:00,C050,payment,308.62,M402,card,US,normal
T04012,2026-08-08 09:43:00,C023,payment,71.95,M193,card,US,normal
T04013,2026-08-08 09:44:00,C007,deposit,356.67,SELF,branch,US,normal
T04014,2026-08-08 09:47:00,C018,transfer,200.87,P5243,online,US,normal
T04015,2026-08-08 09:50:00,C038,payment,219.06,M470,card,US,normal
T04016,2026-08-08 09:58:00,C044,transfer,82.15,P6228,online,US,normal
T04017,2026-08-08 10:16:00,C047,deposit,746.83,SELF,branch,US,normal
T04018,2026-08-08 10:29:00,C038,payment,211.85,M792,card,US,normal
T04019,2026-08-08 10:40:00,C017,payment,114.46,M597,card,US,normal
T04020,2026-08-08 10:49:00,C004,transfer,124.8,P9339,online,US,normal
T04021,2026-08-08 10:50:00,C034,deposit,172.21,SELF,branch,US,normal
T04022,2026-08-08 10:58:00,C042,transfer,455.99,P2693,online,US,normal
T04023,2026-08-08 11:03:00,C004,transfer,66.71,P4336,online,US,normal
T04024,2026-08-08 11:18:00,C010,payment,136.73,M605,card,US,normal
T04025,2026-08-08 11:20:00,C013,payment,82.26,M707,card,US,normal
T04026,2026-08-08 11:21:00,C027,payment,132.5,M336,card,US,normal
T04027,2026-08-08 11:38:00,C008,payment,130.07,M358,card,US,normal
T04028,2026-08-08 12:08:00,C015,withdrawal,146.36,SELF,atm,US,normal
T04029,2026-08-08 12:08:00,C050,payment,251.85,M239,card,US,normal
T04030,2026-08-08 12:26:00,C024,deposit,1602.22,SELF,branch,US,normal
T04031,2026-08-08 12:28:00,C013,payment,182.3,M814,card,US,normal
T04032,2026-08-08 12:31:00,C041,withdrawal,62.85,SELF,atm,US,normal
T04033,2026-08-08 12:35:00,C008,transfer,445.23,P4190,online,US,normal
T04034,2026-08-08 13:04:00,C049,payment,135.67,M408,card,US,normal
T04035,2026-08-08 13:11:00,C037,payment,281.2,M283,card,US,normal
T04036,2026-08-08 13:25:00,C042,payment,481.38,M188,card,US,normal
T04037,2026-08-08 13:42:00,C037,payment,1400.0,M418,card,US,spending_spree
T04038,2026-08-08 13:59:00,C001,payment,229.94,M274,card,US,normal
T04039,2026-08-08 14:09:00,C012,transfer,136.71,P5225,online,US,normal
T04040,2026-08-08 14:14:00,C009,payment,76.85,M424,card,US,normal
T04041,2026-08-08 14:24:00,C019,payment,104.71,M862,card,US,normal
T04042,2026-08-08 14:30:00,C030,payment,95.86,M936,card,US,normal
T04043,2026-08-08 14:37:00,C027,deposit,865.66,SELF,branch,US,normal
T04044,2026-08-08 15:19:00,C050,payment,37.09,M877,card,US,normal
T04045,2026-08-08 15:21:00,C026,transfer,243.39,P2136,online,US,normal
T04046,2026-08-08 15:35:00,C029,deposit,216.59,SELF,branch,US,normal
T04047,2026-08-08 15:45:00,C040,deposit,768.37,SELF,branch,US,normal
T04048,2026-08-08 15:47:00,C038,payment,165.94,M445,card,US,normal
T04049,2026-08-08 15:47:00,C028,transfer,180.09,P1810,online,US,normal
T04050,2026-08-08 15:48:00,C041,payment,145.93,M107,card,US,normal
T04051,2026-08-08 15:51:00,C046,transfer,142.7,P8043,online,US,normal
T04052,2026-08-08 16:15:00,C003,payment,84.93,M348,card,US,normal
T04053,2026-08-08 16:32:00,C027,withdrawal,179.79,SELF,atm,US,normal
T04054,2026-08-08 16:44:00,C019,transfer,119.38,P1335,online,US,normal
T04055,2026-08-08 16:55:00,C031,payment,128.37,M315,card,US,normal
T04056,2026-08-08 17:30:00,C021,payment,115.78,M905,card,US,normal
T04057,2026-08-08 17:39:00,C030,payment,329.06,M287,card,US,normal
T04058,2026-08-08 17:54:00,C013,transfer,98.95,P7177,online,US,normal
T04059,2026-08-08 17:57:00,C017,transfer,417.98,P8243,online,US,normal
T04060,2026-08-08 18:15:00,C017,payment,217.59,M471,card,US,normal
T04061,2026-08-08 19:15:00,C043,payment,187.98,M382,card,US,normal
T04062,2026-08-08 19:21:00,C012,transfer,101.87,P5225,online,US,normal
T04063,2026-08-08 19:21:00,C020,payment,509.02,M311,card,US,normal
T04064,2026-08-08 19:56:00,C004,transfer,85.64,P4336,online,US,normal
T04065,2026-08-08 19:58:00,C019,payment,112.83,M256,card,US,normal
T04066,2026-08-09 08:12:00,C003,transfer,66.09,P2152,online,US,normal
T04067,2026-08-09 08:41:00,C028,payment,42.06,M565,card,US,normal
T04068,2026-08-09 08:53:00,C042,payment,340.43,M532,card,US,normal
T04069,2026-08-09 08:57:00,C008,payment,91.45,M357,card,US,normal
T04070,2026-08-09 09:15:00,C004,withdrawal,97.31,SELF,atm,US,normal
T04071,2026-08-09 09:17:00,C045,payment,50.42,M373,card,US,normal
T04072,2026-08-09 09:34:00,C015,payment,374.46,M975,card,US,normal
T04073,2026-08-09 09:36:00,C042,payment,394.11,M557,card,US,normal
T04074,2026-08-09 10:07:00,C044,payment,113.16,M674,card,US,normal
T04075,2026-08-09 10:19:00,C030,transfer,248.08,P5460,online,US,normal
T04076,2026-08-09 10:37:00,C028,deposit,719.34,SELF,branch,US,normal
T04077,2026-08-09 10:44:00,C020,payment,384.97,M408,card,US,normal
T04078,2026-08-09 11:02:00,C040,payment,67.39,M939,card,US,normal
T04079,2026-08-09 11:27:00,C034,deposit,492.18,SELF,branch,US,normal
T04080,2026-08-09 11:36:00,C017,payment,179.42,M700,card,US,normal
T04081,2026-08-09 11:56:00,C015,payment,168.77,M952,card,US,normal
T04082,2026-08-09 12:14:00,C012,payment,44.62,M265,card,US,normal
T04083,2026-08-09 12:22:00,C038,payment,120.89,M709,card,US,normal
T04084,2026-08-09 12:39:00,C040,deposit,319.93,SELF,branch,US,normal
T04085,2026-08-09 12:43:00,C020,payment,484.3,M802,card,US,normal
T04086,2026-08-09 13:21:00,C006,payment,133.12,M130,card,US,normal
T04087,2026-08-09 13:43:00,C016,withdrawal,171.38,SELF,atm,US,normal
T04088,2026-08-09 13:45:00,C034,payment,112.57,M971,card,US,normal
T04089,2026-08-09 14:29:00,C006,deposit,431.1,SELF,branch,US,normal
T04090,2026-08-09 14:41:00,C020,payment,634.38,M210,card,US,normal
T04091,2026-08-09 15:00:00,C031,transfer,187.53,P3713,online,US,normal
T04092,2026-08-09 15:00:00,C002,transfer,358.64,P5737,online,US,normal
T04093,2026-08-09 15:22:00,C004,transfer,86.73,P4336,online,US,normal
T04094,2026-08-09 15:29:00,C027,payment,191.71,M938,card,US,normal
T04095,2026-08-09 15:33:00,C023,withdrawal,83.04,SELF,atm,US,normal
T04096,2026-08-09 15:42:00,C033,transfer,63.11,P4296,online,US,normal
T04097,2026-08-09 15:56:00,C007,payment,154.66,M181,card,US,normal
T04098,2026-08-09 16:00:00,C003,deposit,290.14,SELF,branch,US,normal
T04099,2026-08-09 16:01:00,C021,payment,66.74,M637,card,US,normal
T04100,2026-08-09 16:05:00,C029,payment,55.18,M352,card,US,normal
T04101,2026-08-09 16:30:00,C020,payment,331.27,M477,card,US,normal
T04102,2026-08-09 16:32:00,C005,transfer,122.18,P5908,online,US,normal
T04103,2026-08-09 16:47:00,C035,payment,128.09,M341,card,US,normal
T04104,2026-08-09 16:53:00,C017,payment,223.93,M447,card,US,normal
T04105,2026-08-09 17:11:00,C039,transfer,161.3,P4888,online,US,normal
T04106,2026-08-09 17:14:00,C019,payment,113.13,M325,card,US,normal
T04107,2026-08-09 17:19:00,C039,transfer,257.35,P6969,online,US,normal
T04108,2026-08-09 17:24:00,C024,transfer,238.88,P4676,online,US,normal
T04109,2026-08-09 18:01:00,C024,payment,230.2,M603,card,US,normal
T04110,2026-08-09 18:16:00,C019,transfer,124.33,P1335,online,US,normal
T04111,2026-08-09 18:38:00,C001,payment,128.04,M627,card,US,normal
T04112,2026-08-09 18:56:00,C027,payment,191.47,M217,card,US,normal
T04113,2026-08-09 19:14:00,C028,transfer,62.69,P1204,online,US,normal
T04114,2026-08-09 19:46:00,C037,payment,1750.0,M126,card,US,spending_spree
T04115,2026-08-09 19:58:00,C021,payment,33.22,M410,card,US,normal
T04116,2026-08-10 08:06:00,C006,payment,162.13,M388,card,US,normal
T04117,2026-08-10 08:17:00,C050,payment,106.37,M498,card,US,normal
T04118,2026-08-10 08:37:00,C050,deposit,622.84,SELF,branch,US,normal
T04119,2026-08-10 09:09:00,C015,payment,253.82,M804,card,US,normal
T04120,2026-08-10 09:13:00,C015,withdrawal,223.07,SELF,atm,US,normal
T04121,2026-08-10 09:13:00,C043,payment,106.48,M252,card,US,normal
T04122,2026-08-10 09:22:00,C003,payment,83.79,M286,card,US,normal
T04123,2026-08-10 09:36:00,C014,transfer,60.11,P9461,online,US,normal
T04124,2026-08-10 09:59:00,C030,payment,242.66,M949,card,US,normal
T04125,2026-08-10 10:03:00,C002,payment,333.61,M386,card,US,normal
T04126,2026-08-10 10:28:00,C004,deposit,198.19,SELF,branch,US,normal
T04127,2026-08-10 10:32:00,C037,payment,264.28,M388,card,US,normal
T04128,2026-08-10 10:32:00,C038,withdrawal,198.22,SELF,atm,US,normal
T04129,2026-08-10 10:42:00,C041,payment,92.63,M894,card,US,normal
T04130,2026-08-10 10:46:00,C037,payment,1650.0,M195,card,US,spending_spree
T04131,2026-08-10 10:49:00,C024,payment,262.17,M582,card,US,normal
T04132,2026-08-10 10:59:00,C014,transfer,70.32,P9461,online,US,normal
T04133,2026-08-10 10:59:00,C044,deposit,347.09,SELF,branch,US,normal
T04134,2026-08-10 11:27:00,C008,payment,167.34,M411,card,US,normal
T04135,2026-08-10 12:03:00,C027,payment,195.38,M226,card,US,normal
T04136,2026-08-10 12:18:00,C044,deposit,309.63,SELF,branch,US,normal
T04137,2026-08-10 12:20:00,C011,payment,529.07,M971,card,US,normal
T04138,2026-08-10 12:26:00,C003,payment,108.06,M607,card,US,normal
T04139,2026-08-10 12:32:00,C005,transfer,152.84,P4990,online,US,normal
T04140,2026-08-10 12:53:00,C030,payment,277.34,M566,card,US,normal
T04141,2026-08-10 12:55:00,C001,payment,236.41,M892,card,US,normal
T04142,2026-08-10 13:25:00,C014,deposit,398.75,SELF,branch,US,normal
T04143,2026-08-10 14:17:00,C045,transfer,112.09,P1205,online,US,normal
T04144,2026-08-10 14:21:00,C024,payment,187.08,M647,card,US,normal
T04145,2026-08-10 14:21:00,C010,transfer,407.24,P7146,online,US,normal
T04146,2026-08-10 14:45:00,C018,payment,258.84,M516,card,US,normal
T04147,2026-08-10 15:07:00,C001,transfer,157.59,P4949,online,US,normal
T04148,2026-08-10 15:24:00,C038,transfer,98.68,P2590,online,US,normal
T04149,2026-08-10 15:24:00,C035,payment,91.09,M578,card,US,normal
T04150,2026-08-10 16:00:00,C005,deposit,1238.34,SELF,branch,US,normal
T04151,2026-08-10 16:12:00,C023,payment,175.89,M633,card,US,normal
T04152,2026-08-10 16:16:00,C038,payment,379.08,M609,card,US,normal
T04153,2026-08-10 16:30:00,C038,withdrawal,145.09,SELF,atm,US,normal
T04154,2026-08-10 16:39:00,C018,payment,139.52,M901,card,US,normal
T04155,2026-08-10 16:51:00,C001,payment,200.62,M859,card,US,normal
T04156,2026-08-10 16:55:00,C028,transfer,81.15,P4008,online,US,normal
T04157,2026-08-10 17:01:00,C036,payment,125.61,M142,card,US,normal
T04158,2026-08-10 17:08:00,C041,payment,76.92,M857,card,US,normal
T04159,2026-08-10 17:24:00,C017,payment,146.07,M680,card,US,normal
T04160,2026-08-10 17:49:00,C008,transfer,82.46,P1611,online,US,normal
T04161,2026-08-10 17:50:00,C005,deposit,275.19,SELF,branch,US,normal
T04162,2026-08-10 18:27:00,C033,payment,95.89,M340,card,US,normal
T04163,2026-08-10 18:31:00,C028,payment,48.51,M649,card,US,normal
T04164,2026-08-10 18:39:00,C045,deposit,189.01,SELF,branch,US,normal
T04165,2026-08-10 18:56:00,C038,deposit,347.15,SELF,branch,US,normal
T04166,2026-08-10 19:03:00,C006,payment,113.37,M386,card,US,normal
T04167,2026-08-10 19:08:00,C048,payment,163.91,M362,card,US,normal
T04168,2026-08-10 19:10:00,C011,payment,500.2,M527,card,US,normal
T04169,2026-08-10 19:19:00,C002,deposit,1155.65,SELF,branch,US,normal
T04170,2026-08-10 19:20:00,C034,withdrawal,92.99,SELF,atm,US,normal
T04171,2026-08-10 19:28:00,C006,payment,98.15,M221,card,US,normal
T04172,2026-08-10 19:40:00,C007,transfer,162.4,P3490,online,US,normal
T04173,2026-08-10 19:42:00,C034,payment,166.69,M354,card,US,normal
T04174,2026-08-10 19:46:00,C012,transfer,92.19,P8160,online,US,normal
T04175,2026-08-11 08:07:00,C018,deposit,657.91,SELF,branch,US,normal
T04176,2026-08-11 08:14:00,C003,payment,176.29,M530,card,US,normal
T04177,2026-08-11 08:18:00,C040,payment,131.38,M749,card,US,normal
T04178,2026-08-11 08:23:00,C001,transfer,124.87,P8726,online,US,normal
T04179,2026-08-11 08:38:00,C034,transfer,104.74,P3392,online,US,normal
T04180,2026-08-11 08:53:00,C042,payment,148.26,M592,card,US,normal
T04181,2026-08-11 08:54:00,C008,withdrawal,58.77,SELF,atm,US,normal
T04182,2026-08-11 08:58:00,C006,payment,98.32,M393,card,US,normal
T04183,2026-08-11 09:16:00,C028,payment,158.91,M296,card,US,normal
T04184,2026-08-11 09:17:00,C041,payment,58.68,M669,card,US,normal
T04185,2026-08-11 09:36:00,C043,withdrawal,144.78,SELF,atm,US,normal
T04186,2026-08-11 09:40:00,C037,deposit,340.73,SELF,branch,US,normal
T04187,2026-08-11 10:12:00,C024,transfer,316.7,P9932,online,US,normal
T04188,2026-08-11 10:17:00,C017,payment,152.98,M464,card,US,normal
T04189,2026-08-11 10:21:00,C033,deposit,206.43,SELF,branch,US,normal
T04190,2026-08-11 10:24:00,C003,payment,90.74,M256,card,US,normal
T04191,2026-08-11 10:30:00,C027,deposit,555.75,SELF,branch,US,normal
T04192,2026-08-11 10:43:00,C047,payment,337.67,M642,card,US,normal
T04193,2026-08-11 10:51:00,C016,deposit,485.14,SELF,branch,US,normal
T04194,2026-08-11 10:54:00,C003,payment,173.26,M516,card,US,normal
T04195,2026-08-11 10:56:00,C035,payment,149.33,M901,card,US,normal
T04196,2026-08-11 10:58:00,C019,payment,121.01,M457,card,US,normal
T04197,2026-08-11 11:21:00,C013,transfer,80.81,P5280,online,US,normal
T04198,2026-08-11 11:29:00,C017,transfer,360.74,P8243,online,US,normal
T04199,2026-08-11 11:33:00,C041,payment,62.21,M645,card,US,normal
T04200,2026-08-11 11:35:00,C048,transfer,150.93,P2449,online,US,normal
T04201,2026-08-11 11:48:00,C045,payment,51.82,M265,card,US,normal
T04202,2026-08-11 11:58:00,C029,deposit,213.23,SELF,branch,US,normal
T04203,2026-08-11 11:59:00,C037,transfer,317.78,P7493,online,US,normal
T04204,2026-08-11 12:17:00,C023,withdrawal,128.75,SELF,atm,US,normal
T04205,2026-08-11 12:37:00,C029,withdrawal,74.44,SELF,atm,US,normal
T04206,2026-08-11 12:40:00,C045,payment,73.92,M709,card,US,normal
T04207,2026-08-11 12:42:00,C018,payment,162.51,M355,card,US,normal
T04208,2026-08-11 13:17:00,C034,payment,90.2,M190,card,US,normal
T04209,2026-08-11 13:33:00,C006,deposit,189.71,SELF,branch,US,normal
T04210,2026-08-11 13:45:00,C034,payment,110.64,M789,card,US,normal
T04211,2026-08-11 13:57:00,C036,transfer,104.33,P1867,online,US,normal
T04212,2026-08-11 14:02:00,C034,payment,158.89,M188,card,US,normal
T04213,2026-08-11 14:22:00,C016,payment,127.12,M619,card,US,normal
T04214,2026-08-11 14:56:00,C034,deposit,195.04,SELF,branch,US,normal
T04215,2026-08-11 14:57:00,C014,transfer,84.69,P9461,online,US,normal
T04216,2026-08-11 15:14:00,C017,deposit,656.95,SELF,branch,US,normal
T04217,2026-08-11 15:16:00,C044,payment,119.98,M970,card,US,normal
T04218,2026-08-11 15:20:00,C014,withdrawal,109.01,SELF,atm,US,normal
T04219,2026-08-11 15:22:00,C037,payment,1250.0,M208,card,US,spending_spree
T04220,2026-08-11 15:29:00,C045,payment,71.53,M224,card,US,normal
T04221,2026-08-11 15:32:00,C039,deposit,296.24,SELF,branch,US,normal
T04222,2026-08-11 15:38:00,C045,transfer,80.81,P1205,online,US,normal
T04223,2026-08-11 15:48:00,C009,payment,85.45,M615,card,US,normal
T04224,2026-08-11 16:04:00,C038,payment,235.27,M957,card,US,normal
T04225,2026-08-11 16:14:00,C031,payment,162.58,M719,card,US,normal
T04226,2026-08-11 16:40:00,C027,payment,151.7,M816,card,US,normal
T04227,2026-08-11 18:06:00,C006,payment,55.91,M939,card,US,normal
T04228,2026-08-11 18:34:00,C039,payment,275.48,M936,card,US,normal
T04229,2026-08-11 18:49:00,C002,deposit,455.15,SELF,branch,US,normal
T04230,2026-08-11 18:56:00,C033,deposit,263.5,SELF,branch,US,normal
T04231,2026-08-11 18:57:00,C034,deposit,216.57,SELF,branch,US,normal
T04232,2026-08-11 19:05:00,C003,deposit,470.29,SELF,branch,US,normal
T04233,2026-08-11 19:16:00,C007,payment,166.75,M195,card,US,normal
T04234,2026-08-11 19:36:00,C038,payment,211.6,M126,card,US,normal
T04235,2026-08-11 19:48:00,C029,payment,62.37,M389,card,US,normal
T04236,2026-08-12 08:24:00,C029,payment,118.11,M190,card,US,normal
T04237,2026-08-12 08:27:00,C009,transfer,104.49,P7838,online,US,normal
T04238,2026-08-12 08:36:00,C001,payment,239.51,M332,card,US,normal
T04239,2026-08-12 08:40:00,C050,payment,93.1,M436,card,US,normal
T04240,2026-08-12 08:56:00,C006,transfer,50.52,P8990,online,US,normal
T04241,2026-08-12 09:01:00,C003,payment,157.54,M347,card,US,normal
T04242,2026-08-12 09:06:00,C049,payment,164.23,M396,card,US,normal
T04243,2026-08-12 09:10:00,C016,payment,156.04,M632,card,US,normal
T04244,2026-08-12 09:20:00,C004,withdrawal,66.21,SELF,atm,US,normal
T04245,2026-08-12 09:27:00,C034,payment,138.66,M932,card,US,normal
T04246,2026-08-12 09:35:00,C001,payment,192.1,M933,card,US,normal
T04247,2026-08-12 09:40:00,C030,withdrawal,257.51,SELF,atm,US,normal
T04248,2026-08-12 09:45:00,C033,payment,71.81,M742,card,US,normal
T04249,2026-08-12 09:49:00,C035,deposit,412.22,SELF,branch,US,normal
T04250,2026-08-12 09:50:00,C008,transfer,153.31,P1611,online,US,normal
T04251,2026-08-12 09:53:00,C004,withdrawal,146.5,SELF,atm,US,normal
T04252,2026-08-12 10:05:00,C024,transfer,178.24,P4676,online,US,normal
T04253,2026-08-12 10:16:00,C022,payment,204.9,M468,card,US,normal
T04254,2026-08-12 10:24:00,C047,payment,243.52,M702,card,US,normal
T04255,2026-08-12 10:27:00,C006,payment,101.62,M171,card,US,normal
T04256,2026-08-12 10:29:00,C002,deposit,702.24,SELF,branch,US,normal
T04257,2026-08-12 10:43:00,C020,payment,519.15,M775,card,US,normal
T04258,2026-08-12 10:49:00,C039,payment,141.75,M941,card,US,normal
T04259,2026-08-12 11:38:00,C048,transfer,90.51,P2449,online,US,normal
T04260,2026-08-12 12:09:00,C049,payment,133.37,M638,card,US,normal
T04261,2026-08-12 12:09:00,C037,payment,510.26,M523,card,US,normal
T04262,2026-08-12 12:10:00,C015,payment,319.33,M994,card,US,normal
T04263,2026-08-12 12:18:00,C018,deposit,323.12,SELF,branch,US,normal
T04264,2026-08-12 12:24:00,C014,payment,131.6,M696,card,US,normal
T04265,2026-08-12 12:32:00,C011,payment,673.76,M462,card,US,normal
T04266,2026-08-12 12:43:00,C026,deposit,401.84,SELF,branch,US,normal
T04267,2026-08-12 13:01:00,C040,deposit,407.53,SELF,branch,US,normal
T04268,2026-08-12 13:04:00,C007,payment,213.91,M269,card,US,normal
T04269,2026-08-12 13:08:00,C031,transfer,216.54,P3148,online,US,normal
T04270,2026-08-12 13:37:00,C037,transfer,129.75,P2821,online,US,normal
T04271,2026-08-12 14:12:00,C021,deposit,100.76,SELF,branch,US,normal
T04272,2026-08-12 14:24:00,C014,payment,70.91,M431,card,US,normal
T04273,2026-08-12 14:30:00,C049,deposit,545.77,SELF,branch,US,normal
T04274,2026-08-12 14:32:00,C049,transfer,157.57,P9583,online,US,normal
T04275,2026-08-12 14:35:00,C013,payment,149.54,M140,card,US,normal
T04276,2026-08-12 14:40:00,C015,withdrawal,216.33,SELF,atm,US,normal
T04277,2026-08-12 14:43:00,C005,payment,232.16,M542,card,US,normal
T04278,2026-08-12 15:18:00,C014,payment,43.39,M369,card,US,normal
T04279,2026-08-12 15:22:00,C050,payment,160.57,M663,card,US,normal
T04280,2026-08-12 15:40:00,C011,deposit,2157.46,SELF,branch,US,normal
T04281,2026-08-12 15:42:00,C029,payment,41.57,M968,card,US,normal
T04282,2026-08-12 16:24:00,C004,payment,57.81,M382,card,US,normal
T04283,2026-08-12 16:33:00,C049,transfer,217.53,P5904,online,US,normal
T04284,2026-08-12 16:36:00,C042,payment,155.47,M407,card,US,normal
T04285,2026-08-12 16:50:00,C014,deposit,296.45,SELF,branch,US,normal
T04286,2026-08-12 17:00:00,C012,transfer,146.51,P8160,online,US,normal
T04287,2026-08-12 17:05:00,C027,deposit,377.15,SELF,branch,US,normal
T04288,2026-08-12 17:13:00,C023,payment,141.18,M645,card,US,normal
T04289,2026-08-12 17:17:00,C033,payment,86.17,M236,card,US,normal
T04290,2026-08-12 17:21:00,C044,payment,137.33,M655,card,US,normal
T04291,2026-08-12 17:35:00,C013,transfer,103.68,P5280,online,US,normal
T04292,2026-08-12 17:49:00,C028,deposit,343.34,SELF,branch,US,normal
T04293,2026-08-12 17:50:00,C020,payment,483.21,M599,card,US,normal
T04294,2026-08-12 18:05:00,C035,payment,97.99,M143,card,US,normal
T04295,2026-08-12 18:06:00,C026,transfer,165.76,P2136,online,US,normal
T04296,2026-08-12 18:08:00,C030,deposit,355.43,SELF,branch,US,normal
T04297,2026-08-12 18:34:00,C031,transfer,122.72,P3148,online,US,normal
T04298,2026-08-12 19:07:00,C048,transfer,317.86,P2449,online,US,normal
T04299,2026-08-12 19:10:00,C015,payment,166.84,M129,card,US,normal
T04300,2026-08-12 19:13:00,C035,deposit,406.92,SELF,branch,US,normal
T04301,2026-08-12 19:29:00,C037,payment,1800.0,M395,card,US,spending_spree
T04302,2026-08-13 08:00:00,C037,deposit,1493.77,SELF,branch,US,normal
T04303,2026-08-13 08:16:00,C019,transfer,109.64,P6118,online,US,normal
T04304,2026-08-13 08:31:00,C014,transfer,102.07,P7027,online,US,normal
T04305,2026-08-13 08:33:00,C042,payment,486.66,M203,card,US,normal
T04306,2026-08-13 08:38:00,C027,transfer,156.35,P4682,online,US,normal
T04307,2026-08-13 08:39:00,C008,deposit,558.51,SELF,branch,US,normal
T04308,2026-08-13 08:54:00,C044,transfer,90.55,P6228,online,US,normal
T04309,2026-08-13 08:56:00,C038,transfer,88.18,P8708,online,US,normal
T04310,2026-08-13 09:07:00,C023,payment,107.91,M202,card,US,normal
T04311,2026-08-13 09:11:00,C045,payment,111.54,M340,card,US,normal
T04312,2026-08-13 09:22:00,C040,transfer,98.5,P6256,online,US,normal
T04313,2026-08-13 09:28:00,C046,payment,98.35,M740,card,US,normal
T04314,2026-08-13 09:31:00,C040,deposit,483.07,SELF,branch,US,normal
T04315,2026-08-13 09:35:00,C021,payment,22.41,M919,card,US,normal
T04316,2026-08-13 10:30:00,C027,transfer,79.14,P6978,online,US,normal
T04317,2026-08-13 10:36:00,C028,deposit,300.04,SELF,branch,US,normal
T04318,2026-08-13 10:37:00,C027,payment,148.13,M934,card,US,normal
T04319,2026-08-13 10:49:00,C026,payment,160.09,M381,card,US,normal
T04320,2026-08-13 11:09:00,C002,deposit,1232.04,SELF,branch,US,normal
T04321,2026-08-13 11:44:00,C024,transfer,206.22,P9932,online,US,normal
T04322,2026-08-13 12:20:00,C021,payment,39.87,M459,card,US,normal
T04323,2026-08-13 12:32:00,C030,payment,270.84,M891,card,US,normal
T04324,2026-08-13 12:45:00,C026,deposit,904.59,SELF,branch,US,normal
T04325,2026-08-13 12:54:00,C006,deposit,171.77,SELF,branch,US,normal
T04326,2026-08-13 13:07:00,C023,deposit,303.58,SELF,branch,US,normal
T04327,2026-08-13 13:17:00,C047,transfer,252.96,P5379,online,US,normal
T04328,2026-08-13 13:31:00,C027,withdrawal,44.93,SELF,atm,US,normal
T04329,2026-08-13 13:46:00,C040,payment,152.41,M205,card,US,normal
T04330,2026-08-13 13:54:00,C011,transfer,383.14,P3932,online,US,normal
T04331,2026-08-13 14:04:00,C007,transfer,441.3,P3490,online,US,normal
T04332,2026-08-13 14:49:00,C043,payment,175.86,M574,card,US,normal
T04333,2026-08-13 15:01:00,C039,deposit,351.33,SELF,branch,US,normal
T04334,2026-08-13 15:10:00,C008,payment,290.31,M472,card,US,normal
T04335,2026-08-13 15:11:00,C010,deposit,379.91,SELF,branch,US,normal
T04336,2026-08-13 15:12:00,C033,payment,64.93,M295,card,US,normal
T04337,2026-08-13 15:18:00,C008,payment,137.64,M704,card,US,normal
T04338,2026-08-13 16:14:00,C028,transfer,65.04,P1955,online,US,normal
T04339,2026-08-13 16:27:00,C019,transfer,108.42,P2258,online,US,normal
T04340,2026-08-13 17:09:00,C050,payment,189.96,M132,card,US,normal
T04341,2026-08-13 17:17:00,C048,payment,152.88,M247,card,US,normal
T04342,2026-08-13 17:23:00,C013,payment,110.75,M905,card,US,normal
T04343,2026-08-13 18:07:00,C031,payment,98.8,M541,card,US,normal
T04344,2026-08-13 18:16:00,C017,deposit,547.02,SELF,branch,US,normal
T04345,2026-08-13 18:21:00,C034,payment,80.93,M840,card,US,normal
T04346,2026-08-13 18:32:00,C038,payment,134.65,M852,card,US,normal
T04347,2026-08-13 19:08:00,C037,payment,1550.0,M838,card,US,spending_spree
T04348,2026-08-13 19:15:00,C003,deposit,547.26,SELF,branch,US,normal
T04349,2026-08-13 19:40:00,C042,deposit,1482.44,SELF,branch,US,normal
T04350,2026-08-14 08:21:00,C010,withdrawal,211.63,SELF,atm,US,normal
T04351,2026-08-14 08:34:00,C018,transfer,212.17,P3493,online,US,normal
T04352,2026-08-14 08:34:00,C026,payment,200.23,M542,card,US,normal
T04353,2026-08-14 09:16:00,C046,payment,35.54,M107,card,US,normal
T04354,2026-08-14 09:52:00,C034,payment,88.34,M284,card,US,normal
T04355,2026-08-14 10:02:00,C036,payment,138.92,M777,card,US,normal
T04356,2026-08-14 10:02:00,C036,deposit,163.77,SELF,branch,US,normal
T04357,2026-08-14 10:17:00,C023,transfer,62.92,P4127,online,US,normal
T04358,2026-08-14 10:22:00,C048,withdrawal,202.83,SELF,atm,US,normal
T04359,2026-08-14 10:24:00,C041,withdrawal,84.88,SELF,atm,US,normal
T04360,2026-08-14 10:26:00,C028,withdrawal,146.39,SELF,atm,US,normal
T04361,2026-08-14 10:31:00,C027,deposit,377.52,SELF,branch,US,normal
T04362,2026-08-14 10:55:00,C009,transfer,80.1,P2751,online,US,normal
T04363,2026-08-14 11:05:00,C027,payment,104.06,M295,card,US,normal
T04364,2026-08-14 11:07:00,C029,deposit,186.62,SELF,branch,US,normal
T04365,2026-08-14 11:08:00,C017,deposit,565.61,SELF,branch,US,normal
T04366,2026-08-14 11:11:00,C009,payment,149.83,M320,card,US,normal
T04367,2026-08-14 11:27:00,C050,withdrawal,122.38,SELF,atm,US,normal
T04368,2026-08-14 11:34:00,C027,transfer,289.64,P4682,online,US,normal
T04369,2026-08-14 12:00:00,C043,deposit,333.99,SELF,branch,US,normal
T04370,2026-08-14 12:01:00,C044,transfer,106.98,P9906,online,US,normal
T04371,2026-08-14 12:20:00,C049,payment,347.23,M317,card,US,normal
T04372,2026-08-14 12:32:00,C046,withdrawal,61.13,SELF,atm,US,normal
T04373,2026-08-14 12:35:00,C019,deposit,328.34,SELF,branch,US,normal
T04374,2026-08-14 12:46:00,C014,transfer,107.53,P9461,online,US,normal
T04375,2026-08-14 13:34:00,C014,transfer,107.67,P9461,online,US,normal
T04376,2026-08-14 13:51:00,C002,payment,261.28,M178,card,US,normal
T04377,2026-08-14 14:44:00,C045,withdrawal,75.41,SELF,atm,US,normal
T04378,2026-08-14 14:47:00,C049,deposit,521.81,SELF,branch,US,normal
T04379,2026-08-14 15:01:00,C050,payment,112.36,M892,card,US,normal
T04380,2026-08-14 15:02:00,C004,deposit,326.97,SELF,branch,US,normal
T04381,2026-08-14 15:05:00,C027,transfer,142.67,P4657,online,US,normal
T04382,2026-08-14 15:17:00,C027,withdrawal,154.77,SELF,atm,US,normal
T04383,2026-08-14 15:39:00,C021,transfer,79.88,P6170,online,US,normal
T04384,2026-08-14 15:47:00,C040,payment,102.89,M146,card,US,normal
T04385,2026-08-14 15:53:00,C020,deposit,1370.23,SELF,branch,US,normal
T04386,2026-08-14 16:23:00,C017,transfer,163.87,P1066,online,US,normal
T04387,2026-08-14 16:30:00,C006,payment,29.51,M568,card,US,normal
T04388,2026-08-14 16:39:00,C050,payment,87.85,M631,card,US,normal
T04389,2026-08-14 17:01:00,C010,payment,331.62,M786,card,US,normal
T04390,2026-08-14 17:02:00,C019,payment,100.5,M580,card,US,normal
T04391,2026-08-14 17:10:00,C019,transfer,130.33,P1335,online,US,normal
T04392,2026-08-14 17:12:00,C021,transfer,37.09,P7884,online,US,normal
T04393,2026-08-14 17:25:00,C020,transfer,345.93,P5239,online,US,normal
T04394,2026-08-14 17:35:00,C034,payment,73.71,M606,card,US,normal
T04395,2026-08-14 17:36:00,C019,payment,82.93,M428,card,US,normal
T04396,2026-08-14 18:16:00,C029,deposit,151.71,SELF,branch,US,normal
T04397,2026-08-14 18:16:00,C009,payment,119.26,M408,card,US,normal
T04398,2026-08-14 18:21:00,C011,transfer,907.85,P9706,online,US,normal
T04399,2026-08-14 18:26:00,C040,payment,87.81,M210,card,US,normal
T04400,2026-08-14 18:34:00,C040,payment,274.52,M672,card,US,normal
T04401,2026-08-14 18:35:00,C020,deposit,1606.26,SELF,branch,US,normal
T04402,2026-08-14 18:39:00,C012,payment,208.49,M233,card,US,normal
T04403,2026-08-14 18:44:00,C044,transfer,72.65,P9906,online,US,normal
T04404,2026-08-14 18:46:00,C044,payment,109.71,M810,card,US,normal
T04405,2026-08-14 18:58:00,C001,transfer,10583.3,X1764,online,CY,large_new_foreign
T04406,2026-08-14 19:03:00,C031,transfer,98.95,P3713,online,US,normal
T04407,2026-08-14 19:20:00,C045,withdrawal,36.12,SELF,atm,US,normal
T04408,2026-08-14 19:22:00,C031,deposit,568.08,SELF,branch,US,normal
T04409,2026-08-14 19:23:00,C028,payment,51.58,M230,card,US,normal
T04410,2026-08-15 08:14:00,C003,withdrawal,252.02,SELF,atm,US,normal
T04411,2026-08-15 08:16:00,C040,deposit,524.83,SELF,branch,US,normal
T04412,2026-08-15 08:44:00,C033,payment,103.92,M708,card,US,normal
T04413,2026-08-15 08:56:00,C039,deposit,457.61,SELF,branch,US,normal
T04414,2026-08-15 09:15:00,C048,transfer,165.29,P2449,online,US,normal
T04415,2026-08-15 09:30:00,C010,payment,317.24,M339,card,US,normal
T04416,2026-08-15 09:50:00,C028,payment,241.68,M964,card,US,normal
T04417,2026-08-15 09:53:00,C006,payment,76.21,M572,card,US,normal
T04418,2026-08-15 10:08:00,C018,payment,87.36,M993,card,US,normal
T04419,2026-08-15 10:16:00,C029,withdrawal,204.82,SELF,atm,US,normal
T04420,2026-08-15 11:04:00,C030,deposit,1035.61,SELF,branch,US,normal
T04421,2026-08-15 11:15:00,C017,payment,269.1,M587,card,US,normal
T04422,2026-08-15 11:20:00,C041,payment,61.05,M942,card,US,normal
T04423,2026-08-15 11:21:00,C006,payment,38.11,M134,card,US,normal
T04424,2026-08-15 11:21:00,C031,withdrawal,100.71,SELF,atm,US,normal
T04425,2026-08-15 11:21:00,C027,withdrawal,308.48,SELF,atm,US,normal
T04426,2026-08-15 11:27:00,C021,deposit,174.51,SELF,branch,US,normal
T04427,2026-08-15 11:29:00,C022,transfer,197.4,P1815,online,US,normal
T04428,2026-08-15 11:31:00,C022,transfer,147.18,P1815,online,US,normal
T04429,2026-08-15 12:57:00,C042,withdrawal,626.79,SELF,atm,US,normal
T04430,2026-08-15 13:03:00,C022,payment,188.68,M398,card,US,normal
T04431,2026-08-15 13:10:00,C019,payment,94.12,M593,card,US,normal
T04432,2026-08-15 13:11:00,C026,transfer,462.21,P6956,online,US,normal
T04433,2026-08-15 13:24:00,C021,transfer,51.65,P7884,online,US,normal
T04434,2026-08-15 13:46:00,C018,payment,106.5,M317,card,US,normal
T04435,2026-08-15 14:01:00,C035,payment,123.63,M930,card,US,normal
T04436,2026-08-15 14:03:00,C011,transfer,650.7,P3932,online,US,normal
T04437,2026-08-15 14:13:00,C014,payment,107.09,M123,card,US,normal
T04438,2026-08-15 14:36:00,C041,transfer,85.46,P7816,online,US,normal
T04439,2026-08-15 14:51:00,C050,deposit,281.12,SELF,branch,US,normal
T04440,2026-08-15 15:09:00,C041,payment,165.61,M204,card,US,normal
T04441,2026-08-15 15:20:00,C030,payment,221.57,M717,card,US,normal
T04442,2026-08-15 15:58:00,C050,payment,77.24,M936,card,US,normal
T04443,2026-08-15 16:10:00,C006,transfer,178.02,P8990,online,US,normal
T04444,2026-08-15 16:14:00,C010,withdrawal,204.51,SELF,atm,US,normal
T04445,2026-08-15 16:26:00,C023,transfer,193.32,P4127,online,US,normal
T04446,2026-08-15 16:27:00,C001,withdrawal,158.43,SELF,atm,US,normal
T04447,2026-08-15 16:36:00,C015,payment,215.34,M823,card,US,normal
T04448,2026-08-15 16:50:00,C034,payment,174.93,M979,card,US,normal
T04449,2026-08-15 17:00:00,C010,payment,283.8,M243,card,US,normal
T04450,2026-08-15 17:00:00,C037,withdrawal,132.75,SELF,atm,US,normal
T04451,2026-08-15 17:09:00,C010,payment,224.99,M846,card,US,normal
T04452,2026-08-15 17:14:00,C043,withdrawal,218.96,SELF,atm,US,normal
T04453,2026-08-15 17:26:00,C001,payment,396.13,M879,card,US,normal
T04454,2026-08-15 17:27:00,C013,withdrawal,188.36,SELF,atm,US,normal
T04455,2026-08-15 17:39:00,C021,payment,65.06,M230,card,US,normal
T04456,2026-08-15 17:39:00,C010,payment,380.25,M105,card,US,normal
T04457,2026-08-15 17:51:00,C048,payment,344.9,M527,card,US,normal
T04458,2026-08-15 18:21:00,C033,payment,83.17,M222,card,US,normal
T04459,2026-08-15 18:30:00,C001,payment,161.07,M685,card,US,normal
T04460,2026-08-15 18:52:00,C003,payment,186.18,M862,card,US,normal
T04461,2026-08-15 19:27:00,C013,deposit,608.33,SELF,branch,US,normal
T04462,2026-08-15 19:28:00,C009,payment,96.09,M732,card,US,normal
T04463,2026-08-15 19:32:00,C023,deposit,391.98,SELF,branch,US,normal
T04464,2026-08-15 19:36:00,C031,withdrawal,124.51,SELF,atm,US,normal
T04465,2026-08-15 19:39:00,C046,payment,180.03,M160,card,US,normal
T04466,2026-08-15 19:53:00,C004,transfer,42.23,P9339,online,US,normal
T04467,2026-08-16 08:05:00,C045,payment,50.44,M141,card,US,normal
T04468,2026-08-16 08:22:00,C030,withdrawal,182.07,SELF,atm,US,normal
T04469,2026-08-16 08:24:00,C049,deposit,311.97,SELF,branch,US,normal
T04470,2026-08-16 08:34:00,C010,payment,186.41,M843,card,US,normal
T04471,2026-08-16 08:38:00,C008,withdrawal,123.65,SELF,atm,US,normal
T04472,2026-08-16 09:06:00,C030,deposit,361.37,SELF,branch,US,normal
T04473,2026-08-16 09:18:00,C006,transfer,51.46,P8990,online,US,normal
T04474,2026-08-16 09:25:00,C002,transfer,198.34,P1847,online,US,normal
T04475,2026-08-16 09:39:00,C041,transfer,152.3,P7816,online,US,normal
T04476,2026-08-16 09:46:00,C003,deposit,477.47,SELF,branch,US,normal
T04477,2026-08-16 09:48:00,C049,withdrawal,368.2,SELF,atm,US,normal
T04478,2026-08-16 10:06:00,C012,payment,144.1,M912,card,US,normal
T04479,2026-08-16 10:15:00,C023,payment,214.91,M702,card,US,normal
T04480,2026-08-16 10:37:00,C011,deposit,1727.81,SELF,branch,US,normal
T04481,2026-08-16 10:46:00,C017,payment,165.62,M132,card,US,normal
T04482,2026-08-16 11:02:00,C001,deposit,276.09,SELF,branch,US,normal
T04483,2026-08-16 11:12:00,C045,deposit,207.59,SELF,branch,US,normal
T04484,2026-08-16 11:45:00,C005,payment,80.8,M568,card,US,normal
T04485,2026-08-16 11:49:00,C002,payment,112.77,M796,card,US,normal
T04486,2026-08-16 11:58:00,C024,payment,245.46,M399,card,US,normal
T04487,2026-08-16 12:04:00,C001,payment,87.61,M317,card,US,normal
T04488,2026-08-16 12:07:00,C039,deposit,409.07,SELF,branch,US,normal
T04489,2026-08-16 12:09:00,C035,payment,74.33,M852,card,US,normal
T04490,2026-08-16 12:11:00,C047,payment,369.09,M512,card,US,normal
T04491,2026-08-16 12:18:00,C022,payment,170.11,M546,card,US,normal
T04492,2026-08-16 12:30:00,C022,transfer,299.19,P8153,online,US,normal
T04493,2026-08-16 12:35:00,C016,deposit,326.6,SELF,branch,US,normal
T04494,2026-08-16 12:45:00,C011,deposit,3607.34,SELF,branch,US,normal
T04495,2026-08-16 12:54:00,C014,deposit,309.19,SELF,branch,US,normal
T04496,2026-08-16 13:33:00,C037,transfer,142.33,P3753,online,US,normal
T04497,2026-08-16 13:50:00,C027,transfer,187.48,P4657,online,US,normal
T04498,2026-08-16 13:50:00,C045,transfer,71.86,P3652,online,US,normal
T04499,2026-08-16 14:09:00,C048,withdrawal,105.82,SELF,atm,US,normal
T04500,2026-08-16 14:20:00,C035,withdrawal,104.27,SELF,atm,US,normal
T04501,2026-08-16 14:31:00,C027,payment,226.86,M749,card,US,normal
T04502,2026-08-16 14:41:00,C027,payment,151.62,M559,card,US,normal
T04503,2026-08-16 14:46:00,C038,payment,102.67,M761,card,US,normal
T04504,2026-08-16 14:48:00,C001,payment,138.63,M813,card,US,normal
T04505,2026-08-16 15:10:00,C049,payment,133.2,M470,card,US,normal
T04506,2026-08-16 15:20:00,C017,withdrawal,220.98,SELF,atm,US,normal
T04507,2026-08-16 15:22:00,C008,payment,71.32,M200,card,US,normal
T04508,2026-08-16 15:24:00,C023,transfer,51.35,P4930,online,US,normal
T04509,2026-08-16 15:40:00,C042,payment,353.89,M414,card,US,normal
T04510,2026-08-16 16:01:00,C044,payment,138.45,M120,card,US,normal
T04511,2026-08-16 16:08:00,C026,payment,242.91,M847,card,US,normal
T04512,2026-08-16 16:33:00,C013,payment,177.71,M515,card,US,normal
T04513,2026-08-16 16:48:00,C033,transfer,64.52,P9176,online,US,normal
T04514,2026-08-16 17:08:00,C049,payment,446.03,M761,card,US,normal
T04515,2026-08-16 17:17:00,C027,payment,198.38,M133,card,US,normal
T04516,2026-08-16 17:17:00,C005,payment,199.36,M636,card,US,normal
T04517,2026-08-16 17:23:00,C043,payment,163.27,M433,card,US,normal
T04518,2026-08-16 17:32:00,C027,payment,145.43,M808,card,US,normal
T04519,2026-08-16 17:33:00,C014,deposit,321.34,SELF,branch,US,normal
T04520,2026-08-16 17:38:00,C009,payment,92.43,M335,card,US,normal
T04521,2026-08-16 18:04:00,C045,transfer,47.13,P1205,online,US,normal
T04522,2026-08-16 18:30:00,C015,deposit,421.15,SELF,branch,US,normal
T04523,2026-08-16 18:32:00,C004,payment,198.85,M772,card,US,normal
T04524,2026-08-16 18:59:00,C001,deposit,434.07,SELF,branch,US,normal
T04525,2026-08-16 19:11:00,C042,transfer,374.98,P3968,online,US,normal
T04526,2026-08-16 19:14:00,C037,transfer,313.19,P7493,online,US,normal
T04527,2026-08-16 19:25:00,C027,withdrawal,200.94,SELF,atm,US,normal
T04528,2026-08-16 19:47:00,C029,transfer,53.42,P7452,online,US,normal
T04529,2026-08-16 19:51:00,C041,deposit,202.21,SELF,branch,US,normal
T04530,2026-08-16 19:52:00,C016,deposit,406.43,SELF,branch,US,normal
T04531,2026-08-17 02:02:00,C014,transfer,251.71,N4146,online,US,velocity_burst
T04532,2026-08-17 02:07:00,C014,transfer,269.58,N1172,online,US,velocity_burst
T04533,2026-08-17 02:11:00,C014,transfer,211.13,N7811,online,US,velocity_burst
T04534,2026-08-17 02:14:00,C014,transfer,332.93,N7301,online,US,velocity_burst
T04535,2026-08-17 02:19:00,C014,transfer,239.69,N1534,online,US,velocity_burst
T04536,2026-08-17 02:21:00,C014,transfer,185.23,N4565,online,US,velocity_burst
T04537,2026-08-17 02:23:00,C014,transfer,332.24,N7696,online,US,velocity_burst
T04538,2026-08-17 02:26:00,C014,transfer,233.77,N5370,online,US,velocity_burst
T04539,2026-08-17 02:31:00,C014,transfer,324.6,N5362,online,US,velocity_burst
T04540,2026-08-17 02:34:00,C014,transfer,344.13,N3057,online,US,velocity_burst
T04541,2026-08-17 02:37:00,C014,transfer,228.27,N7738,online,US,velocity_burst
T04542,2026-08-17 02:42:00,C014,transfer,208.68,N9501,online,US,velocity_burst
T04543,2026-08-17 02:47:00,C014,transfer,291.99,N1769,online,US,velocity_burst
T04544,2026-08-17 08:31:00,C033,deposit,611.89,SELF,branch,US,normal
T04545,2026-08-17 08:46:00,C047,transfer,220.39,P7039,online,US,normal
T04546,2026-08-17 08:58:00,C027,payment,309.37,M755,card,US,normal
T04547,2026-08-17 08:58:00,C040,deposit,153.13,SELF,branch,US,normal
T04548,2026-08-17 09:24:00,C016,deposit,527.46,SELF,branch,US,normal
T04549,2026-08-17 09:28:00,C007,payment,323.13,M434,card,US,normal
T04550,2026-08-17 09:33:00,C046,payment,90.06,M454,card,US,normal
T04551,2026-08-17 09:47:00,C028,payment,97.44,M275,card,US,normal
T04552,2026-08-17 09:55:00,C001,payment,220.97,M431,card,US,normal
T04553,2026-08-17 09:57:00,C019,payment,95.74,M321,card,US,normal
T04554,2026-08-17 09:59:00,C033,payment,146.26,M768,card,US,normal
T04555,2026-08-17 10:00:00,C007,payment,154.6,M288,card,US,normal
T04556,2026-08-17 10:08:00,C027,payment,59.76,M263,card,US,normal
T04557,2026-08-17 10:10:00,C010,withdrawal,231.08,SELF,atm,US,normal
T04558,2026-08-17 10:21:00,C028,payment,77.63,M206,card,US,normal
T04559,2026-08-17 10:43:00,C034,payment,82.27,M801,card,US,normal
T04560,2026-08-17 10:46:00,C016,deposit,415.09,SELF,branch,US,normal
T04561,2026-08-17 11:09:00,C026,payment,127.57,M963,card,US,normal
T04562,2026-08-17 11:16:00,C012,transfer,73.87,P5225,online,US,normal
T04563,2026-08-17 11:29:00,C035,payment,107.91,M861,card,US,normal
T04564,2026-08-17 11:31:00,C038,payment,111.97,M375,card,US,normal
T04565,2026-08-17 11:51:00,C047,transfer,213.84,P7039,online,US,normal
T04566,2026-08-17 12:31:00,C026,deposit,472.72,SELF,branch,US,normal
T04567,2026-08-17 12:32:00,C002,deposit,755.54,SELF,branch,US,normal
T04568,2026-08-17 12:40:00,C039,withdrawal,146.61,SELF,atm,US,normal
T04569,2026-08-17 12:49:00,C031,transfer,142.53,P3148,online,US,normal
T04570,2026-08-17 12:59:00,C049,payment,252.74,M239,card,US,normal
T04571,2026-08-17 13:00:00,C006,transfer,99.02,P5990,online,US,normal
T04572,2026-08-17 13:06:00,C019,withdrawal,94.81,SELF,atm,US,normal
T04573,2026-08-17 13:38:00,C050,deposit,872.75,SELF,branch,US,normal
T04574,2026-08-17 13:39:00,C034,transfer,36.34,P9721,online,US,normal
T04575,2026-08-17 13:59:00,C047,transfer,156.56,P7039,online,US,normal
T04576,2026-08-17 14:01:00,C049,withdrawal,220.83,SELF,atm,US,normal
T04577,2026-08-17 14:21:00,C022,payment,202.93,M748,card,US,normal
T04578,2026-08-17 14:32:00,C020,payment,308.53,M424,card,US,normal
T04579,2026-08-17 14:35:00,C033,payment,48.03,M704,card,US,normal
T04580,2026-08-17 14:39:00,C029,payment,104.96,M905,card,US,normal
T04581,2026-08-17 14:51:00,C003,transfer,152.79,P5618,online,US,normal
T04582,2026-08-17 14:56:00,C041,payment,175.78,M281,card,US,normal
T04583,2026-08-17 14:58:00,C045,transfer,51.99,P3652,online,US,normal
T04584,2026-08-17 15:01:00,C050,payment,123.1,M189,card,US,normal
T04585,2026-08-17 15:07:00,C047,payment,501.35,M265,card,US,normal
T04586,2026-08-17 15:07:00,C020,payment,427.06,M298,card,US,normal
T04587,2026-08-17 15:10:00,C029,transfer,53.07,P9104,online,US,normal
T04588,2026-08-17 15:37:00,C018,payment,97.29,M504,card,US,normal
T04589,2026-08-17 16:00:00,C001,deposit,639.04,SELF,branch,US,normal
T04590,2026-08-17 16:44:00,C043,deposit,663.63,SELF,branch,US,normal
T04591,2026-08-17 16:55:00,C022,transfer,211.19,P8153,online,US,normal
T04592,2026-08-17 17:03:00,C012,withdrawal,60.95,SELF,atm,US,normal
T04593,2026-08-17 17:09:00,C003,transfer,88.97,P7456,online,US,normal
T04594,2026-08-17 17:40:00,C034,payment,50.47,M131,card,US,normal
T04595,2026-08-17 18:19:00,C019,payment,169.96,M377,card,US,normal
T04596,2026-08-17 18:26:00,C031,deposit,301.43,SELF,branch,US,normal
T04597,2026-08-17 18:29:00,C048,deposit,987.19,SELF,branch,US,normal
T04598,2026-08-17 18:57:00,C043,payment,237.1,M133,card,US,normal
T04599,2026-08-17 19:03:00,C019,transfer,187.02,P5549,online,US,normal
T04600,2026-08-17 19:10:00,C046,payment,40.21,M146,card,US,normal
T04601,2026-08-17 19:14:00,C003,payment,207.69,M773,card,US,normal
T04602,2026-08-17 19:44:00,C005,withdrawal,80.87,SELF,atm,US,normal
T04603,2026-08-17 19:45:00,C044,payment,93.73,M256,card,US,normal
T04604,2026-08-18 08:03:00,C041,payment,46.4,M923,card,US,normal
T04605,2026-08-18 08:13:00,C034,payment,122.56,M880,card,US,normal
T04606,2026-08-18 08:22:00,C030,withdrawal,236.24,SELF,atm,US,normal
T04607,2026-08-18 08:26:00,C040,payment,132.37,M284,card,US,normal
T04608,2026-08-18 08:40:00,C007,payment,136.75,M317,card,US,normal
T04609,2026-08-18 08:52:00,C043,transfer,170.12,P2576,online,US,normal
T04610,2026-08-18 09:02:00,C010,payment,287.22,M667,card,US,normal
T04611,2026-08-18 09:10:00,C007,payment,132.84,M185,card,US,normal
T04612,2026-08-18 09:12:00,C009,deposit,321.46,SELF,branch,US,normal
T04613,2026-08-18 09:13:00,C005,deposit,223.56,SELF,branch,US,normal
T04614,2026-08-18 09:19:00,C028,payment,118.12,M523,card,US,normal
T04615,2026-08-18 09:20:00,C014,transfer,71.56,P7027,online,US,normal
T04616,2026-08-18 09:27:00,C042,payment,383.06,M564,card,US,normal
T04617,2026-08-18 09:30:00,C015,transfer,190.03,P4916,online,US,normal
T04618,2026-08-18 09:34:00,C016,payment,230.02,M593,card,US,normal
T04619,2026-08-18 09:51:00,C049,payment,252.29,M480,card,US,normal
T04620,2026-08-18 10:00:00,C033,transfer,66.47,P4296,online,US,normal
T04621,2026-08-18 10:03:00,C007,payment,207.84,M609,card,US,normal
T04622,2026-08-18 10:06:00,C008,payment,160.61,M877,card,US,normal
T04623,2026-08-18 10:07:00,C020,payment,167.19,M248,card,US,normal
T04624,2026-08-18 10:29:00,C020,transfer,319.74,P7014,online,US,normal
T04625,2026-08-18 10:45:00,C013,payment,248.33,M222,card,US,normal
T04626,2026-08-18 10:51:00,C039,payment,270.65,M888,card,US,normal
T04627,2026-08-18 10:51:00,C001,payment,318.4,M878,card,US,normal
T04628,2026-08-18 10:52:00,C041,payment,121.89,M876,card,US,normal
T04629,2026-08-18 11:27:00,C039,payment,90.6,M906,card,US,normal
T04630,2026-08-18 11:43:00,C042,withdrawal,512.0,SELF,atm,US,normal
T04631,2026-08-18 12:07:00,C030,transfer,166.32,P7266,online,US,normal
T04632,2026-08-18 12:14:00,C019,withdrawal,95.98,SELF,atm,US,normal
T04633,2026-08-18 12:15:00,C003,deposit,412.02,SELF,branch,US,normal
T04634,2026-08-18 12:51:00,C015,deposit,818.86,SELF,branch,US,normal
T04635,2026-08-18 12:52:00,C046,payment,22.62,M582,card,US,normal
T04636,2026-08-18 13:13:00,C041,payment,104.22,M973,card,US,normal
T04637,2026-08-18 13:26:00,C043,payment,301.61,M348,card,US,normal
T04638,2026-08-18 13:39:00,C031,payment,111.13,M374,card,US,normal
T04639,2026-08-18 13:51:00,C015,payment,361.88,M862,card,US,normal
T04640,2026-08-18 13:57:00,C003,payment,187.18,M570,card,US,normal
T04641,2026-08-18 14:23:00,C008,deposit,234.61,SELF,branch,US,normal
T04642,2026-08-18 14:38:00,C016,payment,296.31,M610,card,US,normal
T04643,2026-08-18 14:41:00,C016,deposit,376.28,SELF,branch,US,normal
T04644,2026-08-18 14:52:00,C008,payment,114.08,M997,card,US,normal
T04645,2026-08-18 14:55:00,C012,payment,76.06,M131,card,US,normal
T04646,2026-08-18 15:41:00,C043,deposit,437.18,SELF,branch,US,normal
T04647,2026-08-18 15:45:00,C002,payment,209.99,M774,card,US,normal
T04648,2026-08-18 15:54:00,C036,deposit,232.74,SELF,branch,US,normal
T04649,2026-08-18 16:08:00,C030,payment,130.17,M665,card,US,normal
T04650,2026-08-18 16:14:00,C019,payment,101.63,M525,card,US,normal
T04651,2026-08-18 16:21:00,C026,payment,365.03,M801,card,US,normal
T04652,2026-08-18 16:27:00,C043,payment,158.91,M991,card,US,normal
T04653,2026-08-18 16:28:00,C045,withdrawal,124.41,SELF,atm,US,normal
T04654,2026-08-18 16:31:00,C001,payment,198.42,M336,card,US,normal
T04655,2026-08-18 16:31:00,C015,withdrawal,138.38,SELF,atm,US,normal
T04656,2026-08-18 16:40:00,C030,payment,435.82,M377,card,US,normal
T04657,2026-08-18 16:43:00,C040,payment,204.44,M540,card,US,normal
T04658,2026-08-18 16:43:00,C015,payment,483.85,M538,card,US,normal
T04659,2026-08-18 16:57:00,C016,withdrawal,156.98,SELF,atm,US,normal
T04660,2026-08-18 17:06:00,C039,deposit,632.82,SELF,branch,US,normal
T04661,2026-08-18 17:07:00,C029,payment,50.98,M275,card,US,normal
T04662,2026-08-18 17:15:00,C029,transfer,97.68,P7452,online,US,normal
T04663,2026-08-18 17:16:00,C044,transfer,58.01,P6228,online,US,normal
T04664,2026-08-18 18:26:00,C031,payment,103.52,M468,card,US,normal
T04665,2026-08-18 18:54:00,C041,withdrawal,73.81,SELF,atm,US,normal
T04666,2026-08-18 19:43:00,C009,transfer,63.82,P7838,online,US,normal
T04667,2026-08-18 19:51:00,C007,deposit,414.48,SELF,branch,US,normal
T04668,2026-08-19 02:04:00,C006,transfer,269.09,N5723,online,US,velocity_burst
T04669,2026-08-19 02:09:00,C006,transfer,276.05,N4617,online,US,velocity_burst
T04670,2026-08-19 02:12:00,C006,transfer,333.63,N6151,online,US,velocity_burst
T04671,2026-08-19 02:16:00,C006,transfer,276.19,N6146,online,US,velocity_burst
T04672,2026-08-19 02:20:00,C006,transfer,239.09,N4233,online,US,velocity_burst
T04673,2026-08-19 02:23:00,C006,transfer,211.92,N5501,online,US,velocity_burst
T04674,2026-08-19 02:28:00,C006,transfer,295.23,N8347,online,US,velocity_burst
T04675,2026-08-19 02:33:00,C006,transfer,233.51,N1907,online,US,velocity_burst
T04676,2026-08-19 02:38:00,C006,transfer,240.57,N8667,online,US,velocity_burst
T04677,2026-08-19 02:41:00,C006,transfer,347.53,N7910,online,US,velocity_burst
T04678,2026-08-19 02:45:00,C006,transfer,342.71,N4831,online,US,velocity_burst
T04679,2026-08-19 08:09:00,C041,payment,80.68,M658,card,US,normal
T04680,2026-08-19 08:14:00,C024,payment,190.68,M784,card,US,normal
T04681,2026-08-19 08:51:00,C041,deposit,173.27,SELF,branch,US,normal
T04682,2026-08-19 08:52:00,C021,payment,43.23,M798,card,US,normal
T04683,2026-08-19 09:17:00,C003,payment,160.37,M184,card,US,normal
T04684,2026-08-19 09:22:00,C031,payment,105.25,M796,card,US,normal
T04685,2026-08-19 09:27:00,C010,deposit,597.71,SELF,branch,US,normal
T04686,2026-08-19 09:45:00,C036,transfer,165.04,P1867,online,US,normal
T04687,2026-08-19 09:46:00,C036,payment,181.26,M712,card,US,normal
T04688,2026-08-19 09:56:00,C023,payment,169.46,M199,card,US,normal
T04689,2026-08-19 10:05:00,C023,payment,109.9,M561,card,US,normal
T04690,2026-08-19 10:09:00,C019,withdrawal,135.79,SELF,atm,US,normal
T04691,2026-08-19 10:11:00,C038,deposit,425.1,SELF,branch,US,normal
T04692,2026-08-19 11:03:00,C050,transfer,221.13,P1194,online,US,normal
T04693,2026-08-19 11:18:00,C004,payment,42.34,M726,card,US,normal
T04694,2026-08-19 12:07:00,C037,transfer,336.62,P7493,online,US,normal
T04695,2026-08-19 12:38:00,C005,deposit,583.42,SELF,branch,US,normal
T04696,2026-08-19 12:38:00,C047,payment,176.86,M809,card,US,normal
T04697,2026-08-19 12:41:00,C026,withdrawal,147.03,SELF,atm,US,normal
T04698,2026-08-19 12:43:00,C030,payment,198.54,M567,card,US,normal
T04699,2026-08-19 12:50:00,C021,withdrawal,80.66,SELF,atm,US,normal
T04700,2026-08-19 12:59:00,C037,payment,251.08,M567,card,US,normal
T04701,2026-08-19 13:07:00,C034,deposit,210.38,SELF,branch,US,normal
T04702,2026-08-19 14:16:00,C049,withdrawal,60.65,SELF,atm,US,normal
T04703,2026-08-19 14:20:00,C001,payment,67.88,M126,card,US,normal
T04704,2026-08-19 14:58:00,C020,payment,542.24,M103,card,US,normal
T04705,2026-08-19 15:00:00,C006,transfer,74.28,P8990,online,US,normal
T04706,2026-08-19 15:19:00,C036,payment,183.0,M313,card,US,normal
T04707,2026-08-19 15:38:00,C018,withdrawal,109.18,SELF,atm,US,normal
T04708,2026-08-19 15:58:00,C003,deposit,463.86,SELF,branch,US,normal
T04709,2026-08-19 16:03:00,C037,transfer,175.88,P7335,online,US,normal
T04710,2026-08-19 16:25:00,C048,deposit,295.9,SELF,branch,US,normal
T04711,2026-08-19 16:25:00,C043,transfer,104.06,P1930,online,US,normal
T04712,2026-08-19 16:35:00,C001,deposit,454.56,SELF,branch,US,normal
T04713,2026-08-19 16:40:00,C012,withdrawal,103.66,SELF,atm,US,normal
T04714,2026-08-19 16:45:00,C047,payment,297.19,M131,card,US,normal
T04715,2026-08-19 17:04:00,C046,payment,92.46,M314,card,US,normal
T04716,2026-08-19 17:58:00,C042,payment,397.37,M267,card,US,normal
T04717,2026-08-19 18:02:00,C050,deposit,9317.65,SELF,branch,US,structuring
T04718,2026-08-19 18:03:00,C018,payment,253.19,M413,card,US,normal
T04719,2026-08-19 18:03:00,C028,payment,61.98,M700,card,US,normal
T04720,2026-08-19 18:17:00,C048,payment,289.61,M866,card,US,normal
T04721,2026-08-19 18:33:00,C045,payment,41.66,M344,card,US,normal
T04722,2026-08-19 18:46:00,C047,payment,228.12,M232,card,US,normal
T04723,2026-08-19 18:46:00,C027,payment,137.07,M535,card,US,normal
T04724,2026-08-19 18:51:00,C033,payment,29.0,M980,card,US,normal
T04725,2026-08-19 19:11:00,C019,transfer,153.8,P1335,online,US,normal
T04726,2026-08-19 19:13:00,C003,transfer,328.99,P7456,online,US,normal
T04727,2026-08-19 19:14:00,C024,deposit,669.16,SELF,branch,US,normal
T04728,2026-08-19 19:28:00,C008,payment,221.73,M864,card,US,normal
T04729,2026-08-19 19:33:00,C017,payment,177.9,M122,card,US,normal
T04730,2026-08-19 19:46:00,C047,withdrawal,102.47,SELF,atm,US,normal
T04731,2026-08-20 08:18:00,C050,transfer,76.76,P3560,online,US,normal
T04732,2026-08-20 08:22:00,C004,transfer,82.88,P2642,online,US,normal
T04733,2026-08-20 08:37:00,C050,payment,73.26,M274,card,US,normal
T04734,2026-08-20 08:37:00,C047,payment,179.97,M248,card,US,normal
T04735,2026-08-20 08:40:00,C024,payment,300.08,M255,card,US,normal
T04736,2026-08-20 08:46:00,C031,payment,128.32,M556,card,US,normal
T04737,2026-08-20 09:32:00,C034,payment,119.5,M603,card,US,normal
T04738,2026-08-20 09:52:00,C011,deposit,2200.87,SELF,branch,US,normal
T04739,2026-08-20 10:00:00,C038,deposit,1107.45,SELF,branch,US,normal
T04740,2026-08-20 10:13:00,C050,deposit,9119.58,SELF,branch,US,structuring
T04741,2026-08-20 10:17:00,C028,payment,77.16,M285,card,US,normal
T04742,2026-08-20 10:36:00,C003,deposit,251.97,SELF,branch,US,normal
T04743,2026-08-20 11:01:00,C047,payment,177.1,M299,card,US,normal
T04744,2026-08-20 11:07:00,C011,payment,1061.42,M256,card,US,normal
T04745,2026-08-20 11:19:00,C027,transfer,117.63,P4682,online,US,normal
T04746,2026-08-20 11:36:00,C013,deposit,735.3,SELF,branch,US,normal
T04747,2026-08-20 13:00:00,C008,payment,88.54,M807,card,US,normal
T04748,2026-08-20 13:13:00,C044,transfer,140.56,P9906,online,US,normal
T04749,2026-08-20 13:16:00,C043,deposit,523.96,SELF,branch,US,normal
T04750,2026-08-20 13:26:00,C039,payment,219.93,M828,card,US,normal
T04751,2026-08-20 13:32:00,C014,payment,101.05,M132,card,US,normal
T04752,2026-08-20 13:40:00,C022,withdrawal,225.18,SELF,atm,US,normal
T04753,2026-08-20 13:48:00,C045,transfer,42.16,P3652,online,US,normal
T04754,2026-08-20 13:56:00,C044,transfer,180.09,P6228,online,US,normal
T04755,2026-08-20 14:05:00,C023,transfer,96.07,P4127,online,US,normal
T04756,2026-08-20 14:33:00,C049,payment,261.94,M520,card,US,normal
T04757,2026-08-20 14:41:00,C022,transfer,183.41,P8153,online,US,normal
T04758,2026-08-20 14:56:00,C006,payment,59.2,M967,card,US,normal
T04759,2026-08-20 15:15:00,C038,payment,268.65,M135,card,US,normal
T04760,2026-08-20 15:23:00,C047,payment,147.96,M660,card,US,normal
T04761,2026-08-20 15:24:00,C046,withdrawal,32.06,SELF,atm,US,normal
T04762,2026-08-20 15:33:00,C006,deposit,326.82,SELF,branch,US,normal
T04763,2026-08-20 15:36:00,C043,transfer,150.79,P1930,online,US,normal
T04764,2026-08-20 15:54:00,C014,payment,122.31,M556,card,US,normal
T04765,2026-08-20 15:56:00,C010,transfer,141.45,P2388,online,US,normal
T04766,2026-08-20 16:05:00,C001,deposit,342.44,SELF,branch,US,normal
T04767,2026-08-20 16:11:00,C019,transfer,146.3,P6118,online,US,normal
T04768,2026-08-20 16:18:00,C047,payment,240.29,M464,card,US,normal
T04769,2026-08-20 16:18:00,C020,transfer,331.11,P6889,online,US,normal
T04770,2026-08-20 16:21:00,C049,transfer,209.73,P5904,online,US,normal
T04771,2026-08-20 16:22:00,C037,withdrawal,174.2,SELF,atm,US,normal
T04772,2026-08-20 16:26:00,C038,payment,288.44,M366,card,US,normal
T04773,2026-08-20 16:35:00,C039,payment,121.38,M742,card,US,normal
T04774,2026-08-20 17:16:00,C022,payment,224.54,M852,card,US,normal
T04775,2026-08-20 17:22:00,C005,payment,192.86,M270,card,US,normal
T04776,2026-08-20 17:23:00,C031,transfer,163.1,P3713,online,US,normal
T04777,2026-08-20 17:25:00,C011,payment,1047.94,M920,card,US,normal
T04778,2026-08-20 17:26:00,C019,deposit,239.78,SELF,branch,US,normal
T04779,2026-08-20 17:28:00,C038,payment,293.93,M236,card,US,normal
T04780,2026-08-20 17:35:00,C008,deposit,662.3,SELF,branch,US,normal
T04781,2026-08-20 17:54:00,C023,payment,68.52,M135,card,US,normal
T04782,2026-08-20 18:08:00,C006,payment,82.66,M949,card,US,normal
T04783,2026-08-20 18:11:00,C008,payment,100.97,M217,card,US,normal
T04784,2026-08-20 18:27:00,C011,payment,862.42,M430,card,US,normal
T04785,2026-08-20 19:12:00,C011,payment,1181.98,M610,card,US,normal
T04786,2026-08-20 19:16:00,C012,transfer,57.01,P5225,online,US,normal
T04787,2026-08-20 19:27:00,C037,transfer,208.83,P7335,online,US,normal
T04788,2026-08-20 19:50:00,C013,transfer,246.99,P7177,online,US,normal
T04789,2026-08-21 08:06:00,C033,deposit,337.32,SELF,branch,US,normal
T04790,2026-08-21 08:23:00,C038,payment,167.6,M366,card,US,normal
T04791,2026-08-21 08:32:00,C047,transfer,239.01,P7039,online,US,normal
T04792,2026-08-21 08:36:00,C031,payment,87.74,M478,card,US,normal
T04793,2026-08-21 09:27:00,C044,transfer,49.51,P6228,online,US,normal
T04794,2026-08-21 11:15:00,C019,payment,178.17,M942,card,US,normal
T04795,2026-08-21 11:32:00,C013,payment,140.52,M580,card,US,normal
T04796,2026-08-21 11:44:00,C008,deposit,281.73,SELF,branch,US,normal
T04797,2026-08-21 11:47:00,C028,payment,179.07,M359,card,US,normal
T04798,2026-08-21 12:03:00,C004,withdrawal,105.98,SELF,atm,US,normal
T04799,2026-08-21 12:04:00,C026,payment,131.59,M681,card,US,normal
T04800,2026-08-21 12:09:00,C050,deposit,9743.64,SELF,branch,US,structuring
T04801,2026-08-21 12:17:00,C017,payment,308.1,M923,card,US,normal
T04802,2026-08-21 12:26:00,C013,payment,85.02,M620,card,US,normal
T04803,2026-08-21 12:27:00,C029,payment,109.12,M685,card,US,normal
T04804,2026-08-21 12:40:00,C043,deposit,619.31,SELF,branch,US,normal
T04805,2026-08-21 12:57:00,C050,payment,89.38,M917,card,US,normal
T04806,2026-08-21 13:09:00,C028,withdrawal,153.94,SELF,atm,US,normal
T04807,2026-08-21 13:20:00,C026,deposit,514.51,SELF,branch,US,normal
T04808,2026-08-21 13:29:00,C013,deposit,336.68,SELF,branch,US,normal
T04809,2026-08-21 13:34:00,C036,payment,77.16,M554,card,US,normal
T04810,2026-08-21 13:51:00,C008,payment,125.84,M680,card,US,normal
T04811,2026-08-21 14:02:00,C007,payment,286.09,M545,card,US,normal
T04812,2026-08-21 14:05:00,C040,deposit,690.16,SELF,branch,US,normal
T04813,2026-08-21 14:26:00,C026,withdrawal,128.77,SELF,atm,US,normal
T04814,2026-08-21 14:36:00,C047,payment,286.06,M871,card,US,normal
T04815,2026-08-21 14:36:00,C003,payment,106.33,M387,card,US,normal
T04816,2026-08-21 15:17:00,C001,deposit,1215.02,SELF,branch,US,normal
T04817,2026-08-21 15:50:00,C014,payment,74.32,M870,card,US,normal
T04818,2026-08-21 15:51:00,C006,payment,78.19,M529,card,US,normal
T04819,2026-08-21 15:56:00,C047,payment,142.21,M251,card,US,normal
T04820,2026-08-21 16:03:00,C042,withdrawal,393.5,SELF,atm,US,normal
T04821,2026-08-21 16:11:00,C024,payment,160.14,M906,card,US,normal
T04822,2026-08-21 16:13:00,C028,payment,55.0,M512,card,US,normal
T04823,2026-08-21 16:14:00,C045,payment,61.94,M444,card,US,normal
T04824,2026-08-21 16:44:00,C046,payment,49.58,M339,card,US,normal
T04825,2026-08-21 16:52:00,C042,transfer,209.58,P2693,online,US,normal
T04826,2026-08-21 16:52:00,C041,payment,155.98,M748,card,US,normal
T04827,2026-08-21 17:03:00,C045,transfer,75.42,P3652,online,US,normal
T04828,2026-08-21 17:09:00,C012,deposit,220.45,SELF,branch,US,normal
T04829,2026-08-21 17:23:00,C011,deposit,1508.31,SELF,branch,US,normal
T04830,2026-08-21 17:24:00,C015,payment,122.33,M512,card,US,normal
T04831,2026-08-21 17:26:00,C014,transfer,106.79,P9461,online,US,normal
T04832,2026-08-21 17:45:00,C028,payment,80.65,M393,card,US,normal
T04833,2026-08-21 17:51:00,C003,payment,207.01,M545,card,US,normal
T04834,2026-08-21 17:52:00,C023,payment,89.13,M993,card,US,normal
T04835,2026-08-21 17:56:00,C022,payment,212.65,M884,card,US,normal
T04836,2026-08-21 17:57:00,C030,payment,189.38,M356,card,US,normal
T04837,2026-08-21 18:04:00,C006,deposit,418.7,SELF,branch,US,normal
T04838,2026-08-21 18:13:00,C005,payment,188.68,M489,card,US,normal
T04839,2026-08-21 19:03:00,C026,transfer,154.8,P6012,online,US,normal
T04840,2026-08-21 19:03:00,C013,transfer,88.83,P7177,online,US,normal
T04841,2026-08-21 19:06:00,C015,payment,310.85,M950,card,US,normal
T04842,2026-08-21 19:22:00,C009,transfer,129.84,P4274,online,US,normal
T04843,2026-08-21 19:25:00,C035,deposit,467.22,SELF,branch,US,normal
T04844,2026-08-21 19:28:00,C031,payment,259.84,M833,card,US,normal
T04845,2026-08-21 19:48:00,C004,payment,122.04,M584,card,US,normal
T04846,2026-08-22 08:03:00,C006,transfer,77.1,P8990,online,US,normal
T04847,2026-08-22 08:52:00,C035,deposit,568.9,SELF,branch,US,normal
T04848,2026-08-22 09:02:00,C008,deposit,541.22,SELF,branch,US,normal
T04849,2026-08-22 09:27:00,C012,deposit,587.62,SELF,branch,US,normal
T04850,2026-08-22 09:28:00,C045,payment,48.17,M982,card,US,normal
T04851,2026-08-22 09:32:00,C006,payment,75.6,M996,card,US,normal
T04852,2026-08-22 09:41:00,C033,payment,103.84,M189,card,US,normal
T04853,2026-08-22 10:08:00,C016,withdrawal,206.63,SELF,atm,US,normal
T04854,2026-08-22 10:11:00,C009,transfer,74.27,P7838,online,US,normal
T04855,2026-08-22 10:13:00,C036,withdrawal,130.65,SELF,atm,US,normal
T04856,2026-08-22 10:54:00,C037,withdrawal,421.09,SELF,atm,US,normal
T04857,2026-08-22 11:10:00,C033,transfer,39.71,P4296,online,US,normal
T04858,2026-08-22 11:13:00,C034,payment,69.3,M965,card,US,normal
T04859,2026-08-22 11:23:00,C042,payment,218.23,M495,card,US,normal
T04860,2026-08-22 11:35:00,C024,payment,205.93,M732,card,US,normal
T04861,2026-08-22 11:51:00,C040,deposit,281.99,SELF,branch,US,normal
T04862,2026-08-22 12:08:00,C047,deposit,917.41,SELF,branch,US,normal
T04863,2026-08-22 12:21:00,C046,payment,29.88,M546,card,US,normal
T04864,2026-08-22 12:29:00,C001,transfer,89.17,P4949,online,US,normal
T04865,2026-08-22 12:36:00,C017,withdrawal,217.84,SELF,atm,US,normal
T04866,2026-08-22 12:40:00,C014,withdrawal,89.99,SELF,atm,US,normal
T04867,2026-08-22 13:00:00,C037,transfer,205.76,P7335,online,US,normal
T04868,2026-08-22 13:05:00,C050,deposit,9652.37,SELF,branch,US,structuring
T04869,2026-08-22 13:07:00,C042,transfer,176.73,P3968,online,US,normal
T04870,2026-08-22 13:28:00,C039,payment,138.16,M376,card,US,normal
T04871,2026-08-22 13:36:00,C038,payment,308.4,M148,card,US,normal
T04872,2026-08-22 13:50:00,C042,deposit,881.95,SELF,branch,US,normal
T04873,2026-08-22 13:54:00,C007,payment,164.77,M299,card,US,normal
T04874,2026-08-22 14:11:00,C046,payment,76.6,M579,card,US,normal
T04875,2026-08-22 14:39:00,C010,payment,208.04,M572,card,US,normal
T04876,2026-08-22 14:50:00,C014,payment,31.99,M508,card,US,normal
T04877,2026-08-22 14:53:00,C045,deposit,136.73,SELF,branch,US,normal
T04878,2026-08-22 15:13:00,C024,deposit,550.66,SELF,branch,US,normal
T04879,2026-08-22 15:13:00,C006,payment,107.73,M559,card,US,normal
T04880,2026-08-22 15:15:00,C021,deposit,94.33,SELF,branch,US,normal
T04881,2026-08-22 15:32:00,C031,withdrawal,210.77,SELF,atm,US,normal
T04882,2026-08-22 15:49:00,C019,payment,104.59,M940,card,US,normal
T04883,2026-08-22 16:08:00,C015,payment,418.68,M993,card,US,normal
T04884,2026-08-22 16:17:00,C028,payment,174.06,M996,card,US,normal
T04885,2026-08-22 16:35:00,C009,payment,157.12,M855,card,US,normal
T04886,2026-08-22 16:36:00,C027,withdrawal,301.6,SELF,atm,US,normal
T04887,2026-08-22 16:53:00,C007,payment,344.85,M391,card,US,normal
T04888,2026-08-22 16:53:00,C021,payment,38.01,M988,card,US,normal
T04889,2026-08-22 17:47:00,C016,deposit,1014.84,SELF,branch,US,normal
T04890,2026-08-22 18:04:00,C009,payment,110.51,M864,card,US,normal
T04891,2026-08-22 18:22:00,C026,transfer,178.21,P6956,online,US,normal
T04892,2026-08-22 18:26:00,C013,payment,127.55,M929,card,US,normal
T04893,2026-08-22 18:30:00,C006,transfer,89.3,P5990,online,US,normal
T04894,2026-08-22 18:38:00,C036,withdrawal,227.38,SELF,atm,US,normal
T04895,2026-08-22 19:10:00,C043,deposit,519.97,SELF,branch,US,normal
T04896,2026-08-22 19:18:00,C031,transfer,168.66,P3148,online,US,normal
T04897,2026-08-22 19:28:00,C029,payment,117.21,M559,card,US,normal
T04898,2026-08-22 19:32:00,C017,deposit,1714.41,SELF,branch,US,normal
T04899,2026-08-22 19:33:00,C008,transfer,88.9,P9735,online,US,normal
T04900,2026-08-22 19:35:00,C012,payment,54.87,M575,card,US,normal
T04901,2026-08-22 19:58:00,C013,payment,167.32,M892,card,US,normal
T04902,2026-08-22 19:59:00,C038,payment,290.11,M549,card,US,normal
T04903,2026-08-23 08:00:00,C024,transfer,155.07,P9932,online,US,normal
T04904,2026-08-23 08:09:00,C048,payment,320.51,M135,card,US,normal
T04905,2026-08-23 08:24:00,C030,deposit,994.39,SELF,branch,US,normal
T04906,2026-08-23 08:24:00,C034,withdrawal,98.04,SELF,atm,US,normal
T04907,2026-08-23 08:57:00,C026,transfer,118.39,P6956,online,US,normal
T04908,2026-08-23 09:03:00,C007,transfer,222.59,P6684,online,US,normal
T04909,2026-08-23 09:10:00,C043,payment,179.52,M654,card,US,normal
T04910,2026-08-23 09:14:00,C009,deposit,385.33,SELF,branch,US,normal
T04911,2026-08-23 09:24:00,C039,payment,223.16,M643,card,US,normal
T04912,2026-08-23 09:31:00,C021,payment,66.24,M552,card,US,normal
T04913,2026-08-23 09:33:00,C018,deposit,1061.14,SELF,branch,US,normal
T04914,2026-08-23 09:34:00,C029,payment,158.44,M861,card,US,normal
T04915,2026-08-23 10:20:00,C043,payment,168.99,M825,card,US,normal
T04916,2026-08-23 10:21:00,C007,withdrawal,258.35,SELF,atm,US,normal
T04917,2026-08-23 10:23:00,C022,payment,103.49,M454,card,US,normal
T04918,2026-08-23 10:25:00,C019,transfer,64.56,P6118,online,US,normal
T04919,2026-08-23 10:46:00,C045,withdrawal,51.53,SELF,atm,US,normal
T04920,2026-08-23 11:06:00,C049,payment,122.25,M830,card,US,normal
T04921,2026-08-23 11:12:00,C003,deposit,516.3,SELF,branch,US,normal
T04922,2026-08-23 11:15:00,C014,deposit,269.36,SELF,branch,US,normal
T04923,2026-08-23 11:28:00,C031,payment,401.15,M375,card,US,normal
T04924,2026-08-23 11:38:00,C013,payment,121.28,M994,card,US,normal
T04925,2026-08-23 11:41:00,C012,transfer,84.71,P5225,online,US,normal
T04926,2026-08-23 11:52:00,C046,payment,68.72,M404,card,US,normal
T04927,2026-08-23 11:57:00,C046,payment,28.08,M189,card,US,normal
T04928,2026-08-23 11:58:00,C024,withdrawal,134.08,SELF,atm,US,normal
T04929,2026-08-23 12:09:00,C006,transfer,98.21,P8990,online,US,normal
T04930,2026-08-23 12:11:00,C002,transfer,344.97,P5737,online,US,normal
T04931,2026-08-23 12:12:00,C001,payment,114.59,M922,card,US,normal
T04932,2026-08-23 12:28:00,C018,payment,64.0,M378,card,US,normal
T04933,2026-08-23 12:47:00,C036,deposit,409.27,SELF,branch,US,normal
T04934,2026-08-23 12:54:00,C039,payment,120.55,M971,card,US,normal
T04935,2026-08-23 13:00:00,C050,transfer,107.13,P3560,online,US,normal
T04936,2026-08-23 13:01:00,C018,payment,274.33,M963,card,US,normal
T04937,2026-08-23 13:04:00,C004,deposit,256.61,SELF,branch,US,normal
T04938,2026-08-23 13:16:00,C029,transfer,108.23,P7452,online,US,normal
T04939,2026-08-23 13:17:00,C049,payment,237.94,M239,card,US,normal
T04940,2026-08-23 13:25:00,C026,deposit,492.21,SELF,branch,US,normal
T04941,2026-08-23 13:28:00,C048,payment,162.13,M422,card,US,normal
T04942,2026-08-23 13:31:00,C039,payment,119.92,M406,card,US,normal
T04943,2026-08-23 13:33:00,C007,transfer,18229.37,X8649,online,PA,large_new_foreign
T04944,2026-08-23 13:37:00,C041,payment,63.76,M396,card,US,normal
T04945,2026-08-23 13:38:00,C038,transfer,187.05,P2590,online,US,normal
T04946,2026-08-23 13:54:00,C037,withdrawal,138.81,SELF,atm,US,normal
T04947,2026-08-23 14:06:00,C008,transfer,73.07,P9735,online,US,normal
T04948,2026-08-23 14:22:00,C007,payment,412.36,M453,card,US,normal
T04949,2026-08-23 14:45:00,C007,deposit,342.98,SELF,branch,US,normal
T04950,2026-08-23 14:51:00,C003,deposit,451.79,SELF,branch,US,normal
T04951,2026-08-23 14:57:00,C021,deposit,256.92,SELF,branch,US,normal
T04952,2026-08-23 15:13:00,C035,payment,81.29,M620,card,US,normal
T04953,2026-08-23 15:14:00,C028,deposit,301.79,SELF,branch,US,normal
T04954,2026-08-23 15:21:00,C012,transfer,82.44,P5225,online,US,normal
T04955,2026-08-23 15:22:00,C018,payment,266.74,M401,card,US,normal
T04956,2026-08-23 16:12:00,C034,payment,107.5,M339,card,US,normal
T04957,2026-08-23 16:25:00,C022,payment,199.14,M122,card,US,normal
T04958,2026-08-23 16:33:00,C048,transfer,105.4,P5879,online,US,normal
T04959,2026-08-23 17:09:00,C050,payment,43.59,M493,card,US,normal
T04960,2026-08-23 17:22:00,C034,payment,135.16,M763,card,US,normal
T04961,2026-08-23 17:24:00,C005,payment,122.6,M380,card,US,normal
T04962,2026-08-23 17:31:00,C039,transfer,158.63,P7474,online,US,normal
T04963,2026-08-23 17:52:00,C019,payment,89.0,M301,card,US,normal
T04964,2026-08-23 18:16:00,C046,transfer,53.73,P5203,online,US,normal
T04965,2026-08-23 18:16:00,C027,transfer,107.94,P4761,online,US,normal
T04966,2026-08-23 18:27:00,C002,withdrawal,97.9,SELF,atm,US,normal
T04967,2026-08-23 19:17:00,C002,payment,225.66,M272,card,US,normal
T04968,2026-08-23 19:20:00,C045,deposit,132.28,SELF,branch,US,normal
T04969,2026-08-23 19:40:00,C043,payment,196.75,M755,card,US,normal
T04970,2026-08-23 19:57:00,C024,transfer,215.56,P4676,online,US,normal
T04971,2026-08-24 08:00:00,C048,payment,125.55,M444,card,US,normal
T04972,2026-08-24 08:15:00,C019,payment,90.3,M166,card,US,normal
T04973,2026-08-24 08:15:00,C036,deposit,479.57,SELF,branch,US,normal
T04974,2026-08-24 08:27:00,C019,payment,81.54,M654,card,US,normal
T04975,2026-08-24 09:20:00,C020,payment,697.5,M230,card,US,normal
T04976,2026-08-24 09:21:00,C018,payment,217.45,M444,card,US,normal
T04977,2026-08-24 09:21:00,C008,withdrawal,75.95,SELF,atm,US,normal
T04978,2026-08-24 09:26:00,C040,deposit,540.32,SELF,branch,US,normal
T04979,2026-08-24 09:31:00,C043,deposit,389.06,SELF,branch,US,normal
T04980,2026-08-24 09:34:00,C023,payment,155.24,M257,card,US,normal
T04981,2026-08-24 09:46:00,C017,transfer,113.55,P8243,online,US,normal
T04982,2026-08-24 09:51:00,C004,transfer,112.16,P4336,online,US,normal
T04983,2026-08-24 09:53:00,C017,payment,346.82,M772,card,US,normal
T04984,2026-08-24 10:01:00,C008,payment,186.46,M180,card,US,normal
T04985,2026-08-24 10:09:00,C029,transfer,32.69,P2451,online,US,normal
T04986,2026-08-24 10:14:00,C040,payment,265.23,M872,card,US,normal
T04987,2026-08-24 10:15:00,C011,transfer,926.73,P3932,online,US,normal
T04988,2026-08-24 10:28:00,C028,payment,99.19,M616,card,US,normal
T04989,2026-08-24 10:51:00,C039,transfer,198.7,P7474,online,US,normal
T04990,2026-08-24 10:53:00,C004,transfer,108.01,P4336,online,US,normal
T04991,2026-08-24 10:55:00,C027,deposit,355.49,SELF,branch,US,normal
T04992,2026-08-24 11:18:00,C015,withdrawal,196.71,SELF,atm,US,normal
T04993,2026-08-24 11:29:00,C045,transfer,58.2,P1205,online,US,normal
T04994,2026-08-24 11:45:00,C047,payment,230.64,M363,card,US,normal
T04995,2026-08-24 11:46:00,C028,payment,89.66,M315,card,US,normal
T04996,2026-08-24 11:58:00,C005,deposit,368.37,SELF,branch,US,normal
T04997,2026-08-24 11:58:00,C037,payment,161.8,M793,card,US,normal
T04998,2026-08-24 12:12:00,C017,payment,275.43,M169,card,US,normal
T04999,2026-08-24 12:24:00,C045,payment,70.5,M101,card,US,normal
T05000,2026-08-24 12:32:00,C018,withdrawal,226.44,SELF,atm,US,normal
T05001,2026-08-24 12:38:00,C020,deposit,381.28,SELF,branch,US,normal
T05002,2026-08-24 12:39:00,C005,payment,227.59,M857,card,US,normal
T05003,2026-08-24 12:58:00,C016,payment,104.88,M810,card,US,normal
T05004,2026-08-24 13:00:00,C012,deposit,182.99,SELF,branch,US,normal
T05005,2026-08-24 13:01:00,C002,deposit,1609.45,SELF,branch,US,normal
T05006,2026-08-24 13:19:00,C042,payment,252.01,M594,card,US,normal
T05007,2026-08-24 13:23:00,C050,transfer,78.31,P3560,online,US,normal
T05008,2026-08-24 13:24:00,C040,payment,116.68,M876,card,US,normal
T05009,2026-08-24 13:30:00,C036,deposit,565.54,SELF,branch,US,normal
T05010,2026-08-24 13:37:00,C002,payment,164.79,M434,card,US,normal
T05011,2026-08-24 13:39:00,C043,payment,204.52,M149,card,US,normal
T05012,2026-08-24 13:49:00,C006,deposit,314.56,SELF,branch,US,normal
T05013,2026-08-24 13:51:00,C026,deposit,450.0,SELF,branch,US,normal
T05014,2026-08-24 13:56:00,C044,transfer,146.0,P6228,online,US,normal
T05015,2026-08-24 14:06:00,C005,transfer,194.21,P5908,online,US,normal
T05016,2026-08-24 14:26:00,C024,payment,214.97,M837,card,US,normal
T05017,2026-08-24 15:02:00,C039,payment,360.96,M731,card,US,normal
T05018,2026-08-24 15:17:00,C036,payment,70.24,M664,card,US,normal
T05019,2026-08-24 15:22:00,C015,transfer,309.87,P4916,online,US,normal
T05020,2026-08-24 15:35:00,C026,payment,264.92,M381,card,US,normal
T05021,2026-08-24 15:51:00,C042,withdrawal,449.0,SELF,atm,US,normal
T05022,2026-08-24 15:58:00,C047,payment,278.7,M247,card,US,normal
T05023,2026-08-24 16:02:00,C004,deposit,171.9,SELF,branch,US,normal
T05024,2026-08-24 16:37:00,C030,payment,73.55,M688,card,US,normal
T05025,2026-08-24 16:57:00,C030,deposit,775.1,SELF,branch,US,normal
T05026,2026-08-24 16:57:00,C014,payment,141.45,M978,card,US,normal
T05027,2026-08-24 17:13:00,C027,deposit,276.83,SELF,branch,US,normal
T05028,2026-08-24 17:15:00,C041,withdrawal,132.35,SELF,atm,US,normal
T05029,2026-08-24 17:15:00,C040,payment,98.63,M268,card,US,normal
T05030,2026-08-24 17:24:00,C023,deposit,248.66,SELF,branch,US,normal
T05031,2026-08-24 17:28:00,C019,transfer,75.76,P5549,online,US,normal
T05032,2026-08-24 17:39:00,C036,deposit,809.82,SELF,branch,US,normal
T05033,2026-08-24 18:28:00,C026,transfer,201.41,P6012,online,US,normal
T05034,2026-08-24 18:42:00,C030,withdrawal,218.38,SELF,atm,US,normal
T05035,2026-08-24 18:57:00,C024,transfer,283.03,P9932,online,US,normal
T05036,2026-08-24 19:13:00,C045,withdrawal,42.21,SELF,atm,US,normal
T05037,2026-08-24 19:15:00,C024,payment,230.65,M610,card,US,normal
T05038,2026-08-24 19:15:00,C016,deposit,913.91,SELF,branch,US,normal
T05039,2026-08-24 19:26:00,C003,payment,173.84,M406,card,US,normal
T05040,2026-08-24 19:31:00,C003,transfer,63.22,P5618,online,US,normal
T05041,2026-08-25 08:01:00,C005,transfer,71.76,P5908,online,US,normal
T05042,2026-08-25 08:41:00,C041,payment,153.09,M686,card,US,normal
T05043,2026-08-25 09:02:00,C042,withdrawal,219.86,SELF,atm,US,normal
T05044,2026-08-25 09:04:00,C017,payment,113.78,M612,card,US,normal
T05045,2026-08-25 09:30:00,C047,withdrawal,158.72,SELF,atm,US,normal
T05046,2026-08-25 09:30:00,C019,payment,113.88,M202,card,US,normal
T05047,2026-08-25 09:36:00,C044,deposit,219.89,SELF,branch,US,normal
T05048,2026-08-25 09:57:00,C047,payment,94.11,M965,card,US,normal
T05049,2026-08-25 10:31:00,C014,payment,199.51,M696,card,US,normal
T05050,2026-08-25 10:40:00,C019,payment,131.35,M625,card,US,normal
T05051,2026-08-25 10:45:00,C046,deposit,175.49,SELF,branch,US,normal
T05052,2026-08-25 10:48:00,C009,payment,65.17,M638,card,US,normal
T05053,2026-08-25 10:54:00,C048,payment,324.25,M787,card,US,normal
T05054,2026-08-25 11:02:00,C045,payment,52.45,M850,card,US,normal
T05055,2026-08-25 11:14:00,C043,transfer,244.61,P6288,online,US,normal
T05056,2026-08-25 11:15:00,C006,payment,35.9,M389,card,US,normal
T05057,2026-08-25 11:21:00,C041,deposit,203.68,SELF,branch,US,normal
T05058,2026-08-25 11:26:00,C027,payment,143.43,M979,card,US,normal
T05059,2026-08-25 11:26:00,C006,payment,71.86,M990,card,US,normal
T05060,2026-08-25 11:30:00,C012,withdrawal,31.27,SELF,atm,US,normal
T05061,2026-08-25 11:31:00,C018,transfer,193.76,P5243,online,US,normal
T05062,2026-08-25 12:02:00,C033,deposit,167.55,SELF,branch,US,normal
T05063,2026-08-25 12:06:00,C006,payment,107.63,M892,card,US,normal
T05064,2026-08-25 12:36:00,C042,deposit,529.56,SELF,branch,US,normal
T05065,2026-08-25 12:43:00,C021,payment,94.06,M659,card,US,normal
T05066,2026-08-25 12:47:00,C013,transfer,250.33,P7177,online,US,normal
T05067,2026-08-25 12:53:00,C013,withdrawal,143.95,SELF,atm,US,normal
T05068,2026-08-25 13:03:00,C042,withdrawal,531.68,SELF,atm,US,normal
T05069,2026-08-25 13:04:00,C048,payment,231.41,M984,card,US,normal
T05070,2026-08-25 13:18:00,C012,payment,165.03,M466,card,US,normal
T05071,2026-08-25 13:20:00,C026,deposit,464.66,SELF,branch,US,normal
T05072,2026-08-25 13:26:00,C007,transfer,195.49,P6684,online,US,normal
T05073,2026-08-25 14:00:00,C012,payment,87.67,M962,card,US,normal
T05074,2026-08-25 14:04:00,C031,payment,95.15,M396,card,US,normal
T05075,2026-08-25 14:31:00,C037,transfer,179.95,P7493,online,US,normal
T05076,2026-08-25 14:32:00,C038,withdrawal,95.27,SELF,atm,US,normal
T05077,2026-08-25 14:34:00,C046,withdrawal,46.58,SELF,atm,US,normal
T05078,2026-08-25 14:38:00,C002,transfer,153.88,P1847,online,US,normal
T05079,2026-08-25 14:55:00,C031,deposit,400.77,SELF,branch,US,normal
T05080,2026-08-25 15:03:00,C041,withdrawal,29.6,SELF,atm,US,normal
T05081,2026-08-25 15:09:00,C024,withdrawal,194.59,SELF,atm,US,normal
T05082,2026-08-25 15:12:00,C019,withdrawal,118.64,SELF,atm,US,normal
T05083,2026-08-25 15:13:00,C030,deposit,501.13,SELF,branch,US,normal
T05084,2026-08-25 15:17:00,C033,transfer,79.56,P4296,online,US,normal
T05085,2026-08-25 15:27:00,C017,payment,302.81,M874,card,US,normal
T05086,2026-08-25 15:42:00,C027,payment,98.54,M834,card,US,normal
T05087,2026-08-25 15:44:00,C028,payment,93.65,M485,card,US,normal
T05088,2026-08-25 15:51:00,C027,payment,190.69,M262,card,US,normal
T05089,2026-08-25 16:01:00,C042,withdrawal,436.24,SELF,atm,US,normal
T05090,2026-08-25 16:26:00,C007,payment,254.03,M174,card,US,normal
T05091,2026-08-25 16:28:00,C024,payment,308.99,M547,card,US,normal
T05092,2026-08-25 16:44:00,C028,payment,149.02,M681,card,US,normal
T05093,2026-08-25 16:45:00,C004,payment,87.58,M404,card,US,normal
T05094,2026-08-25 16:52:00,C022,payment,238.4,M748,card,US,normal
T05095,2026-08-25 17:08:00,C038,withdrawal,114.28,SELF,atm,US,normal
T05096,2026-08-25 17:16:00,C002,transfer,276.94,P1847,online,US,normal
T05097,2026-08-25 17:27:00,C049,deposit,1010.94,SELF,branch,US,normal
T05098,2026-08-25 17:45:00,C041,payment,31.4,M116,card,US,normal
T05099,2026-08-25 18:06:00,C018,payment,136.14,M386,card,US,normal
T05100,2026-08-25 18:13:00,C047,deposit,800.06,SELF,branch,US,normal
T05101,2026-08-25 18:13:00,C046,payment,108.61,M287,card,US,normal
T05102,2026-08-25 18:24:00,C016,payment,146.05,M867,card,US,normal
T05103,2026-08-25 18:27:00,C021,deposit,121.34,SELF,branch,US,normal
T05104,2026-08-25 18:31:00,C043,payment,132.15,M927,card,US,normal
T05105,2026-08-25 18:48:00,C046,deposit,138.15,SELF,branch,US,normal
T05106,2026-08-25 18:50:00,C003,transfer,241.45,P7456,online,US,normal
T05107,2026-08-25 19:46:00,C010,deposit,466.92,SELF,branch,US,normal
T05108,2026-08-25 19:56:00,C019,payment,52.46,M907,card,US,normal
T05109,2026-08-25 19:57:00,C001,payment,156.54,M897,card,US,normal
T05110,2026-08-26 08:02:00,C013,payment,124.8,M645,card,US,normal
T05111,2026-08-26 08:19:00,C019,transfer,59.8,P1335,online,US,normal
T05112,2026-08-26 08:23:00,C012,payment,63.43,M822,card,US,normal
T05113,2026-08-26 09:30:00,C044,transfer,112.19,P9906,online,US,normal
T05114,2026-08-26 10:04:00,C008,deposit,414.97,SELF,branch,US,normal
T05115,2026-08-26 10:18:00,C021,transfer,36.28,P6170,online,US,normal
T05116,2026-08-26 10:26:00,C031,payment,245.73,M873,card,US,normal
T05117,2026-08-26 10:31:00,C017,payment,339.32,M519,card,US,normal
T05118,2026-08-26 10:33:00,C050,payment,143.26,M715,card,US,normal
T05119,2026-08-26 10:54:00,C003,payment,106.87,M829,card,US,normal
T05120,2026-08-26 10:57:00,C049,payment,204.73,M443,card,US,normal
T05121,2026-08-26 10:58:00,C020,withdrawal,549.51,SELF,atm,US,normal
T05122,2026-08-26 11:22:00,C012,payment,168.53,M997,card,US,normal
T05123,2026-08-26 11:22:00,C014,transfer,53.78,P4933,online,US,normal
T05124,2026-08-26 11:56:00,C047,payment,228.96,M486,card,US,normal
T05125,2026-08-26 12:08:00,C033,withdrawal,112.31,SELF,atm,US,normal
T05126,2026-08-26 12:14:00,C041,transfer,68.36,P4741,online,US,normal
T05127,2026-08-26 12:29:00,C038,payment,207.12,M816,card,US,normal
T05128,2026-08-26 12:33:00,C044,deposit,366.51,SELF,branch,US,normal
T05129,2026-08-26 12:36:00,C046,deposit,213.84,SELF,branch,US,normal
T05130,2026-08-26 13:03:00,C031,payment,294.82,M525,card,US,normal
T05131,2026-08-26 13:04:00,C048,payment,126.19,M798,card,US,normal
T05132,2026-08-26 13:22:00,C029,deposit,137.93,SELF,branch,US,normal
T05133,2026-08-26 13:34:00,C037,deposit,822.26,SELF,branch,US,normal
T05134,2026-08-26 13:38:00,C030,payment,151.49,M280,card,US,normal
T05135,2026-08-26 13:38:00,C020,deposit,475.83,SELF,branch,US,normal
T05136,2026-08-26 13:48:00,C007,withdrawal,228.44,SELF,atm,US,normal
T05137,2026-08-26 13:54:00,C044,deposit,277.06,SELF,branch,US,normal
T05138,2026-08-26 13:59:00,C021,payment,42.09,M699,card,US,normal
T05139,2026-08-26 14:09:00,C027,deposit,547.41,SELF,branch,US,normal
T05140,2026-08-26 14:33:00,C031,payment,146.06,M186,card,US,normal
T05141,2026-08-26 15:24:00,C023,payment,116.0,M616,card,US,normal
T05142,2026-08-26 15:38:00,C047,payment,235.11,M411,card,US,normal
T05143,2026-08-26 15:39:00,C049,payment,253.67,M881,card,US,normal
T05144,2026-08-26 15:40:00,C033,payment,126.83,M163,card,US,normal
T05145,2026-08-26 15:43:00,C031,deposit,784.45,SELF,branch,US,normal
T05146,2026-08-26 15:43:00,C050,payment,223.61,M662,card,US,normal
T05147,2026-08-26 16:08:00,C045,transfer,77.0,P3652,online,US,normal
T05148,2026-08-26 16:32:00,C041,payment,55.28,M887,card,US,normal
T05149,2026-08-26 17:02:00,C027,payment,327.82,M740,card,US,normal
T05150,2026-08-26 17:09:00,C007,withdrawal,165.56,SELF,atm,US,normal
T05151,2026-08-26 17:23:00,C016,transfer,59.67,P3155,online,US,normal
T05152,2026-08-26 17:25:00,C023,deposit,484.37,SELF,branch,US,normal
T05153,2026-08-26 17:33:00,C001,deposit,270.21,SELF,branch,US,normal
T05154,2026-08-26 17:42:00,C026,payment,223.88,M810,card,US,normal
T05155,2026-08-26 17:54:00,C020,deposit,1653.94,SELF,branch,US,normal
T05156,2026-08-26 18:04:00,C038,withdrawal,101.54,SELF,atm,US,normal
T05157,2026-08-26 18:06:00,C034,payment,91.35,M444,card,US,normal
T05158,2026-08-26 18:09:00,C027,deposit,299.77,SELF,branch,US,normal
T05159,2026-08-26 18:44:00,C015,transfer,255.37,P8489,online,US,normal
T05160,2026-08-26 18:54:00,C029,withdrawal,57.56,SELF,atm,US,normal
T05161,2026-08-26 18:56:00,C006,deposit,240.08,SELF,branch,US,normal
T05162,2026-08-26 19:05:00,C050,payment,100.43,M951,card,US,normal
T05163,2026-08-26 19:15:00,C039,payment,210.94,M515,card,US,normal
T05164,2026-08-26 19:17:00,C019,transfer,93.44,P2258,online,US,normal
T05165,2026-08-26 19:19:00,C024,payment,372.83,M111,card,US,normal
T05166,2026-08-26 19:29:00,C019,withdrawal,75.73,SELF,atm,US,normal
T05167,2026-08-26 19:30:00,C033,transfer,3632.05,X2846,online,KY,large_new_foreign
T05168,2026-08-26 19:45:00,C048,deposit,501.59,SELF,branch,US,normal
T05169,2026-08-26 19:52:00,C013,payment,140.95,M584,card,US,normal
T05170,2026-08-27 08:01:00,C006,withdrawal,79.3,SELF,atm,US,normal
T05171,2026-08-27 08:01:00,C003,withdrawal,251.55,SELF,atm,US,normal
T05172,2026-08-27 08:08:00,C049,withdrawal,144.32,SELF,atm,US,normal
T05173,2026-08-27 08:21:00,C026,deposit,681.4,SELF,branch,US,normal
T05174,2026-08-27 09:22:00,C003,payment,243.63,M268,card,US,normal
T05175,2026-08-27 09:32:00,C012,deposit,482.09,SELF,branch,US,normal
T05176,2026-08-27 09:43:00,C016,transfer,174.79,P3155,online,US,normal
T05177,2026-08-27 09:55:00,C017,payment,209.74,M961,card,US,normal
T05178,2026-08-27 10:05:00,C014,deposit,262.79,SELF,branch,US,normal
T05179,2026-08-27 10:08:00,C027,transfer,264.72,P4657,online,US,normal
T05180,2026-08-27 10:10:00,C032,deposit,47782.23,SELF,wire,US,dormant_spike
T05181,2026-08-27 10:26:00,C033,transfer,64.35,P9176,online,US,normal
T05182,2026-08-27 10:34:00,C037,payment,184.27,M202,card,US,normal
T05183,2026-08-27 10:36:00,C026,payment,120.35,M634,card,US,normal
T05184,2026-08-27 10:41:00,C023,transfer,113.58,P4127,online,US,normal
T05185,2026-08-27 10:47:00,C033,deposit,166.82,SELF,branch,US,normal
T05186,2026-08-27 11:06:00,C031,payment,141.01,M790,card,US,normal
T05187,2026-08-27 11:19:00,C042,payment,266.12,M313,card,US,normal
T05188,2026-08-27 11:24:00,C050,payment,95.59,M310,card,US,normal
T05189,2026-08-27 11:38:00,C049,transfer,276.51,P9583,online,US,normal
T05190,2026-08-27 11:44:00,C047,payment,120.08,M340,card,US,normal
T05191,2026-08-27 11:56:00,C046,payment,31.96,M872,card,US,normal
T05192,2026-08-27 12:13:00,C029,deposit,219.31,SELF,branch,US,normal
T05193,2026-08-27 12:26:00,C034,deposit,491.02,SELF,branch,US,normal
T05194,2026-08-27 12:43:00,C050,withdrawal,82.71,SELF,atm,US,normal
T05195,2026-08-27 12:45:00,C026,payment,147.34,M665,card,US,normal
T05196,2026-08-27 12:55:00,C011,payment,514.75,M303,card,US,normal
T05197,2026-08-27 13:07:00,C038,payment,171.67,M124,card,US,normal
T05198,2026-08-27 13:42:00,C035,withdrawal,156.68,SELF,atm,US,normal
T05199,2026-08-27 13:47:00,C011,payment,1586.38,M376,card,US,normal
T05200,2026-08-27 14:54:00,C040,deposit,387.88,SELF,branch,US,normal
T05201,2026-08-27 14:57:00,C026,payment,134.58,M887,card,US,normal
T05202,2026-08-27 15:06:00,C027,payment,159.44,M874,card,US,normal
T05203,2026-08-27 15:23:00,C023,payment,135.54,M359,card,US,normal
T05204,2026-08-27 15:46:00,C006,payment,113.81,M838,card,US,normal
T05205,2026-08-27 15:47:00,C001,transfer,208.08,P4949,online,US,normal
T05206,2026-08-27 16:03:00,C014,payment,84.64,M241,card,US,normal
T05207,2026-08-27 16:17:00,C021,deposit,163.3,SELF,branch,US,normal
T05208,2026-08-27 16:41:00,C007,deposit,828.42,SELF,branch,US,normal
T05209,2026-08-27 16:51:00,C008,transfer,133.19,P4190,online,US,normal
T05210,2026-08-27 17:07:00,C009,payment,79.72,M846,card,US,normal
T05211,2026-08-27 17:11:00,C019,withdrawal,115.04,SELF,atm,US,normal
T05212,2026-08-27 17:23:00,C031,payment,113.19,M359,card,US,normal
T05213,2026-08-27 17:37:00,C024,payment,268.84,M164,card,US,normal
T05214,2026-08-27 17:40:00,C047,deposit,2017.58,SELF,branch,US,normal
T05215,2026-08-27 17:56:00,C015,transfer,166.14,P4916,online,US,normal
T05216,2026-08-27 18:00:00,C001,payment,204.91,M411,card,US,normal
T05217,2026-08-27 18:08:00,C047,payment,260.75,M189,card,US,normal
T05218,2026-08-27 18:10:00,C014,deposit,270.72,SELF,branch,US,normal
T05219,2026-08-27 18:14:00,C028,withdrawal,138.94,SELF,atm,US,normal
T05220,2026-08-27 18:14:00,C001,transfer,133.93,P4949,online,US,normal
T05221,2026-08-27 18:16:00,C025,deposit,52352.36,SELF,wire,US,dormant_spike
T05222,2026-08-27 18:19:00,C010,transfer,410.41,P7146,online,US,normal
T05223,2026-08-27 18:21:00,C014,payment,73.36,M343,card,US,normal
T05224,2026-08-27 18:32:00,C019,withdrawal,103.42,SELF,atm,US,normal
T05225,2026-08-27 18:37:00,C017,payment,173.42,M938,card,US,normal
T05226,2026-08-27 18:46:00,C040,transfer,86.54,P1852,online,US,normal
T05227,2026-08-27 18:49:00,C020,transfer,338.54,P7014,online,US,normal
T05228,2026-08-27 18:51:00,C034,deposit,285.2,SELF,branch,US,normal
T05229,2026-08-27 18:52:00,C019,payment,138.74,M621,card,US,normal
T05230,2026-08-27 18:57:00,C010,deposit,555.58,SELF,branch,US,normal
T05231,2026-08-27 19:24:00,C011,payment,476.91,M124,card,US,normal
T05232,2026-08-27 19:43:00,C048,deposit,555.16,SELF,branch,US,normal
T05233,2026-08-28 08:05:00,C028,transfer,139.0,P1955,online,US,normal
T05234,2026-08-28 08:15:00,C016,payment,219.24,M735,card,US,normal
T05235,2026-08-28 08:25:00,C039,payment,138.2,M318,card,US,normal
T05236,2026-08-28 08:52:00,C033,payment,122.4,M909,card,US,normal
T05237,2026-08-28 09:17:00,C038,payment,269.83,M919,card,US,normal
T05238,2026-08-28 09:26:00,C003,deposit,474.84,SELF,branch,US,normal
T05239,2026-08-28 09:59:00,C049,payment,166.56,M617,card,US,normal
T05240,2026-08-28 09:59:00,C045,payment,44.53,M989,card,US,normal
T05241,2026-08-28 10:01:00,C048,payment,246.05,M792,card,US,normal
T05242,2026-08-28 10:02:00,C024,payment,155.44,M537,card,US,normal
T05243,2026-08-28 10:09:00,C018,payment,163.11,M751,card,US,normal
T05244,2026-08-28 10:29:00,C004,deposit,349.62,SELF,branch,US,normal
T05245,2026-08-28 10:47:00,C037,transfer,269.62,P2821,online,US,normal
T05246,2026-08-28 10:59:00,C037,payment,118.38,M873,card,US,normal
T05247,2026-08-28 11:08:00,C024,payment,311.68,M366,card,US,normal
T05248,2026-08-28 11:26:00,C019,payment,95.11,M388,card,US,normal
T05249,2026-08-28 11:30:00,C033,deposit,281.16,SELF,branch,US,normal
T05250,2026-08-28 11:34:00,C031,transfer,127.08,P3713,online,US,normal
T05251,2026-08-28 11:48:00,C001,withdrawal,144.65,SELF,atm,US,normal
T05252,2026-08-28 11:54:00,C041,withdrawal,54.31,SELF,atm,US,normal
T05253,2026-08-28 12:17:00,C014,transfer,81.72,P4933,online,US,normal
T05254,2026-08-28 13:03:00,C036,transfer,103.82,P5022,online,US,normal
T05255,2026-08-28 13:18:00,C006,transfer,72.25,P8990,online,US,normal
T05256,2026-08-28 13:30:00,C042,transfer,346.88,P3968,online,US,normal
T05257,2026-08-28 13:45:00,C036,transfer,96.33,P1867,online,US,normal
T05258,2026-08-28 13:47:00,C003,payment,148.54,M411,card,US,normal
T05259,2026-08-28 13:53:00,C048,transfer,186.17,P6144,online,US,normal
T05260,2026-08-28 13:58:00,C034,withdrawal,148.28,SELF,atm,US,normal
T05261,2026-08-28 13:59:00,C007,payment,227.13,M641,card,US,normal
T05262,2026-08-28 14:02:00,C031,payment,61.97,M203,card,US,normal
T05263,2026-08-28 14:23:00,C017,deposit,607.7,SELF,branch,US,normal
T05264,2026-08-28 14:27:00,C040,payment,219.82,M488,card,US,normal
T05265,2026-08-28 14:34:00,C018,deposit,668.36,SELF,branch,US,normal
T05266,2026-08-28 14:34:00,C020,payment,363.55,M926,card,US,normal
T05267,2026-08-28 14:36:00,C010,payment,143.98,M671,card,US,normal
T05268,2026-08-28 14:42:00,C003,deposit,391.0,SELF,branch,US,normal
T05269,2026-08-28 15:13:00,C050,deposit,333.52,SELF,branch,US,normal
T05270,2026-08-28 15:17:00,C016,deposit,539.68,SELF,branch,US,normal
T05271,2026-08-28 15:20:00,C019,deposit,355.46,SELF,branch,US,normal
T05272,2026-08-28 15:30:00,C037,payment,122.1,M813,card,US,normal
T05273,2026-08-28 15:30:00,C009,transfer,127.19,P5200,online,US,normal
T05274,2026-08-28 16:15:00,C024,payment,256.67,M984,card,US,normal
T05275,2026-08-28 16:16:00,C044,payment,131.69,M268,card,US,normal
T05276,2026-08-28 16:37:00,C004,payment,69.41,M165,card,US,normal
T05277,2026-08-28 17:05:00,C006,payment,105.1,M757,card,US,normal
T05278,2026-08-28 17:06:00,C026,payment,122.72,M839,card,US,normal
T05279,2026-08-28 17:26:00,C029,deposit,253.04,SELF,branch,US,normal
T05280,2026-08-28 17:46:00,C015,transfer,348.66,P8242,online,US,normal
T05281,2026-08-28 17:52:00,C013,transfer,85.32,P5280,online,US,normal
T05282,2026-08-28 17:53:00,C031,payment,164.54,M762,card,US,normal
T05283,2026-08-28 17:59:00,C008,deposit,1069.96,SELF,branch,US,normal
T05284,2026-08-28 18:23:00,C025,transfer,44415.49,X8195,online,US,dormant_spike
T05285,2026-08-28 18:48:00,C029,withdrawal,159.45,SELF,atm,US,normal
T05286,2026-08-28 18:49:00,C036,payment,143.53,M842,card,US,normal
T05287,2026-08-28 18:52:00,C032,transfer,54742.02,X5912,online,US,dormant_spike
T05288,2026-08-28 19:06:00,C048,payment,121.04,M146,card,US,normal
T05289,2026-08-28 19:16:00,C013,transfer,82.64,P7177,online,US,normal
T05290,2026-08-28 19:36:00,C045,deposit,244.3,SELF,branch,US,normal
T05291,2026-08-28 19:36:00,C043,payment,480.49,M982,card,US,normal
T05292,2026-08-28 19:39:00,C027,deposit,464.15,SELF,branch,US,normal
T05293,2026-08-28 19:51:00,C036,payment,81.22,M995,card,US,normal
T05294,2026-08-28 19:56:00,C004,payment,141.8,M138,card,US,normal
T05295,2026-08-29 08:02:00,C027,payment,79.68,M873,card,US,normal
T05296,2026-08-29 08:14:00,C046,transfer,66.98,P5340,online,US,normal
T05297,2026-08-29 08:16:00,C047,payment,433.38,M535,card,US,normal
T05298,2026-08-29 08:51:00,C021,payment,56.79,M237,card,US,normal
T05299,2026-08-29 08:51:00,C022,transfer,200.37,P8153,online,US,normal
T05300,2026-08-29 09:02:00,C001,transfer,161.5,P8726,online,US,normal
T05301,2026-08-29 09:08:00,C042,payment,168.91,M403,card,US,normal
T05302,2026-08-29 09:40:00,C028,deposit,696.69,SELF,branch,US,normal
T05303,2026-08-29 09:46:00,C022,payment,121.1,M664,card,US,normal
T05304,2026-08-29 09:59:00,C017,deposit,544.71,SELF,branch,US,normal
T05305,2026-08-29 10:05:00,C016,payment,214.45,M883,card,US,normal
T05306,2026-08-29 10:11:00,C028,payment,47.88,M244,card,US,normal
T05307,2026-08-29 10:11:00,C043,payment,231.4,M418,card,US,normal
T05308,2026-08-29 10:38:00,C044,withdrawal,60.16,SELF,atm,US,normal
T05309,2026-08-29 10:56:00,C034,payment,111.05,M185,card,US,normal
T05310,2026-08-29 10:59:00,C012,transfer,181.34,P5225,online,US,normal
T05311,2026-08-29 11:00:00,C033,payment,86.27,M937,card,US,normal
T05312,2026-08-29 11:12:00,C028,payment,109.66,M350,card,US,normal
T05313,2026-08-29 11:14:00,C017,payment,306.83,M586,card,US,normal
T05314,2026-08-29 11:17:00,C036,payment,169.12,M175,card,US,normal
T05315,2026-08-29 12:09:00,C021,withdrawal,49.17,SELF,atm,US,normal
T05316,2026-08-29 12:21:00,C038,payment,225.6,M239,card,US,normal
T05317,2026-08-29 12:44:00,C036,deposit,470.02,SELF,branch,US,normal
T05318,2026-08-29 12:52:00,C049,payment,158.98,M471,card,US,normal
T05319,2026-08-29 12:53:00,C018,withdrawal,252.21,SELF,atm,US,normal
T05320,2026-08-29 13:10:00,C006,deposit,218.18,SELF,branch,US,normal
T05321,2026-08-29 13:20:00,C002,withdrawal,352.27,SELF,atm,US,normal
T05322,2026-08-29 13:31:00,C017,withdrawal,295.88,SELF,atm,US,normal
T05323,2026-08-29 13:36:00,C045,transfer,43.75,P6317,online,US,normal
T05324,2026-08-29 13:37:00,C023,payment,136.45,M348,card,US,normal
T05325,2026-08-29 13:50:00,C021,withdrawal,48.6,SELF,atm,US,normal
T05326,2026-08-29 14:05:00,C010,transfer,141.52,P7689,online,US,normal
T05327,2026-08-29 14:13:00,C031,deposit,287.47,SELF,branch,US,normal
T05328,2026-08-29 14:14:00,C016,payment,100.2,M804,card,US,normal
T05329,2026-08-29 14:28:00,C048,deposit,806.2,SELF,branch,US,normal
T05330,2026-08-29 14:41:00,C006,transfer,112.71,P5990,online,US,normal
T05331,2026-08-29 14:57:00,C018,transfer,151.42,P5243,online,US,normal
T05332,2026-08-29 15:19:00,C001,transfer,324.47,P4896,online,US,normal
T05333,2026-08-29 15:37:00,C004,transfer,98.18,P4336,online,US,normal
T05334,2026-08-29 15:42:00,C048,deposit,764.4,SELF,branch,US,normal
T05335,2026-08-29 16:39:00,C036,payment,122.47,M762,card,US,normal
T05336,2026-08-29 16:49:00,C002,deposit,1444.71,SELF,branch,US,normal
T05337,2026-08-29 17:03:00,C020,payment,438.13,M515,card,US,normal
T05338,2026-08-29 17:48:00,C028,transfer,68.7,P4008,online,US,normal
T05339,2026-08-29 18:11:00,C040,withdrawal,75.8,SELF,atm,US,normal
T05340,2026-08-29 18:47:00,C010,payment,167.16,M201,card,US,normal
T05341,2026-08-29 19:13:00,C044,withdrawal,65.36,SELF,atm,US,normal
T05342,2026-08-29 19:19:00,C021,deposit,112.31,SELF,branch,US,normal
T05343,2026-08-29 19:36:00,C022,withdrawal,186.39,SELF,atm,US,normal
